Date,Rh1,Rh2,Tmax,Tmin,Rainfall
1/1/1999,98.4,56.3,20.2,0.3,0
1/2/1999,100,56.6,21,0.8,0
1/3/1999,100,46.8,23.6,0.5,0
1/4/1999,98.4,47,22.2,1.2,0
1/5/1999,96.9,54.9,21.7,1,0
1/6/1999,96.8,58.3,21,0.2,0
1/7/1999,100,75,13.6,0.8,0
1/8/1999,100,52.3,20.1,1,0
1/9/1999,100,61.6,14.8,2.3,0
1/10/1999,100,58.8,17.1,1.2,0
1/11/1999,100,57.3,20.4,-2,0
1/12/1999,100,42.9,21,-1.4,0
1/13/1999,100,48.6,20.2,-0.2,0
1/14/1999,98.4,49.3,21,-0.9,0
1/15/1999,98.4,50.2,21.1,0,0
1/16/1999,100,50.2,21,0.5,0
1/17/1999,96.9,45.6,21,1.1,0
1/18/1999,82.6,49.7,21.7,1.4,0
1/19/1999,91.1,49.2,21.5,1.2,0
1/20/1999,100,48.2,21.5,1.2,0
1/21/1999,98.5,45.3,23,2.2,0
1/22/1999,98.6,41,23,2.1,0
1/23/1999,98.4,41.3,24.4,1.4,0
1/24/1999,81.4,41.2,23.5,2.6,0
1/25/1999,100,46.2,24.3,2.7,0
1/26/1999,100,46.3,22.6,3.2,0
1/27/1999,91.4,54.5,23.2,2.2,0
1/28/1999,100,59.1,22.2,2.6,0
1/29/1999,100,54.7,16,8.3,3.6
1/30/1999,100,49.6,21.2,1.7,0.6
1/31/1999,100,52.5,22.5,1.4,0
2/1/1999,100,51.2,22,1,0
2/2/1999,98.6,54.6,16.2,3.8,0
2/3/1999,100,52.3,20.4,2.5,0
2/4/1999,91.4,39.3,24,2.5,0
2/5/1999,76.1,31.3,25.2,7,0
2/6/1999,100,29.3,23.8,3.6,0
2/7/1999,98.6,48.4,24.5,2.8,0
2/8/1999,100,55.3,24.4,4.3,0
2/9/1999,95.3,51.8,25.6,8.1,0
2/10/1999,88.5,49.1,26.6,7.7,0
2/11/1999,97.6,38.6,27,6.1,0
2/12/1999,93.8,38.6,28.7,5.9,0
2/13/1999,97.4,26.9,28.5,5.2,0
2/14/1999,93.8,38.8,28.4,5.4,0
2/15/1999,90.3,53,26.6,6.7,0
2/16/1999,100,68.8,28.2,7.3,0
2/17/1999,98.7,24.5,29,5,0
2/18/1999,92.4,39.4,28.2,5.2,0
2/19/1999,97.5,40.3,27.2,5.7,0
2/20/1999,100,35.8,27,5.2,0
2/21/1999,90.6,54.7,26.4,8.9,0
2/22/1999,88.4,58.1,27.1,7,0
2/23/1999,93,58.1,25.5,7.9,0
2/24/1999,100,49.3,26.9,7.9,0
2/25/1999,87.3,43.3,25.1,8.7,0
2/26/1999,83.8,64.7,25.7,10.2,0
2/27/1999,95.5,44.7,25.2,9,4.2
2/28/1999,87.9,36.9,26,6,0
3/1/1999,87.2,32.5,24.8,3.6,0
3/2/1999,87.4,50.5,25.8,4.1,0
3/3/1999,81.9,46.1,27.2,6.8,0
3/4/1999,95.2,47.4,28.2,7.6,0
3/5/1999,82.9,54.3,28.1,8.2,0
3/6/1999,97.6,47.6,29.2,8.8,0
3/7/1999,98.9,50,29,9.5,0
3/8/1999,91.5,37,31,10.3,0
3/9/1999,71.4,30.7,31.1,8.7,0
3/10/1999,72.8,16.6,31,8.2,0
3/11/1999,50.6,20.9,29.5,7.1,0
3/12/1999,52,26.5,29.1,6.3,0
3/13/1999,63.1,26.4,28.1,5.5,0
3/14/1999,64.3,38.4,28,4.1,0
3/15/1999,73.9,48.9,25,6.4,0
3/16/1999,78.4,48,26.4,7.5,0
3/17/1999,76.9,25.6,29.5,7.4,0
3/18/1999,54,21.8,30,6.8,0
3/19/1999,62.4,37.6,30.2,6.3,0
3/20/1999,68.1,27.6,29.7,6.6,0
3/21/1999,69.9,36.5,28.7,4.8,0
3/22/1999,71,35.5,27,6,0
3/23/1999,77.1,40.3,27,5.7,0
3/24/1999,73.1,44.7,27.5,7.2,0
3/25/1999,76,30.4,28.5,8.5,0
3/26/1999,74.9,31.4,28.6,8.6,0
3/27/1999,61.4,55,27,7.7,0
3/28/1999,69.7,43.9,27.5,8,0
3/29/1999,74.3,45,28,11.2,0
3/30/1999,71.1,51.7,26.6,10.5,0
3/31/1999,73.8,54.1,29,13,0
4/1/1999,73.3,48.3,32,12.3,0
4/2/1999,76.9,30.1,32,12.8,0
4/3/1999,73.3,22.7,33,10.5,0
4/4/1999,57.2,20.6,33.2,12,0
4/5/1999,60.2,29.5,32.3,10.5,0
4/6/1999,42,35.6,30.3,8.6,0
4/7/1999,66.7,42.5,29.8,10.6,0
4/8/1999,69.9,70,29.2,13.3,0
4/9/1999,45,43.2,27.5,12,6
4/10/1999,81.4,55.6,28.6,14.8,0
4/11/1999,74.6,57.3,29.9,14.6,0
4/12/1999,80.9,54.9,30,16.2,0
4/13/1999,78.7,56.1,32.5,18.9,0
4/14/1999,75.8,40.9,33.8,16.6,0
4/15/1999,59.9,32.9,34.4,14.5,0
4/16/1999,64.6,24,32.1,11.9,0
4/17/1999,55.8,24.8,31.1,9.7,0
4/18/1999,61.4,28.5,30,10.3,0
4/19/1999,53.7,38.2,29.5,10.2,0
4/20/1999,64.8,42,30.6,12.7,0
4/21/1999,70.4,50.4,31.8,15.9,0
4/22/1999,69.6,58.9,32.7,17.6,0
4/23/1999,73.9,58.7,33.5,17.6,0
4/24/1999,62.5,52,34.5,16.2,0
4/25/1999,61.1,41.4,34,15.6,0
4/26/1999,58.3,41.5,35.6,15.6,0
4/27/1999,57,45.1,34.7,16.5,0
4/28/1999,67.1,39.8,35,16.6,0
4/29/1999,57.3,59.9,34.5,15.7,0
4/30/1999,72.9,61.5,32.5,16.7,0
5/1/1999,90.7,58.5,33.2,13.8,1.5
5/2/1999,85.9,43.8,32,13.4,7.2
5/3/1999,75,52.8,33.4,15.8,0
5/4/1999,83,62.3,33.8,17.6,T
5/5/1999,68.1,62.8,32.1,17.4,T
5/6/1999,69.7,65.4,31.2,19.5,T
5/7/1999,88,65.8,29.8,18.6,T
5/8/1999,71,57.6,32.5,19.5,T
5/9/1999,67.5,59,31.1,14.5,6.8
5/10/1999,77.6,74.5,26.6,17.5,T
5/11/1999,82,54.7,26,15.9,6.1
5/12/1999,89.5,69.7,26.3,16.4,2.4
5/13/1999,78.4,69.4,24.8,13.7,5
5/14/1999,91.6,59.7,24.6,15.6,0.7
5/15/1999,77.3,78,26.9,15,T
5/16/1999,74.3,62.6,28.1,12.6,2.8
5/17/1999,81,54.9,30.1,16.5,0
5/18/1999,67.5,62.8,30,15.8,4.6
5/19/1999,73.9,57.7,29.4,15.6,9.8
5/20/1999,80.3,80,27,16.3,12.4
5/21/1999,87.9,75.8,28.7,17.8,T
5/22/1999,86.4,68.8,27.8,18.8,0.2
5/23/1999,83.3,71,29.5,19.3,4.3
5/24/1999,94.8,71.1,29.5,20.3,13.8
5/25/1999,73.8,71.6,30.5,18.4,9.5
5/26/1999,74,88.2,28.6,20.8,T
5/27/1999,73.8,72.3,28.8,20.1,16.6
5/28/1999,83.4,75.5,27.6,19.7,0.2
5/29/1999,88.2,69.2,28.9,19,2.6
5/30/1999,76.1,53.5,29.6,18.5,0
5/31/1999,71.3,41.7,31.1,16.4,0
6/1/1999,56.5,39.9,31.4,17.7,0
6/2/1999,63.8,49.7,31.2,15.2,0
6/3/1999,58.9,86.4,29,14.7,1.5
6/4/1999,74.3,49.1,29.5,13.7,5
6/5/1999,68,52.1,30.6,14.7,0
6/6/1999,61.3,66.9,31.6,15.3,0
6/7/1999,66.5,75.3,31.6,17.6,0.4
6/8/1999,71.6,70,33,18.1,T
6/9/1999,78.3,57.9,31.9,20.4,0
6/10/1999,89.7,68.8,29.8,19.5,5.9
6/11/1999,82.3,86,28.7,20.4,0
6/12/1999,94.6,90.8,21.5,18.5,2.4
6/13/1999,98.1,80.9,24.8,18.5,44.4
6/14/1999,76.3,67,30.1,17.7,18
6/15/1999,77.1,83.4,30.5,20.9,0
6/16/1999,88.3,93.4,30,20.1,11.4
6/17/1999,83.7,75.1,29.7,19.8,30.7
6/18/1999,83.8,85.6,28.4,20.1,0
6/19/1999,87.1,75.5,29.9,19.8,10
6/20/1999,73.6,73.5,29.6,20,T
6/21/1999,80.9,88.5,29.1,20.8,2.6
6/22/1999,89.9,78.7,28.1,20.4,10.3
6/23/1999,91.6,90.9,27.4,20.3,8.8
6/24/1999,90.9,88.4,28.6,20.2,8.8
6/25/1999,88.3,73.6,28.5,19.7,25.9
6/26/1999,89.8,77.4,27,21,T
6/27/1999,96.6,93.2,26.6,21,1.2
6/28/1999,96.2,96.3,20.4,18.7,99.4
6/29/1999,81.9,70.4,30,17.9,22.6
6/30/1999,91.5,84.4,28.5,20,6.3
7/1/1999,88.6,96.6,27.3,20.7,0.2
7/2/1999,96.4,98.2,21.8,20.3,28.4
7/3/1999,100,81.6,24.8,19.2,84.6
7/4/1999,100,77.5,26.8,19.1,41.6
7/5/1999,88.3,77.3,29.5,19.6,5
7/6/1999,76.5,83.6,30,19.4,0
7/7/1999,83.6,65.8,30.4,20.1,4.4
7/8/1999,84.6,82.2,29.3,21,0.2
7/9/1999,91.6,82.3,28.8,20.9,6.9
7/10/1999,89.4,85.2,27.9,20.4,7.8
7/11/1999,93.1,89.9,24.5,20.2,4.7
7/12/1999,88,79.4,27.6,19.6,6
7/13/1999,85.3,76.3,30.2,20,0.2
7/14/1999,86.4,85.7,28.5,19.9,0.3
7/15/1999,85.9,83.9,29.5,20.8,1.8
7/16/1999,88.3,85.6,27,19.9,1
7/17/1999,94.9,94.8,28.2,19.8,3.6
7/18/1999,93.1,91.8,28,19.8,51.8
7/19/1999,78.8,84.1,28.4,20.1,5.2
7/20/1999,82.4,89.4,30,19,24.4
7/21/1999,83.9,80,29,20.1,47.3
7/22/1999,80.5,88.1,28.9,19.9,T
7/23/1999,90,88.6,28.7,20.6,7.9
7/24/1999,86.9,90,26.9,20.3,29.3
7/25/1999,83.8,91.6,29.4,19.3,47
7/26/1999,86.2,85.2,23,19.3,16.6
7/27/1999,94.8,79.2,28.3,19.6,23.8
7/28/1999,93,91.7,28.2,20,27
7/29/1999,88.5,84.7,28.6,20,3.2
7/30/1999,79.8,85.4,29.5,20,T
7/31/1999,94,74.1,29.2,20,5
8/1/1999,77.2,78.3,32.1,19.5,0
8/2/1999,91.4,84.8,30.4,19.5,29.8
8/3/1999,84.1,75.6,30.7,20.4,T
8/4/1999,88.5,85.5,29.6,21,T
8/5/1999,91.6,76.4,29.1,20,37.4
8/6/1999,80.5,79.7,29.5,19.6,21.6
8/7/1999,82.7,81.4,29.5,21,T
8/8/1999,77.1,81,28.5,21,T
8/9/1999,91.6,88.2,28,21,7.6
8/10/1999,80.9,82.6,28,19.5,0.2
8/11/1999,90.1,91.8,27.7,20.3,3.4
8/12/1999,77.3,91.6,26.4,20.7,4.2
8/13/1999,93.1,93.1,24,19.7,26.2
8/14/1999,98.2,94.8,23.4,19.5,14.6
8/15/1999,93,85.4,27,19.5,6.8
8/16/1999,89.9,69.1,28.5,19.7,T
8/17/1999,85,83.9,29.5,19.2,0
8/18/1999,98.2,86,27.4,19.7,32.8
8/19/1999,89.1,88.5,28.4,19.6,2.3
8/20/1999,89.7,85.2,27.9,19.3,38.7
8/21/1999,98.3,84.2,29.6,19.9,8.2
8/22/1999,96.4,77.4,28.2,20.2,2.2
8/23/1999,86.8,84,26,19.9,33
8/24/1999,94.8,83.9,28.6,20,12.6
8/25/1999,96.5,77.8,25.9,19.6,38.3
8/26/1999,96.3,91.2,21.5,18.5,19.8
8/27/1999,93,96.5,27,18.9,14.3
8/28/1999,88.7,86.1,26.4,18.7,15.9
8/29/1999,88.3,93.1,27.7,19.5,1.3
8/30/1999,90.5,89.7,27.7,19.5,5.6
8/31/1999,91.4,91.5,27.5,19.5,16.7
9/1/1999,83.8,93.2,29,20,4.2
9/2/1999,86.9,82,28.6,19.7,4
9/3/1999,77.8,83.6,29.6,19.2,3
9/4/1999,77.7,78.8,29.2,19,0
9/5/1999,88.4,78.2,29.5,19.9,T
9/6/1999,80.9,83.9,30.5,19.6,T
9/7/1999,83.8,91.3,28.8,19.5,T
9/8/1999,92.4,89.9,26.8,20.1,16.4
9/9/1999,84.2,83.9,28.6,19.5,11
9/10/1999,88.8,70.5,28.5,19,47.3
9/11/1999,82.1,79.3,28.8,19.1,0.2
9/12/1999,96.5,89.8,27.5,19,5.8
9/13/1999,91.4,75,27.7,19.6,1
9/14/1999,75.8,71.4,29.5,18.6,0
9/15/1999,79.1,93.6,29,18.6,0
9/16/1999,96.7,77.8,28.2,19,T
9/17/1999,82.6,88.1,27.5,19.5,T
9/18/1999,95.5,86.3,28.2,19.5,12.4
9/19/1999,86.9,69.8,29.6,19.8,13.8
9/20/1999,83.9,77.1,31.5,20.5,0
9/21/1999,75.5,62.4,30.4,17.8,31.4
9/22/1999,86.5,79.3,26.2,18.8,T
9/23/1999,74.4,70.5,28,18.2,13.6
9/24/1999,84.9,78.9,28.5,18.3,2.5
9/25/1999,92.9,83.8,27.4,19.6,1.4
9/26/1999,89.5,91,26.5,18,4.2
9/27/1999,82.2,83.8,27,17.9,30.8
9/28/1999,81.5,84.8,29.3,18,5.6
9/29/1999,98.1,78.9,29.2,18,58.3
9/30/1999,88.2,83.6,29.2,18,T
10/1/1999,95.4,85.4,25.3,17.8,T
10/2/1999,87.6,89.4,25.2,17.5,1.6
10/3/1999,98.1,70.9,22.6,18,9.4
10/4/1999,85.4,86.1,26.5,17.5,1
10/5/1999,84.3,78.7,27.7,18,T
10/6/1999,98.1,94.2,19.5,17.5,9.8
10/7/1999,91.6,61.8,26.9,16.3,46.8
10/8/1999,89.2,69.3,29,16.7,0
10/9/1999,96.1,65.2,27.8,14.4,0
10/10/1999,90.5,74.7,28.1,13.6,0
10/11/1999,90.7,77.8,27.5,16,0
10/12/1999,88.6,76.2,27.2,17.5,0
10/13/1999,96.1,75.2,26.4,16,0
10/14/1999,92.1,73.1,27.2,13.2,0
10/15/1999,85.8,78.4,27.6,15.1,0
10/16/1999,94.3,75.8,25.8,16,0
10/17/1999,89.1,75.5,26.8,14.6,0
10/18/1999,92.4,83.8,25.4,15.2,3.4
10/19/1999,90.5,90.6,22.8,16.5,65
10/20/1999,92.9,96.9,22.6,15.3,15.2
10/21/1999,97.8,64.4,26.9,12.5,0
10/22/1999,94.2,59.1,27.4,13,0
10/23/1999,87.7,56.2,28.5,10.7,0
10/24/1999,89.7,57.4,27.3,10.1,0
10/25/1999,89.4,61.8,27.3,10.5,0
10/26/1999,100,55,27.6,11,0
10/27/1999,91.8,62.7,27.7,11.1,0
10/28/1999,89.9,53.2,28.7,11.3,0
10/29/1999,91.9,62,27.9,11.3,0
10/30/1999,96.9,64.7,27.2,12.1,0
10/31/1999,87.4,65.2,27.4,12.6,0
11/1/1999,95.9,70.7,27.4,11.9,0
11/2/1999,95.9,82.3,27.2,11.8,0
11/3/1999,97.8,58.7,25.8,9.8,0
11/4/1999,78.5,61.7,26.1,9.1,0
11/5/1999,97.8,70.2,25.5,10.4,0
11/6/1999,93.5,70.7,26.2,9.2,0
11/7/1999,96.7,65.9,25.9,9.5,0
11/8/1999,94.5,69.1,25.7,8.6,0
11/9/1999,96.6,73.3,25.5,8.6,0
11/10/1999,98.8,66,25,8.3,0
11/11/1999,97.7,70.2,24,8,0
11/12/1999,89.4,74.8,25,10,0
11/13/1999,100,69.2,24.8,8.4,0
11/14/1999,91.4,68.7,24.6,9.9,0
11/15/1999,98.8,56.2,25,9.5,0
11/16/1999,95.3,80.1,24.1,10,0
11/17/1999,98.8,68.4,23.8,8.2,0
11/18/1999,95.3,72.8,23.4,7.8,0
11/19/1999,100,82.2,22.6,7.4,0
11/20/1999,97.6,64.9,22.7,8.4,0
11/21/1999,100,60.3,22,6,0
11/22/1999,98.7,67.5,22.3,7.4,0
11/23/1999,100,68,21.7,5.4,0
11/24/1999,97.6,73.9,17.7,6,0
11/25/1999,97.6,87.2,19.4,8.7,0
11/26/1999,97.7,67.2,24.5,9.7,0
11/27/1999,100,72.3,22.6,5.9,0
11/28/1999,100,72.6,21.5,8.5,0
11/29/1999,100,66.4,22.8,5.2,0
11/30/1999,100,66.1,24.2,6.5,0
12/1/1999,100,71.3,23.9,6,0
12/2/1999,100,65.7,23.4,6.2,0
12/3/1999,100,63.7,22.2,6.3,0
12/4/1999,87,67.3,23.5,6.1,0
12/5/1999,97.5,83.8,22.7,6,0
12/6/1999,100,61.9,22.2,5.1,1.2
12/7/1999,97.4,60.9,22.6,4.5,0
12/8/1999,97.4,74.7,17.3,6.2,0
12/9/1999,95,61.2,21.8,7.2,0
12/10/1999,100,61.7,21.2,3.8,0
12/11/1999,100,70,21.6,4.4,0
12/12/1999,100,60.8,22.9,3.5,0
12/13/1999,100,63.1,23,3.8,0
12/14/1999,100,76.4,22.4,4.6,0
12/15/1999,100,69.7,22,4.9,0
12/16/1999,100,64.8,21.7,4.4,0
12/17/1999,100,67.5,21.9,4.5,0
12/18/1999,95.4,56.1,23.3,3.7,0
12/19/1999,97.1,64.9,24,3.5,0
12/20/1999,100,70.3,21.9,3,0
12/21/1999,85.5,61.9,19.5,6.6,0
12/22/1999,92.6,73.1,19.4,8.5,0
12/23/1999,97.1,67.4,20.4,4.5,0
12/24/1999,100,65.2,19.2,6.6,0
12/25/1999,94.8,71.6,20.8,7.2,0
12/26/1999,92.3,74.4,20.6,6,0
12/27/1999,97.4,70.7,20,6.8,0
12/28/1999,88.6,66.9,19.8,7,0
12/29/1999,97.3,76.5,19,4.6,0
12/30/1999,97.3,67.1,18.4,5.4,0
12/31/1999,100,60.1,20.1,4,0
1/1/2000,100,56.3,21.1,1.9,0.2
1/2/2000,95.4,51.4,21.5,2.3,6.8
1/3/2000,100,51.1,21.9,1.8,0
1/4/2000,96.8,57.5,21.5,1.5,0
1/5/2000,100,48.8,21.4,1.6,0
1/6/2000,98.4,74.8,21,0.9,0
1/7/2000,100,61.6,21,1.2,0
1/8/2000,95.4,58.2,19.5,1.7,0
1/9/2000,100,59.7,19.6,1.6,0
1/10/2000,100,59.5,21,2.6,0
1/11/2000,97.1,50.1,21.4,3.2,0
1/12/2000,100,51.7,24.6,2,0
1/13/2000,100,78.4,19,8,0
1/14/2000,98.5,64.4,21.3,3,0
1/15/2000,100,28.5,22.5,0.5,0
1/16/2000,100,39,22.1,-3,0
1/17/2000,96.7,48.9,21.7,-0.9,0
1/18/2000,96.6,70,21,0.5,0
1/19/2000,100,61,21.4,1.3,0
1/20/2000,95.3,67.1,20.2,2,0
1/21/2000,90.4,71.8,19.2,5.4,0
1/22/2000,94.7,68.1,19,6.4,0
1/23/2000,83.3,73.7,18.6,7,0
1/24/2000,89.1,64.8,18.1,4.9,T
1/25/2000,100,68.5,20.2,3,T
1/26/2000,100,62.6,21,3,0
1/27/2000,100,61.9,21.2,1.2,0
1/28/2000,87.4,36.5,20.8,1,0
1/29/2000,88.7,51.4,19.9,0.5,0
1/30/2000,78.2,65.2,20.2,1.6,0
1/31/2000,92.4,66.6,18.3,7.1,0
2/1/2000,97,81.2,15.2,3.6,0
2/2/2000,94.6,67.6,22.5,5.6,0
2/3/2000,90.7,46.3,22.2,4.4,0
2/4/2000,93.5,48.8,22.7,1,0
2/5/2000,85.9,53.8,20.4,3.2,0
2/6/2000,100,73.1,13.8,6.1,0
2/7/2000,95.7,62.7,20.8,4.5,0
2/8/2000,91.6,62,21.6,4.5,0
2/9/2000,90.3,51.2,21.3,1,0
2/10/2000,100,54.5,22.4,0.4,0
2/11/2000,90.5,57.6,20.2,0.6,0
2/12/2000,100,58.1,21.1,6,0
2/13/2000,97,58.5,23,3.3,0
2/14/2000,82.6,57.1,22.6,5.6,0
2/15/2000,90.5,34.6,23.1,1.6,0
2/16/2000,89,50.3,22,4.6,0
2/17/2000,100,70,23,3.6,T
2/18/2000,93.4,45.4,21.2,1.5,0
2/19/2000,93.3,37,21.7,0.6,0
2/20/2000,94.1,53.5,21,4,0
2/21/2000,83.9,40.2,22.5,0.2,0
2/22/2000,90.7,47.3,22.4,1.2,0
2/23/2000,85.6,30.5,23.1,1.2,T
2/24/2000,90.2,31.9,23.8,1.8,0
2/25/2000,94.1,51.2,22,2.5,T
2/26/2000,89,44.7,20.7,4.6,1.5
2/27/2000,91.4,56.7,20.2,1.7,14.2
2/28/2000,94.2,79.3,16.5,3.3,0
2/29/2000,94.8,64.7,19.3,5.5,0
3/1/2000,87.9,58.9,18.5,8.4,0
3/2/2000,94.8,80.2,22.8,4.2,0
3/3/2000,97.4,47.3,22.7,7,0
3/4/2000,92.3,44.7,23,4.6,0
3/5/2000,81.7,66,25.5,4.8,0
3/6/2000,89.4,39.4,26.5,5.3,0
3/7/2000,87.4,23.4,26.8,5.7,0
3/8/2000,74.5,28.1,25,7.4,0
3/9/2000,63,41.6,23.9,4.6,0
3/10/2000,63.9,52.8,23.5,4.5,T
3/11/2000,87.1,35.8,25,5.8,0
3/12/2000,85.1,29.4,24.4,6.2,0
3/13/2000,76.9,48.9,23.4,8.5,0
3/14/2000,66.7,42.3,23.2,8.3,0.4
3/15/2000,78.1,47.8,24.6,6.7,0.9
3/16/2000,85.1,46.9,24.1,6.7,0
3/17/2000,80.5,41.3,24.8,6.4,0
3/18/2000,83,30.3,26.3,6.1,0
3/19/2000,68.1,48.4,26.4,6.4,0
3/20/2000,79.9,43,27.1,7.2,0
3/21/2000,65.2,32.3,27.2,6.6,0
3/22/2000,68.3,23.8,28.5,6.7,0
3/23/2000,54.1,88.8,21.7,10.7,6.1
3/24/2000,92.1,55.8,24.5,5,T
3/25/2000,89.8,40.1,26.8,5.3,0
3/26/2000,72.7,42.9,27.6,7.5,0
3/27/2000,78.3,86.9,27.5,10.2,0
3/28/2000,90.5,61.9,28.2,5.3,0
3/29/2000,79.1,66.9,28.7,8,0
3/30/2000,67.1,31.2,29,9.6,0
3/31/2000,78,45,30.5,10.7,1
4/1/2000,84.3,41.3,31.5,12.7,3.5
4/2/2000,67.1,25.9,32.4,11.6,0.4
4/3/2000,63.4,41.6,31.1,11.3,0
4/4/2000,81.6,31.5,31.7,10.7,0
4/5/2000,56.5,27.3,31.7,9.6,0
4/6/2000,64.5,24.4,30.2,9.4,0
4/7/2000,61.7,27.4,30.5,9.8,0
4/8/2000,75.5,32.8,31.2,9.2,0
4/9/2000,68.7,37,30.7,10.4,0
4/10/2000,67.6,46.3,28.6,8.7,0
4/11/2000,68.5,40.2,29.5,10,0
4/12/2000,75.9,54.7,29.5,11,0
4/13/2000,67.2,51.9,28.5,12.3,T
4/14/2000,73.5,66.4,26,13.3,4.9
4/15/2000,71,51,27.4,12.6,23
4/16/2000,61.2,58.1,28.6,13.5,0
4/17/2000,80.8,61,28.5,12,T
4/18/2000,64.3,54,29.5,11.2,0.4
4/19/2000,74.8,61.4,27.3,13.4,0.6
4/20/2000,75.7,67.1,27.9,13,0
4/21/2000,89.6,86.9,27.4,14,0
4/22/2000,83.2,56.2,28.7,12.1,0
4/23/2000,66.6,30.4,30.6,13.5,0
4/24/2000,84.6,54.7,25.6,13.4,0
4/25/2000,72.5,65.7,25.5,13.4,0
4/26/2000,81.4,61.1,26,13.6,1.8
4/27/2000,86.7,66.2,26.5,15,T
4/28/2000,78.9,56.1,28.5,15,T
4/29/2000,75.8,37.6,30,13.5,0
4/30/2000,62.1,48.2,28.9,12.6,T
5/1/2000,72.4,84.4,29.7,15,25.2
5/2/2000,65.9,51.1,29.6,13,16
5/3/2000,80.5,57.1,28.4,15,T
5/4/2000,86.8,59.9,27.9,17.7,14.4
5/5/2000,72.6,66.5,29.4,17,T
5/6/2000,59.5,85.7,29.2,17.3,0
5/7/2000,97.9,57.9,25.7,15,18.8
5/8/2000,77.4,63,28,13.1,0
5/9/2000,75.4,64.8,28.1,15.6,3.6
5/10/2000,82.8,61.8,28.5,16,5.6
5/11/2000,74.4,57.1,31.5,16.5,27
5/12/2000,74.4,58.9,31.6,19.4,0.2
5/13/2000,67.1,44.7,30.7,19,0
5/14/2000,67.9,62.8,32.3,15,4.8
5/15/2000,67.1,60.2,31.5,16.5,0.4
5/16/2000,91,86,27,17.8,0.7
5/17/2000,78.6,64.2,31,17.4,0
5/18/2000,82,59.9,31,19.9,5.4
5/19/2000,78.8,50.3,30.1,17.1,0
5/20/2000,96.2,73.3,25.5,17.7,T
5/21/2000,84.9,82.9,26.4,18.3,T
5/22/2000,76.1,75.8,27.4,17.8,T
5/23/2000,75.3,87.8,28.1,18,2.8
5/24/2000,94.6,71,27,18.5,3
5/25/2000,95.5,69.6,28.1,19.7,19.5
5/26/2000,91.5,69,27.4,20.1,16.6
5/27/2000,80.1,69.8,28.8,18.4,12.2
5/28/2000,91,68.4,28.5,17.7,T
5/29/2000,84.1,72.5,29.6,18.5,3.2
5/30/2000,90.9,65.4,25.4,16.7,T
5/31/2000,83.2,78.9,25,18.4,0.5
6/1/2000,84.5,68.2,27.5,18.3,T
6/2/2000,83.2,89.9,29.6,18.4,0
6/3/2000,79.4,66.1,31.3,19.5,8.4
6/4/2000,81.7,62.2,30.5,20,10.9
6/5/2000,72.4,65.2,30.4,18.3,6.6
6/6/2000,91.3,76.3,26,19.5,4.9
6/7/2000,93.7,74.5,24,19.3,0.6
6/8/2000,88.8,85.4,27.5,19.6,T
6/9/2000,89.8,81.1,27,19.4,T
6/10/2000,82.2,74.4,28.8,20.3,11.2
6/11/2000,85.4,67.9,30.7,20,54
6/12/2000,77.4,61,29.4,20.8,0
6/13/2000,76.8,56.6,30.8,19,2.8
6/14/2000,72.9,74.3,30,20,17.1
6/15/2000,91.6,91.5,28.5,21.1,34.2
6/16/2000,87.3,85.5,29.5,20.3,2.4
6/17/2000,83.9,100,29.8,20.5,0.5
6/18/2000,88.3,89.8,30.5,19.8,3.2
6/19/2000,89.8,75.4,29.5,19,17.4
6/20/2000,83.9,75.4,29.6,20,5.4
6/21/2000,79,90,30.6,20.5,15.7
6/22/2000,84.5,94.7,26.4,20.2,1
6/23/2000,91.3,76.4,29,18.8,1
6/24/2000,86.7,72.1,26.7,19.7,5.6
6/25/2000,80.7,91.4,29.8,19.3,2.7
6/26/2000,80.9,69.6,29.3,19.5,16.2
6/27/2000,90.3,81.9,29.6,20.4,T
6/28/2000,80.6,83.9,29.5,20.2,2.4
6/29/2000,81.9,77,29.5,20.6,8.7
6/30/2000,88.1,77.7,28.4,20.2,17.5
7/1/2000,90.5,76.8,26.7,18.8,28
7/2/2000,87.1,70.2,28.7,20,T
7/3/2000,86.6,77.2,29.1,20.4,1
7/4/2000,85.9,64.6,29.4,20,2.6
7/5/2000,82.7,67.8,31.2,19.5,45.6
7/6/2000,96.5,83.7,23.8,20.5,0.4
7/7/2000,82.2,74.4,28.6,20.5,4.2
7/8/2000,83.7,71,29.7,19,8.8
7/9/2000,80.3,82.3,29.7,20.4,3.8
7/10/2000,84,82.1,29.7,20.5,0.4
7/11/2000,94.9,77.1,29.6,20,T
7/12/2000,86.9,77.1,30.8,20.9,5.8
7/13/2000,82.9,82.5,29.8,21,T
7/14/2000,78.7,75.1,30.3,20.4,9.6
7/15/2000,87.2,83.6,29.6,20.4,17.6
7/16/2000,88.4,75.3,29.3,20,59.6
7/17/2000,87.8,77.6,30.4,19.8,13.6
7/18/2000,94.9,77.3,29,20,T
7/19/2000,76.9,75.2,30,19.6,96.4
7/20/2000,72.8,70.5,29.5,20.4,43.8
7/21/2000,89.8,91.5,25.6,20.1,0.3
7/22/2000,91.6,68.6,30.1,19.9,12.7
7/23/2000,82.3,84,29.4,20.5,39
7/24/2000,90.9,87,28,20.6,3.3
7/25/2000,90.4,67.9,28.9,19.3,0.5
7/26/2000,88.4,74.5,29.3,19.4,9.6
7/27/2000,89.1,91.6,29.4,20.2,9.4
7/28/2000,75.3,68.8,30.3,19.8,0
7/29/2000,89.9,83.9,27.2,20.3,36.4
7/30/2000,90.7,85.4,28.2,19.6,29.6
7/31/2000,94.8,82.7,27.2,20.6,16.8
8/1/2000,96.4,97.3,23.4,20,19.2
8/2/2000,93.1,98.3,26,19.6,3.8
8/3/2000,91.6,82.9,28.8,18.7,7.5
8/4/2000,87.4,67.6,29.5,19.8,T
8/5/2000,84.1,76.4,29.2,20.5,20.8
8/6/2000,79.1,90,29.6,20.5,7.8
8/7/2000,94.8,71.1,30.5,20,0.3
8/8/2000,91.6,82,28.9,19.8,10.8
8/9/2000,88.6,94.9,29,20.7,19.6
8/10/2000,95.5,83.9,27.2,19.4,0.7
8/11/2000,86.7,80.9,29,19,37.4
8/12/2000,88.2,88.4,29.5,20.1,3.2
8/13/2000,91.5,77.1,27.9,20.4,62.8
8/14/2000,97.3,81.6,29.6,19.6,0.6
8/15/2000,90.8,82.5,29.4,19.9,5.8
8/16/2000,82.4,77.1,29.6,19.7,T
8/17/2000,82.4,77.2,30.5,20.2,22.2
8/18/2000,87.2,66.5,29.7,21.2,36.4
8/19/2000,79.8,81,31,20,27.2
8/20/2000,89.8,77.7,30.6,20.3,2
8/21/2000,91.5,76.5,27.2,20.4,26.7
8/22/2000,83.9,88.5,31.3,20.5,11.4
8/23/2000,86.7,74.7,30.5,19.7,63
8/24/2000,93.1,71.3,29.6,20.5,2.8
8/25/2000,94.6,70.5,30.6,19.3,1.8
8/26/2000,86,63.6,31.3,20.2,0.8
8/27/2000,80.4,77.6,31,19.5,0
8/28/2000,89.7,78,27.9,20,59.2
8/29/2000,86.7,80.7,29.8,20,0.3
8/30/2000,94.8,88.3,24.4,20,1.8
8/31/2000,83.9,77.1,31,19.8,4.4
9/1/2000,95.6,77.8,26.2,19.3,4
9/2/2000,96.6,79.5,27.5,19.5,7.6
9/3/2000,91.3,81.4,30.4,19.8,4.8
9/4/2000,85.5,76.7,29,20.2,3.4
9/5/2000,91.4,78,26.7,18.8,3.6
9/6/2000,81.1,79.8,30,19,7.3
9/7/2000,86.9,81.4,28.6,19.6,56.2
9/8/2000,84.7,79.1,24.5,19.7,6.5
9/9/2000,93.9,91.4,25.6,19.1,0.6
9/10/2000,83.6,71.1,27.2,19.1,0
9/11/2000,83.2,73.7,30,18.7,14.5
9/12/2000,83.6,67.8,30.7,19,18
9/13/2000,79.3,66,31.2,19.1,4.4
9/14/2000,76.3,80.7,30.7,20.3,12.2
9/15/2000,86.3,83.6,27.5,19.2,T
9/16/2000,93,85.1,26.7,19.5,T
9/17/2000,86.5,96.4,28.8,19.5,0.2
9/18/2000,89.7,79.7,27.6,18.5,0
9/19/2000,92.8,72.5,29,18,T
9/20/2000,98.1,91,26.7,17.8,0
9/21/2000,90.9,64.1,26,18,0
9/22/2000,82.5,77.4,26.5,17,0
9/23/2000,87.5,66.4,28,18.1,0
9/24/2000,82.7,72,28.3,17.3,T
9/25/2000,89.1,79.2,28,16.6,1.6
9/26/2000,96.1,64.4,28.5,14.5,T
9/27/2000,92.4,68.6,28.4,14.8,0
9/28/2000,90.7,77,28.5,15.7,0
9/29/2000,94.3,73,27.4,14.6,0.6
9/30/2000,88.4,58.8,28,12.5,T
10/1/2000,95.9,66.5,28.7,12.7,0
10/2/2000,96.1,59.3,27.6,16.4,0.8
10/3/2000,85.8,73.4,28.6,16,0
10/4/2000,89.3,67.9,29.3,17.7,7.4
10/5/2000,99,63.6,29.8,16,12.3
10/6/2000,87.7,63.1,29.2,16.3,0
10/7/2000,89.3,64.4,30,17.5,0
10/8/2000,89.3,65.8,30.2,17,0
10/9/2000,96.2,65.1,29,15,0
10/10/2000,90.9,72.5,28.5,15.5,0
10/11/2000,96.1,69,28.8,15.4,0
10/12/2000,92.4,80.3,28.6,14.8,0
10/13/2000,95,76,28.6,14.2,0
10/14/2000,98,70.3,28,13.3,0
10/15/2000,92,62.3,28,12,0
10/16/2000,95.8,53.5,28.5,12.5,0
10/17/2000,95.9,56.7,29.3,11.8,0
10/18/2000,96,73,28,11.6,0
10/19/2000,87,59.6,27.7,10.8,0
10/20/2000,99,61.3,27.4,11.6,0
10/21/2000,97.9,62,26.2,12.6,0
10/22/2000,94,70.5,27.5,12.8,0
10/23/2000,93.9,69.2,27,12.8,0
10/24/2000,90.3,61.8,26,12.8,0
10/25/2000,97.9,72.4,26,12,0
10/26/2000,98.9,72.4,27,12.4,0
10/27/2000,89.6,60.1,26.8,11.2,0
10/28/2000,95.8,61.9,26.4,12.3,0
10/29/2000,93.7,66.2,23.5,12,0
10/30/2000,97.8,59.3,26.5,10.5,0
10/31/2000,95.6,62,27.4,9,0
11/1/2000,80.8,65.9,23.7,17,0
11/2/2000,85.8,60.8,25.7,11.5,0
11/3/2000,93.8,60.6,26.9,10,0
11/4/2000,93.6,59.8,26.4,11.5,0
11/5/2000,97.7,66.2,26.1,10.5,0
11/6/2000,97.6,68.6,26.4,9.8,0
11/7/2000,97.6,67.8,26,9.1,0
11/8/2000,100,68.1,25.8,9,0
11/9/2000,100,67.5,25.5,10.5,T
11/10/2000,97.8,73.3,25.8,12,0
11/11/2000,95.8,77,24.2,12.5,0
11/12/2000,97.8,73,24.6,12.3,0
11/13/2000,95.8,73.8,24.7,13.5,0
11/14/2000,96.7,73,24.2,11.8,0
11/15/2000,91.4,65.3,24.2,8.5,0
11/16/2000,97.7,71.9,24.8,10,0
11/17/2000,96.4,69.6,24.8,8.7,0
11/18/2000,95.6,63.9,24.5,11.3,0
11/19/2000,95.6,60,24.5,10.2,0
11/20/2000,97.6,54.9,24,7.8,0
11/21/2000,95.3,68.6,24.4,7.5,0
11/22/2000,97.5,63,22.8,6.3,0
11/23/2000,96.3,62.5,22.5,6.2,0
11/24/2000,100,73.4,22.4,5.8,0
11/25/2000,97.6,66.7,23.8,8.4,0
11/26/2000,98.8,65.9,24,8,0
11/27/2000,100,65.3,24.2,7,0
11/28/2000,97.6,73.9,20,7.2,0
11/29/2000,97.4,59.1,22.7,4.8,0
11/30/2000,89.5,45.4,24,4,0
12/1/2000,100,55.4,21.3,1.5,0
12/2/2000,100,60.6,19.5,1.5,0
12/3/2000,100,57.5,21.5,1.5,0
12/4/2000,100,53.8,22.3,1.5,0
12/5/2000,97,58.1,21.5,2.5,0
12/6/2000,100,59.7,20,2.2,0
12/7/2000,96.9,70.4,21,2.5,0
12/8/2000,100,60.6,20.7,3.2,0
12/9/2000,97.3,59.5,21.1,3.6,0
12/10/2000,100,65,20.7,4,0
12/11/2000,97,68.5,20.5,3.5,0
12/12/2000,100,71.3,19.2,3,0
12/13/2000,100,69.1,20.4,4,0
12/14/2000,100,67.6,21.5,2,0
12/15/2000,100,67,21.1,3,0
12/16/2000,97.1,79.1,21,3.7,0
12/17/2000,100,60.3,22.4,4,0
12/18/2000,100,63.2,22.2,3,0
12/19/2000,100,62.9,22.8,4,0
12/20/2000,100,66.7,19.8,3.6,0
12/21/2000,95,61.9,20.3,8.6,0
12/22/2000,97,55.5,23,3.2,0
12/23/2000,100,58.7,23.1,2.5,0
12/24/2000,100,64.6,22,3.5,0
12/25/2000,97.3,59.9,22.4,5.6,0
12/26/2000,100,57.6,22.2,3.5,0
12/27/2000,96.8,61.2,21,3,0
12/28/2000,100,58.3,21.7,2.8,0
12/29/2000,100,67.7,18.6,3.5,0
12/30/2000,100,69.1,19.1,2.4,0
12/31/2000,85.4,71.4,20.8,9,0
1/1/2001,97.5,59.8,20.8,8.4,6.8
1/2/2001,97.5,62.6,22,6.8,0
1/3/2001,97.5,64.4,20,7.5,0
1/4/2001,100,57.6,20,2.5,0
1/5/2001,100,65.7,19.2,0.5,0
1/6/2001,100,62.5,19.1,0.6,0
1/7/2001,100,60,19.6,1.6,0
1/8/2001,100,37.7,19.4,0,0
1/9/2001,100,52.8,19.3,-0.4,0
1/10/2001,100,53.3,18.5,-0.5,0
1/11/2001,100,60.9,18.5,0,0
1/12/2001,100,59.7,19.5,-0.8,0
1/13/2001,100,52.3,20,-1,0
1/14/2001,100,57.9,20.3,-1,0
1/15/2001,100,58.4,21,0.6,0
1/16/2001,100,60.4,21.5,1,0
1/17/2001,100,43.7,21.3,0.2,0
1/18/2001,100,65.3,21.5,0.2,0
1/19/2001,100,57.6,21.6,0.8,0
1/20/2001,100,57.8,21.1,1.3,0
1/21/2001,100,61.3,21.5,1.4,0
1/22/2001,100,57.1,23.1,0.2,0
1/23/2001,97.2,62.2,21.1,5.2,T
1/24/2001,100,67.7,19.9,2.2,T
1/25/2001,100,75.7,18.5,2,0
1/26/2001,90.8,68.4,19.5,2,0
1/27/2001,95.8,69.9,20.3,5.6,0
1/28/2001,100,63.9,19.9,5.5,0
1/29/2001,100,78.8,21.5,5.2,0
1/30/2001,100,69.2,24.3,3.5,0
1/31/2001,100,70.2,27.4,4.9,0
2/1/2001,100,33.8,27.1,6,0
2/2/2001,82.8,29.4,26.9,5,0
2/3/2001,96.8,33.4,26.2,0.6,0
2/4/2001,100,40.4,23.6,1.8,0
2/5/2001,100,33.9,24.5,0.3,0
2/6/2001,93.7,31.3,24.5,-0.3,0
2/7/2001,95,41.5,24.3,0.4,0
2/8/2001,100,47.5,24,1.7,0
2/9/2001,97,50.4,22.3,2.4,0
2/10/2001,100,49.6,25,5,0
2/11/2001,97.1,51,24.6,5,0
2/12/2001,100,33.6,26.6,4.5,0
2/13/2001,100,43.8,23.2,3.5,0
2/14/2001,100,67.5,25,4.5,0
2/15/2001,97.5,62.5,19.6,6.6,0
2/16/2001,88.1,58.7,25.5,9,T
2/17/2001,92.4,42.5,26.5,6,0
2/18/2001,100,52,27.1,6,0
2/19/2001,98.6,50.5,26.8,5.5,0
2/20/2001,93.7,50.4,25.5,6.2,0
2/21/2001,96.1,52,21,4.3,0
2/22/2001,97.3,63.4,24,5.2,T
2/23/2001,97.5,64.5,23,6.5,0
2/24/2001,90.7,63,23,9.3,T
2/25/2001,100,80.6,21.1,9.5,1.5
2/26/2001,92.4,45.3,25,7.3,14.2
2/27/2001,94.9,48.5,25.5,5,0
2/28/2001,100,46.1,26.2,7.4,0
3/1/2001,96.2,44.1,26.6,7.4,0
3/2/2001,92.7,30.5,26.1,6.4,0
3/3/2001,87,33.7,28,3.8,0
3/4/2001,84,36.5,23.5,4,0
3/5/2001,95,35.5,24.1,7.6,0
3/6/2001,94.5,36,24.6,3.8,0
3/7/2001,89.6,54.9,24.4,5,0
3/8/2001,97.4,56,24.6,7,0
3/9/2001,96.2,45.3,24.6,7.5,0
3/10/2001,87.9,39.4,26,6.4,T
3/11/2001,88.3,39.9,26.5,5.5,0
3/12/2001,88.3,42.6,25.9,6.2,0
3/13/2001,95,61.5,25.7,6.7,0
3/14/2001,97.5,41,26,6,0.4
3/15/2001,82.1,34.6,27,8.2,0.9
3/16/2001,78.4,24.5,28.5,6.6,0
3/17/2001,77.4,28.5,28,6,0
3/18/2001,75.2,37.2,28.3,6.4,0
3/19/2001,83.7,29.8,28.3,7,0
3/20/2001,76.5,45,28.4,9,0
3/21/2001,85.8,37.6,29.6,8.7,0
3/22/2001,85.7,89,19.5,12.4,0
3/23/2001,94.2,47.5,27.2,6.7,6.1
3/24/2001,85.2,34.6,27.6,7.5,T
3/25/2001,69.7,33.9,27.7,8,0
3/26/2001,83.1,42.7,27.8,8.3,0
3/27/2001,83.8,37.4,27.6,10,0
3/28/2001,91.3,49.5,28.1,10.3,0
3/29/2001,85.8,41.7,26.4,11.4,0
3/30/2001,79.1,54.5,31.4,7.7,0
3/31/2001,54.5,49.8,28.7,11.2,1
4/1/2001,88.4,70.1,25.6,7.4,3.5
4/2/2001,95.2,37.4,27.4,7,0.4
4/3/2001,86.1,32.8,28.7,7.5,0
4/4/2001,72.7,26.1,29.8,8.4,0
4/5/2001,65.9,34,31.5,8.7,0
4/6/2001,56.7,17,31,12.6,0
4/7/2001,56.8,23.4,32.4,8.7,0
4/8/2001,68.4,31.2,31.6,9.7,0
4/9/2001,70,32,31.9,10.5,0
4/10/2001,64.2,25.1,32.6,11.2,0
4/11/2001,55.7,21.4,32.7,11.3,0
4/12/2001,68.4,31.4,32.5,11.5,0
4/13/2001,69.7,90.5,25.3,13.9,T
4/14/2001,96.9,87.8,25,14.1,4.9
4/15/2001,100,67.5,23.3,11.7,23
4/16/2001,87.9,55.1,28.4,10,0
4/17/2001,89.4,46.3,29.2,10.3,T
4/18/2001,89.7,73.1,19.1,14,0.4
4/19/2001,90.7,44.8,28.4,10.3,0.6
4/20/2001,78.3,36.7,29.5,11,0
4/21/2001,73.6,44.5,29.3,11.1,0
4/22/2001,73.1,37.6,29.8,11.3,0
4/23/2001,58.1,34.5,31.2,12.7,0
4/24/2001,72.1,37.5,32,12.3,0
4/25/2001,68.4,68.4,29.8,10.8,0
4/26/2001,91.9,55.7,31.9,11.8,1.8
4/27/2001,79.4,45.4,31,12.5,T
4/28/2001,66.9,56.8,32.5,14,T
4/29/2001,80.6,44.2,32.7,15.2,0
4/30/2001,91.8,48.8,31.7,14.2,T
5/1/2001,82.1,67.5,30,13.7,25.2
5/2/2001,87,65.2,26.5,15,16
5/3/2001,85.8,87.1,27.1,14.8,T
5/4/2001,85.8,63.5,26,14,14.4
5/5/2001,77,69,29,14.5,T
5/6/2001,84.3,70.9,27.4,15.4,0
5/7/2001,90.4,66,27.2,14.8,18.8
5/8/2001,86.1,70,26,18.1,0
5/9/2001,79.5,75.8,24.3,17.7,3.6
5/10/2001,85.8,80.7,28.6,16.8,5.6
5/11/2001,77.8,61.3,28,15.8,27
5/12/2001,83.3,63.2,30.6,17,0.2
5/13/2001,80.5,68,30.6,18,0
5/14/2001,89.6,74.6,28.5,18.9,4.8
5/15/2001,70.7,68.4,27.2,17.3,0.4
5/16/2001,85,63.6,28.8,15.3,0.7
5/17/2001,75.2,94.5,27.4,15.9,0
5/18/2001,86,49.4,28.7,14.5,5.4
5/19/2001,84.7,64.2,28,16.8,0
5/20/2001,87.4,71.3,29,15.6,T
5/21/2001,68,89.6,28.5,15.5,T
5/22/2001,75.8,67.5,28.5,16.7,T
5/23/2001,83,51,29.5,18.2,2.8
5/24/2001,81.4,72,29,18.1,3
5/25/2001,86,67.9,28.2,16.6,19.5
5/26/2001,89.1,80,27.7,16.1,16.6
5/27/2001,91,70.4,28.6,17,12.2
5/28/2001,83.2,72,30,17,T
5/29/2001,92.9,69.7,29,18.6,3.2
5/30/2001,81.6,61.6,27.4,17.7,T
5/31/2001,79.9,63.2,27.7,17.8,0.5
6/1/2001,80,79.9,27.9,17.7,T
6/2/2001,83.6,64.4,29.6,19.7,0
6/3/2001,88.2,81.9,27.5,19.6,8.4
6/4/2001,81.5,83.3,24.7,18.4,10.9
6/5/2001,83.1,66.3,28.1,18.5,6.6
6/6/2001,86.4,69.6,28.8,18.5,4.9
6/7/2001,73.5,65.2,29.4,17,0.6
6/8/2001,83.6,65.5,28.2,17.7,T
6/9/2001,84.7,83.7,28.6,18.2,T
6/10/2001,91.3,94.8,28.3,18.8,11.2
6/11/2001,82.2,70.7,30.2,18.2,54
6/12/2001,80.1,89.9,29.6,20.5,0
6/13/2001,93,NaN,29.7,18.7,2.8
6/14/2001,94.9,89.9,29.6,18.1,17.1
6/15/2001,88.9,74.1,29,18.4,34.2
6/16/2001,76.5,83.9,28.4,19.5,2.4
6/17/2001,89.8,80.5,26.7,19.5,0.5
6/18/2001,88.3,89.9,26.7,19.4,3.2
6/19/2001,91.4,91.4,28,19.5,17.4
6/20/2001,78.3,73.7,28.8,20,5.4
6/21/2001,82.3,82.5,29.5,20,15.7
6/22/2001,76.9,81.4,26.2,20.1,1
6/23/2001,83.8,71.1,29,19.7,1
6/24/2001,79.6,76.1,29,19.6,5.6
6/25/2001,89.9,71,27.5,20.5,2.7
6/26/2001,79.8,74.7,29.5,20,16.2
6/27/2001,89.9,77.8,29.3,19.8,T
6/28/2001,78.8,72.3,30.5,20,2.4
6/29/2001,84.1,68.3,29,19.5,8.7
6/30/2001,90,93.2,30.8,20.4,17.5
7/1/2001,79.9,80.4,30.5,21,28
7/2/2001,85.4,84,27.4,20.1,T
7/3/2001,81.2,71.6,30.4,20.2,1
7/4/2001,100,76.6,31.5,19.2,2.6
7/5/2001,86.6,62.3,31.7,18.5,45.6
7/6/2001,84.4,71.6,32.1,20.3,0.4
7/7/2001,91.5,91.5,31,20.5,4.2
7/8/2001,84.8,91.7,30.5,20,8.8
7/9/2001,88.5,84.6,30.5,20,3.8
7/10/2001,84.9,74.7,30,21,0.4
7/11/2001,85.3,88.7,30.5,20.7,T
7/12/2001,86.6,72.3,29.3,20.5,5.8
7/13/2001,82.3,82.5,29.6,20.5,T
7/14/2001,86.8,83.9,27.5,20,9.6
7/15/2001,91.4,93,24.2,20,17.6
7/16/2001,98.3,88.5,24.4,19.5,59.6
7/17/2001,94.8,77.3,28.3,20,13.6
7/18/2001,90,94.8,29.4,19.9,T
7/19/2001,89.5,91.6,28.3,19.6,96.4
7/20/2001,88.4,81.4,27.4,19.8,43.8
7/21/2001,88.7,75.5,29.8,19.8,0.3
7/22/2001,89.3,76.6,30,20,12.7
7/23/2001,88.5,91.7,28.3,19.7,39
7/24/2001,86.9,75.5,29.5,20,3.3
7/25/2001,89.9,83.9,29.2,20.5,0.5
7/26/2001,97.3,90.1,28.6,20,9.6
7/27/2001,93.1,76,30,20.4,9.4
7/28/2001,84,87.1,26.3,20.6,0
7/29/2001,91.6,89.2,27.4,20,36.4
7/30/2001,98.2,73.2,27.6,20.1,29.6
7/31/2001,98.2,83.9,24,20,16.8
8/1/2001,94.7,88.5,26.7,19.2,19.2
8/2/2001,86.8,92.3,27,20.5,3.8
8/3/2001,93.1,68.3,29.6,20.3,7.5
8/4/2001,86.1,66.6,31.7,21,T
8/5/2001,83.6,74.9,30,18.5,20.8
8/6/2001,94.6,77.3,28.7,19,7.8
8/7/2001,85.2,79.4,28,19.7,0.3
8/8/2001,91.4,70.5,29.4,19.4,10.8
8/9/2001,93.9,70.5,30.8,19.4,19.6
8/10/2001,83.9,80.5,30.1,20.4,0.7
8/11/2001,98.2,72.2,29.2,19.7,37.4
8/12/2001,93,73.8,29,20,3.2
8/13/2001,98.2,79.7,27.5,19.4,62.8
8/14/2001,83.8,84.4,30.3,20.7,0.6
8/15/2001,90,77.6,30.9,19.4,5.8
8/16/2001,83.6,80.6,29.7,20.6,T
8/17/2001,91.6,71.5,31.5,20.2,22.2
8/18/2001,97.4,79.4,28.5,20.7,36.4
8/19/2001,86.5,88.6,28.4,20.2,27.2
8/20/2001,90.7,77.9,29.1,20.4,2
8/21/2001,93.2,83,28.2,20.5,26.7
8/22/2001,96.5,92.9,24,20,11.4
8/23/2001,98.2,75.7,26,19.3,63
8/24/2001,95.6,88.5,26.8,19.8,2.8
8/25/2001,89.2,74.7,30,19.2,1.8
8/26/2001,88.2,68.5,31.3,20.3,0.8
8/27/2001,89.9,95.6,28.6,19.6,0
8/28/2001,98.2,75.9,28.4,19.7,59.2
8/29/2001,89.9,83.6,28.6,19.5,0.3
8/30/2001,85.5,76.4,30,19,1.8
8/31/2001,87.5,77,30,19.9,4.4
9/1/2001,91,88.2,27.4,20.2,4
9/2/2001,89.9,94.7,23.6,20,7.6
9/3/2001,95.6,92.5,27,19,4.8
9/4/2001,91.4,78.3,28.4,20.3,3.4
9/5/2001,96.4,83.3,24.8,20,3.6
9/6/2001,98.2,91.2,29.5,18.1,7.3
9/7/2001,91.4,74.2,28.6,19.2,56.2
9/8/2001,94.6,88.2,28,19.2,6.5
9/9/2001,85.1,75.3,28.5,19.5,0.6
9/10/2001,89.9,83,24.4,19.5,0
9/11/2001,88,89.4,29,18.2,14.5
9/12/2001,91.3,86.8,25,18.4,18
9/13/2001,96.4,91.2,26.5,18.8,4.4
9/14/2001,98.1,68.2,28.6,17.8,12.2
9/15/2001,88.1,82.4,29.6,19,T
9/16/2001,91.1,89.9,29.6,18,T
9/17/2001,96.5,76,28.3,18.8,0.2
9/18/2001,83,70.4,29.2,17.6,0
9/19/2001,90.8,61.8,29.4,15.4,T
9/20/2001,91,68.9,30.4,15.7,0
9/21/2001,88,75.7,29,17.8,0
9/22/2001,93,71.6,30.7,18.9,0
9/23/2001,91.4,78.4,30.1,19.3,0
9/24/2001,86.4,77.5,28,19,T
9/25/2001,98.2,71.6,30.3,18.6,1.6
9/26/2001,93.8,74,29.4,18.6,T
9/27/2001,91.9,69.7,30.3,17.2,0
9/28/2001,91.3,64.7,30.6,17.2,0
9/29/2001,89.5,67.4,31,18.6,0.6
9/30/2001,78.2,63.6,30.5,16.8,T
10/1/2001,95.4,85.9,25,18.2,0
10/2/2001,91,85.3,23.8,16.9,0.8
10/3/2001,86,64.4,28.4,17.2,0
10/4/2001,98.2,91,22.6,18.2,7.4
10/5/2001,89.8,62.6,30,17,12.3
10/6/2001,86.4,76,27.6,18.7,0
10/7/2001,93.6,72.5,29.9,17,0
10/8/2001,98.2,69.7,29.3,16.7,0
10/9/2001,86.6,67.5,30,17.7,0
10/10/2001,87.7,73,29,18.2,0
10/11/2001,94.4,60.9,28.6,16.7,0
10/12/2001,87.7,69.2,28.1,13.7,0
10/13/2001,90.8,75.8,26.6,15.6,0
10/14/2001,91,61.3,28.4,13,0
10/15/2001,86.1,65.1,27.7,12,0
10/16/2001,96,68.4,28.2,12.4,0
10/17/2001,96,60.3,26,14.3,0
10/18/2001,85.1,62.5,27.8,13,0
10/19/2001,97.9,66.4,26.8,11.2,0
10/20/2001,89.9,64.5,26.3,12.5,0
10/21/2001,97.9,72.4,28.3,12,0
10/22/2001,94.2,69.9,28.1,14.5,0
10/23/2001,96.1,61.4,28,13.7,0
10/24/2001,95.8,69.6,28.3,12.4,0
10/25/2001,96.8,59.1,28.6,11.5,0
10/26/2001,98.9,55.2,28.5,11,0
10/27/2001,86.4,57.9,28.5,11.2,0
10/28/2001,92.2,56.3,28.2,12,0
10/29/2001,94.9,62,29,11.2,0
10/30/2001,90,50.9,27,11.6,0
10/31/2001,95.8,67.6,27.4,10.6,0
11/1/2001,95.9,74.3,27,12.2,0
11/2/2001,100,67.5,27.3,11.8,0
11/3/2001,93,69.8,27,13.7,0
11/4/2001,96,71,27.4,13.6,0
11/5/2001,95.7,63.3,26.5,11,0
11/6/2001,95.8,66,27,10.6,0
11/7/2001,89.6,69.1,22.5,13.3,0
11/8/2001,97.6,71.9,24.4,8.5,0
11/9/2001,94.3,64.2,25.6,7.4,T
11/10/2001,96.5,65.1,25,7.6,0
11/11/2001,97.6,58.1,25.5,8.4,0
11/12/2001,96.4,60.1,25.5,7.5,0
11/13/2001,95.2,57.7,26,7.4,0
11/14/2001,91.8,58.1,26.5,8,0
11/15/2001,97.6,62.9,27.2,7.8,0
11/16/2001,100,64.8,26.1,8.5,0
11/17/2001,97.7,65.5,25.5,8.6,0
11/18/2001,97.6,67.2,24.7,8.5,0
11/19/2001,96.5,64.6,25.2,9,0
11/20/2001,95.2,67.3,25.5,7.8,0
11/21/2001,95.5,71.3,24.8,8.6,0
11/22/2001,97.6,69.3,24,8.3,0
11/23/2001,97.7,63.2,23.9,8.3,0
11/24/2001,89,58.9,23.2,7,0
11/25/2001,97.4,60.1,25,6,0
11/26/2001,97.3,63.3,25.6,6.2,0
11/27/2001,96.4,86.6,23.8,6,0
11/28/2001,100,62.3,23,5.5,0
11/29/2001,97.4,61.9,22.8,5.3,0
11/30/2001,100,61.9,23,3.2,0
12/1/2001,98.6,62.3,21.5,4.2,0
12/2/2001,100,68.7,20.4,5,0
12/3/2001,100,64.2,20.4,5.2,0
12/4/2001,98.8,66.7,20.3,7.4,0
12/5/2001,100,72.1,20.8,5,0
12/6/2001,98.6,62.3,20.2,4.6,0
12/7/2001,97.5,72.8,19.9,7,0
12/8/2001,95.1,75.6,19.6,7.5,0
12/9/2001,100,70,19.2,5,0
12/10/2001,100,70,18,4.5,0
12/11/2001,100,68.5,19.2,5.5,0
12/12/2001,100,61.9,20.4,4,0
12/13/2001,100,62.1,21,3.7,0
12/14/2001,100,53.1,22,3.3,0
12/15/2001,98.6,66.7,18.4,5.3,0
12/16/2001,100,72.1,22,2.7,0
12/17/2001,100,64.4,21.1,3,0
12/18/2001,100,60.6,21.4,3.2,0
12/19/2001,100,61.4,21.6,3.5,0
12/20/2001,100,48.8,21.6,2.5,0
12/21/2001,100,56.6,20.9,2.3,0
12/22/2001,96.9,45.3,23.5,2.2,0
12/23/2001,100,45.3,24,1.6,0
12/24/2001,100,72.5,23,2,0
12/25/2001,90.5,59.3,22,1.6,0
12/26/2001,96.7,60.4,19.6,1.6,0
12/27/2001,100,58.3,21.8,2.3,0
12/28/2001,100,58.9,20.2,2.5,0
12/29/2001,100,60,18.2,3.4,0
12/30/2001,100,56,19,1,0
12/31/2001,100,58.7,18.5,1,0
1/1/2002,100,49,20.1,-0.1,0
1/2/2002,100,46.4,22.1,-0.5,0
1/3/2002,100,44,21.7,0,0
1/4/2002,100,50.2,21.5,0.6,0
1/5/2002,100,52.6,21.2,0.5,0
1/6/2002,100,51.7,20.8,1.2,0
1/7/2002,100,50.3,21,1.1,0
1/8/2002,100,51.7,21,1.6,0
1/9/2002,100,49.4,21.3,1.6,0
1/10/2002,100,50.3,22.3,1.2,0
1/11/2002,100,59,20.6,0.3,0
1/12/2002,100,53.1,19.8,3,0
1/13/2002,100,52.1,21,5.2,0
1/14/2002,100,53.7,21.5,2.9,0
1/15/2002,93.7,62.3,23.6,2.5,0
1/16/2002,97.4,92.8,12,8.6,10.2
1/17/2002,100,65.7,16.2,4.5,10.2
1/18/2002,100,79.9,13.5,5.9,0
1/19/2002,100,48.3,22,5.7,0
1/20/2002,100,81.9,12.7,4.8,0
1/21/2002,100,48.2,19.7,4.2,0.4
1/22/2002,100,48,18.4,2.2,0
1/23/2002,100,46.3,20.6,1.5,0
1/24/2002,100,55.7,20,-0.5,0
1/25/2002,100,61.1,18.6,0,0
1/26/2002,100,39.4,18.4,2.6,0
1/27/2002,100,82.2,13.2,2,0
1/28/2002,100,94.8,9,7,10.3
1/29/2002,100,64.1,15.5,6.2,2.7
1/30/2002,100,48.5,19.7,5.6,0
1/31/2002,100,50.1,19.9,1.5,0
2/1/2002,100,53.8,19,2.5,0
2/2/2002,96.9,67,20.7,3.2,0
2/3/2002,100,49.3,22,5,0
2/4/2002,100,57.3,21,4.8,0
2/5/2002,100,52,20.8,5.5,0
2/6/2002,94.2,43.9,21.5,3.4,0
2/7/2002,97.3,47,24.8,5,0
2/8/2002,97.6,63,18,9.1,0
2/9/2002,100,45.6,24.1,5.6,0
2/10/2002,98.6,40.7,24.4,4,0
2/11/2002,87.4,45.3,18.4,5.6,0
2/12/2002,87.6,53.8,23.3,8,15
2/13/2002,100,25.2,24,3.7,0
2/14/2002,100,41.9,23.8,3.6,0
2/15/2002,100,47.8,24.2,4.5,0
2/16/2002,97.4,51.5,24.1,5.6,0
2/17/2002,96.1,42.7,24,6.4,0
2/18/2002,97.4,47.9,24.2,6.5,0
2/19/2002,92,48.1,24.5,5.3,0
2/20/2002,97.3,60.7,23.9,6,0
2/21/2002,97.4,43.6,24,7.1,0
2/22/2002,92.2,48.8,24.9,6,0
2/23/2002,100,48.1,25,6.4,0
2/24/2002,96.3,35.8,28.2,6.2,0
2/25/2002,83.4,72.9,15,6.8,7
2/26/2002,100,37.9,21.3,4.8,7.9
2/27/2002,97.4,55.7,22.7,4.7,0
2/28/2002,100,61,22.6,6.2,0
3/1/2002,97.5,55.5,23.5,6.7,0
3/2/2002,100,58.8,23.5,8.5,0
3/3/2002,87.8,62.5,17,10.4,0.6
3/4/2002,100,53.3,23.7,5,5.6
3/5/2002,100,55.6,24,6.5,0
3/6/2002,100,85,22.7,7.8,0
3/7/2002,90,64,22.5,8.2,30.5
3/8/2002,98.8,64,23.8,8.8,0
3/9/2002,95,32.4,25.6,7,0
3/10/2002,83.8,33.7,26.5,6.2,0
3/11/2002,82.4,55.4,27.1,7.7,0
3/12/2002,92.2,56.6,27.5,9.8,0
3/13/2002,95.7,41.4,28,11.7,0
3/14/2002,90.5,17.5,25.4,11.6,0
3/15/2002,85.5,47,26.2,9.8,0
3/16/2002,86,55.3,25,7.8,0
3/17/2002,93.2,73.6,24.6,9.5,0
3/18/2002,100,59.1,24.2,10,26
3/19/2002,95.7,58.3,27,10.5,0
3/20/2002,100,49.4,27.8,11,0
3/21/2002,91.7,58.1,27,12.3,0
3/22/2002,100,53,26.2,12,24.2
3/23/2002,81.6,48.6,27.5,9.8,T
3/24/2002,89.8,62.1,26.1,11.6,0
3/25/2002,96.7,36.4,26.8,9.5,3.9
3/26/2002,89.2,40.8,27.8,10.2,0
3/27/2002,95.2,46.3,26,7.3,1
3/28/2002,83.4,36.5,26.7,9.6,0
3/29/2002,81.1,62.7,25,9,0
3/30/2002,75.4,78.6,23.7,9.8,0
3/31/2002,89.3,78.6,23.7,12.1,1.2
4/1/2002,93.9,49.8,26.6,12.4,T
4/2/2002,72,81.8,25,10.5,1.8
4/3/2002,93.8,56.9,23,7.8,29.4
4/4/2002,88.5,59.3,24.4,12.2,0
4/5/2002,86.1,70.6,26.5,12.7,0
4/6/2002,90.2,61.4,26.8,13.5,0
4/7/2002,93.2,59.5,27.5,14,0
4/8/2002,96,76.5,26.8,14.9,0
4/9/2002,68.7,56.4,27.4,14,T
4/10/2002,83.7,31.8,27.6,10.6,0.4
4/11/2002,72.1,68.7,25.7,9.2,0
4/12/2002,72.1,68.7,25.7,9.2,1.6
4/13/2002,91.1,53.4,25.5,8.5,0
4/14/2002,84,52.3,25.6,12.6,0
4/15/2002,80,67.1,25.6,13.4,0
4/16/2002,89.9,62,28.5,14,0
4/17/2002,82.5,52.3,31.5,15.2,0
4/18/2002,82.8,37.9,31.6,15.2,0
4/19/2002,77.9,35.4,31,15.7,T
4/20/2002,79,56,31.2,14.3,0
4/21/2002,73.2,58.4,30,14.7,0.4
4/22/2002,80.6,51.4,28.4,12.4,12.6
4/23/2002,98,89.4,23.6,15.3,6.8
4/24/2002,90.3,61.8,26.2,14.2,6.4
4/25/2002,92.4,59.9,29,14.2,0
4/26/2002,86.6,61.7,23.7,14.9,T
4/27/2002,82.9,59.3,26.5,8.6,15.8
4/28/2002,78.4,50.2,27.6,13,0
4/29/2002,90.3,76.7,28.7,16.5,T
4/30/2002,91.7,67.5,25.8,11.5,18.7
5/1/2002,86.7,69.5,27.3,13.4,0
5/2/2002,76.7,58.1,28.6,14.3,0
5/3/2002,77.1,94.1,25.5,14.2,T
5/4/2002,87.5,67.8,27.5,15.2,8
5/5/2002,82.3,66.5,28.6,16.1,0
5/6/2002,92.6,74.2,27.6,16.1,3.2
5/7/2002,85.1,59.2,27.8,15.4,3.2
5/8/2002,81.2,60.4,29,17.5,0
5/9/2002,82.1,69.2,27.2,19.3,0
5/10/2002,94.6,67.8,23,18.5,1.1
5/11/2002,93.2,68.4,25.8,16.5,9
5/12/2002,79.7,63.2,28.8,16.5,0
5/13/2002,70.7,67.8,31,20,0
5/14/2002,98.1,59.3,28.5,18,15.6
5/15/2002,80.3,88.1,29,19.6,0.6
5/16/2002,82.8,73.6,28.4,19.5,1
5/17/2002,88.3,82,26,20.5,T
5/18/2002,94.5,82.8,21.8,18.4,11
5/19/2002,85.2,60.1,29.1,16.7,43.6
5/20/2002,80.6,55.1,31.5,16.6,0
5/21/2002,77.3,37.7,30.5,15.6,0
5/22/2002,67.7,47.5,30.4,14.4,0
5/23/2002,77.4,57.9,29.5,17.2,0
5/24/2002,76.8,62,28,16.3,0.3
5/25/2002,96.1,87.6,24.3,16.4,18.3
5/26/2002,96,84,24.6,16,17
5/27/2002,78.9,79.5,23.8,15.8,4.2
5/28/2002,82.2,67.7,25.6,16,0.3
5/29/2002,67.5,89.5,26.5,16,5.2
5/30/2002,84,87.2,25.3,15.8,14.2
5/31/2002,96.2,69.2,26.7,16,3
6/1/2002,94.9,75.8,28,17.8,T
6/2/2002,83,69,30.5,17.4,3
6/3/2002,86.3,72,29.4,17.5,T
6/4/2002,75.8,52.7,30.5,19,T
6/5/2002,82.8,63,28.5,18,5.6
6/6/2002,83.3,69.3,27.5,19.1,0.3
6/7/2002,86,79.7,27,19.4,1.8
6/8/2002,83.2,79.7,29.2,20.2,T
6/9/2002,76.7,70.8,29.4,20.3,T
6/10/2002,84.4,92.7,30.2,19.8,6.3
6/11/2002,91.2,68.2,30,18,16.2
6/12/2002,86.8,64.3,29.7,20,0.4
6/13/2002,83.7,73.1,29.5,20,20
6/14/2002,86.8,89.3,27,19.5,T
6/15/2002,83.6,89.9,27.8,20,41.8
6/16/2002,88.5,58.5,29.8,19.5,3.2
6/17/2002,88.9,74.5,28,19.9,0
6/18/2002,91.4,69,30.2,19.5,6
6/19/2002,100,62.7,30.5,20.6,1.2
6/20/2002,91.4,66.4,30.5,20.5,3.8
6/21/2002,86.4,64.4,29.2,18.7,20.4
6/22/2002,80.6,72.9,30.2,18.9,3.7
6/23/2002,86.9,76.2,30.4,18.9,48.6
6/24/2002,92.4,92.3,29.7,21,14.4
6/25/2002,87.1,83.4,30,20.5,19.5
6/26/2002,88.8,63.9,28.2,20.5,6.2
6/27/2002,77.6,74,29.2,20.5,0
6/28/2002,81,65.1,30.2,19.9,T
6/29/2002,83.4,66,30.4,21.9,0
6/30/2002,91.6,84.7,27,21.2,5
7/1/2002,87.7,95.7,28.5,21.6,13.1
7/2/2002,98.2,81,26.5,20,62.4
7/3/2002,94.8,73.8,28,21.2,3.4
7/4/2002,88.5,91.7,29.4,21.5,5.5
7/5/2002,96.5,73.8,28.5,21.1,13.4
7/6/2002,90.1,87.1,29.1,21.5,2.7
7/7/2002,80.1,71.5,30,21.4,6
7/8/2002,69.1,74.5,30.4,20.6,T
7/9/2002,88.7,67.8,30.1,14.9,0
7/10/2002,94.7,75.9,27.7,21,7
7/11/2002,96.5,83.9,27,20.6,4.6
7/12/2002,91.3,60.4,30.2,19.8,19.5
7/13/2002,85.4,74.4,30.6,19.8,T
7/14/2002,94.6,72.9,28.9,19.1,3
7/15/2002,88.1,82,29.8,19.7,9.4
7/16/2002,90.3,85.8,30.4,21,T
7/17/2002,91.6,87.2,30.7,20.5,1
7/18/2002,91.3,71.5,29.5,19.5,47.2
7/19/2002,89.9,74.8,30.4,21.2,1.2
7/20/2002,94.7,76.1,28,20.6,22.2
7/21/2002,85.4,90.7,28,20.8,5.4
7/22/2002,100,91.2,21.5,20.2,39.4
7/23/2002,100,89.9,25.8,19.1,177
7/24/2002,94.8,77.5,24.9,20,18.1
7/25/2002,96.4,70.8,27.4,19,19
7/26/2002,90.7,87.2,29.1,20,0.2
7/27/2002,94.9,82.5,28,21.2,T
7/28/2002,98.2,80,27.5,19.5,50.1
7/29/2002,86.9,84.3,28.8,20.3,6.2
7/30/2002,91.7,81.3,29,19.4,0
7/31/2002,86.1,74.2,29.7,20,7.8
8/1/2002,89.9,91.7,28.1,19.6,31.4
8/2/2002,92.4,75.1,29.4,20.8,13.8
8/3/2002,90,78.1,29.8,19.6,32.6
8/4/2002,93.3,77.3,29.5,20.6,2.4
8/5/2002,81.4,76.4,28.5,20,7.3
8/6/2002,91.3,71.8,31,19.4,29.4
8/7/2002,83.8,59.3,31.9,18.5,23.4
8/8/2002,94.7,66.5,30.9,19.7,32.9
8/9/2002,87.3,78.5,28.6,21.5,8.6
8/10/2002,98.2,78.7,27.2,20.4,20
8/11/2002,96.5,84.4,26.3,20.5,28.2
8/12/2002,98.3,93.9,28.6,20.6,13.6
8/13/2002,95.7,80.2,29.6,20,39.1
8/14/2002,91.4,85.6,28.4,20,T
8/15/2002,76.9,89.5,29.4,20.2,5.2
8/16/2002,85.5,84.9,29.8,20.6,6.7
8/17/2002,86.9,95.9,28.9,20,42.4
8/18/2002,88.6,82.9,29.6,20.6,7.6
8/19/2002,83.9,87.1,29,20,T
8/20/2002,95.6,89.8,26.5,19.6,26
8/21/2002,98.2,93,24.4,19.2,33.2
8/22/2002,100,84.6,25.4,18.5,45.9
8/23/2002,92.8,70.4,29.1,17.8,2.2
8/24/2002,82,72.4,28.8,19.4,0.3
8/25/2002,81.8,82.2,29.5,19,0.5
8/26/2002,94.8,72.3,28.5,19.9,0.4
8/27/2002,91.7,91.5,30.5,20.5,T
8/28/2002,91.5,73.1,30,19.5,1.3
8/29/2002,95.6,66.6,30.5,19.7,17.4
8/30/2002,91.3,79,30,19.3,27.9
8/31/2002,91.3,90.5,29.9,20,0.2
9/1/2002,93.1,86.5,30.1,19.7,6
9/2/2002,94.8,91.2,29.5,19.4,T
9/3/2002,93.9,79.4,28.8,19.3,15.8
9/4/2002,92.1,75.2,27,20,2
9/5/2002,91.5,77.2,28.8,18.6,7.8
9/6/2002,89,60.1,30.5,17.4,T
9/7/2002,83,71.9,30.2,18.2,1
9/8/2002,89.6,59.2,30.5,17.7,T
9/9/2002,88.1,67.9,30.5,19.6,0
9/10/2002,92.8,63.9,28.4,18.6,18
9/11/2002,94.6,72.5,29.1,18,0.1
9/12/2002,91.1,73.6,25,18.7,0
9/13/2002,85.4,74.2,30,18.4,T
9/14/2002,91.1,67.2,30.4,17.7,0
9/15/2002,91.1,85,30,17.8,0
9/16/2002,89.5,77.5,26.7,18.5,0.6
9/17/2002,92.8,84.8,24.5,19,0.6
9/18/2002,96.3,87.6,27.7,17.9,10.2
9/19/2002,98.1,63.4,30.4,16.4,2.8
9/20/2002,86.7,62.7,31.4,16.4,T
9/21/2002,94.6,91.1,29,16.8,0
9/22/2002,95.3,79.4,24.4,17.5,28
9/23/2002,84.4,61.2,29.2,18.6,1.1
9/24/2002,89,92.8,23.2,18.2,4.6
9/25/2002,97.2,86,24.5,18.2,9.8
9/26/2002,96.2,88.8,20.8,18,29.2
9/27/2002,94.3,67.2,27,16.4,10.4
9/28/2002,97.2,69.7,28.8,17.6,0
9/29/2002,94.6,71.2,28.1,18,0
9/30/2002,83,64.5,29.7,18,0
10/1/2002,89.5,69.9,29.9,17.8,0
10/2/2002,89.1,72.9,28.8,18,0
10/3/2002,94.6,75.6,30.4,17.3,0
10/4/2002,84.3,76.4,29,17.5,0
10/5/2002,91.1,83.7,29.2,18.4,0
10/6/2002,92.6,81.1,28.7,17.6,0
10/7/2002,82.8,68.6,28.5,18,0
10/8/2002,90.3,84.4,26.7,14,1
10/9/2002,90.1,90.5,26,14.7,12.6
10/10/2002,90,58.4,27.5,15,1.4
10/11/2002,90.3,74.5,27.4,14.4,0
10/12/2002,95.9,73.3,27.2,13.6,0
10/13/2002,90.3,74.7,27,14,T
10/14/2002,94.9,68.4,27,13,0
10/15/2002,90,74.7,27,13.5,0
10/16/2002,99,47.4,26.6,12.7,T
10/17/2002,89.6,79,23.8,11.5,0
10/18/2002,73.4,82,24.3,14,0
10/19/2002,90.2,72.4,26.2,14.2,T
10/20/2002,93,79.7,26.8,12.7,0
10/21/2002,89.9,82.8,26,12.5,0
10/22/2002,95.8,87.6,25.6,12.3,0
10/23/2002,93.8,86.1,25.5,12.6,0
10/24/2002,92.6,73.9,25.6,11.6,0
10/25/2002,85.6,71.4,26,9.7,0
10/26/2002,92.6,63.7,25.5,10.3,0
10/27/2002,94.6,72.3,25.2,9.4,0
10/28/2002,92.2,71.4,24.6,9,0
10/29/2002,93.2,67.5,25,9,0
10/30/2002,92.3,73.3,24.6,10,0
10/31/2002,85.1,81.4,24.6,8.8,0
11/1/2002,96.6,77.3,25.5,9.9,0
11/2/2002,97.7,75.6,25.5,9.6,0
11/3/2002,89.2,78.9,24.2,9.4,0
11/4/2002,89.1,79.7,24.3,9.4,0
11/5/2002,93.4,74.6,23.6,8.8,0
11/6/2002,93.2,79.6,24.6,8,0
11/7/2002,91.3,77.8,25,9.6,0
11/8/2002,91.4,66.7,25.5,10,0
11/9/2002,88.8,73.9,25.5,8.2,0
11/10/2002,93.1,70.7,25.7,8,0
11/11/2002,97.6,71.1,26.1,8.5,0
11/12/2002,95.4,73.3,24.6,9.7,0
11/13/2002,92.3,81.1,21.9,12.5,26.4
11/14/2002,100,70.3,22.5,7.5,0.1
11/15/2002,97.5,81.4,23.6,7.3,0
11/16/2002,93.3,73.3,23.9,10.5,0
11/17/2002,97.6,82.8,24.2,8.4,0
11/18/2002,100,81.6,23,8.2,0
11/19/2002,95.1,80.3,22.9,7.2,0
11/20/2002,92.8,80.1,21.6,7.1,0
11/21/2002,96.2,80.3,22.6,7.5,0
11/22/2002,97.5,72.1,23.7,7.3,0
11/23/2002,95,78.8,23.2,7,0
11/24/2002,97.5,75.8,23.1,7.5,0
11/25/2002,95.2,74.6,20.5,8.6,0
11/26/2002,97.5,81,22.3,6.7,0
11/27/2002,100,81.6,23,7.5,0
11/28/2002,100,72.5,24,8,0
11/29/2002,100,74.1,23.8,7.5,0
11/30/2002,93.9,77.2,22.7,6.8,0
12/1/2002,96.2,76.9,23,6.8,0
12/2/2002,94.9,78.4,21.6,5.5,0
12/3/2002,95,78.4,21.7,5.5,0
12/4/2002,100,87.9,22,5.5,0
12/5/2002,96,79.8,20.7,4.8,0
12/6/2002,97.3,69.3,21.2,5.2,0
12/7/2002,97.2,80.3,21.8,4,0
12/8/2002,97.1,80.3,22,3.4,0
12/9/2002,94.8,79.7,20,7.2,0
12/10/2002,94.7,70.9,21,6.7,0
12/11/2002,97.4,70.4,21.5,5.1,0
12/12/2002,95.7,85.2,21.2,4.5,0
12/13/2002,97.2,70.6,21,4.6,0
12/14/2002,94.7,70,21.2,4.6,0
12/15/2002,97.3,74.8,20.9,4,0
12/16/2002,97,77.3,20.8,4,0
12/17/2002,98.5,77.2,20.2,4,0
12/18/2002,97.1,79.2,19.3,4.3,0
12/19/2002,98.6,67.4,18.7,4,0
12/20/2002,96.9,76.6,19,2.3,0
12/21/2002,100,83.8,18.6,3.5,0
12/22/2002,100,82.9,18,4.6,0
12/23/2002,100,74.2,19,3.4,0
12/24/2002,97.1,77.1,17.1,4.5,0
12/25/2002,100,78.4,19,2,0
12/26/2002,89.2,79,19.3,1.9,0
12/27/2002,97,80,18.6,2,0
12/28/2002,93.9,77.5,17.7,2,0
12/29/2002,100,79,17.5,2.5,0
12/30/2002,96.8,79.6,16.6,0.5,0
12/31/2002,100,96,13.5,1.5,0
1/1/2003,94.7,87.6,13,5.6,15
1/2/2003,100,77.4,16.4,2.5,0
1/3/2003,98.4,66.3,22,2.3,0
1/4/2003,98.4,77.9,19.5,1,0
1/5/2003,96.8,69.1,20,1.4,0
1/6/2003,100,74.2,20,1.2,0
1/7/2003,100,76.2,20,0.5,0
1/8/2003,100,77.1,18,1,0
1/9/2003,100,88.5,18.2,0.7,0
1/10/2003,100,68,18.2,0,0
1/11/2003,96.7,71.1,19,-0.2,0
1/12/2003,100,74.9,19.4,1.5,0
1/13/2003,96.8,78.4,19.6,-0.2,0
1/14/2003,100,71.8,19.7,-0.4,0
1/15/2003,100,75.4,20,0.2,0
1/16/2003,100,65.3,21.9,-1.3,0
1/17/2003,92.1,53,23,1,0
1/18/2003,93.9,51.7,22.5,2,0
1/19/2003,95.3,63,23.8,2.4,0
1/20/2003,95.3,65.5,23.1,2,0
1/21/2003,96.8,60.8,20.4,1.9,0
1/22/2003,97,63.5,20.7,2,0
1/23/2003,96.9,56.5,19.3,2,0
1/24/2003,96.9,73.2,18.7,2.3,0
1/25/2003,100,81.4,18.2,2,0
1/26/2003,100,79.1,19.4,1.5,0
1/27/2003,100,88.6,19,3.6,0
1/28/2003,97.1,71.3,17.2,3.7,0
1/29/2003,97.4,92.7,11.2,8,1.5
1/30/2003,100,78.2,18.5,5,3
1/31/2003,97.3,97.6,16,5.4,0
2/1/2003,97.4,82.7,19.1,8,20.7
2/2/2003,95,81.7,15.5,9,0.2
2/3/2003,98.5,60.7,20.5,3.1,0
2/4/2003,97,72.7,17.1,3.5,0
2/5/2003,94.1,69.1,21.5,2.4,0
2/6/2003,91.5,66.7,21.5,3,0
2/7/2003,100,71.1,21.6,4.7,0
2/8/2003,100,65,22.3,7,0
2/9/2003,100,55.3,21.1,3.2,0
2/10/2003,97,64.1,21.6,2.5,0
2/11/2003,82.8,62.1,21.1,3,0
2/12/2003,94.4,51.7,20.8,3.1,0
2/13/2003,94.1,61.4,21.5,2.5,0
2/14/2003,96.9,67.8,19.6,2,0
2/15/2003,94.2,72.1,20.2,2.6,0
2/16/2003,94.7,69.5,21,7,0
2/17/2003,100,70.9,21.9,5.7,0
2/18/2003,95.1,72,21.7,8.5,0
2/19/2003,97.5,79,13.7,9.3,19.6
2/20/2003,97.4,68.5,20,6,12.3
2/21/2003,95.9,68.9,21.5,4,0
2/22/2003,100,69.1,21.4,4.5,0
2/23/2003,88.4,64.4,22.4,8.5,0
2/24/2003,95,70.9,23.4,6.4,0
2/25/2003,89.5,68.6,21.8,7,T
2/26/2003,97.5,76.8,21.5,8.5,8.3
2/27/2003,97.5,74.1,22.8,7.8,7.3
2/28/2003,96.4,70.2,22.7,8.6,0
3/1/2003,100,59.5,24.8,7.6,0
3/2/2003,100,55.3,25.3,7.8,0
3/3/2003,88.7,40.9,26.7,8,0
3/4/2003,95.2,52.3,26,8.8,0
3/5/2003,90.9,37.9,25,5.2,0
3/6/2003,87,63,24,4.5,0
3/7/2003,83.4,62.6,22,6.9,0
3/8/2003,70.7,57.1,23,4,0
3/9/2003,92.1,58.8,22.2,5.2,0
3/10/2003,90.1,55.9,25,6.5,0
3/11/2003,82.3,57,26,7.3,0
3/12/2003,82.4,86.5,20.7,9,0
3/13/2003,86.9,67.2,22,6,3.5
3/14/2003,87,69.5,23.8,5.6,0
3/15/2003,94.5,67.5,23,12,T
3/16/2003,83.4,58.9,25.6,11,0
3/17/2003,85.1,45.3,24.5,7.5,1.6
3/18/2003,69,54.6,24.3,9.3,T
3/19/2003,72.7,75.6,24,7.4,0
3/20/2003,78.4,55.6,24.5,8,T
3/21/2003,75.7,65.3,23.5,10.4,0
3/22/2003,83.8,63.9,26.2,13.4,T
3/23/2003,89.7,66.9,27.3,12.6,0
3/24/2003,90,91.4,25.5,13,26
3/25/2003,85.2,54.5,25.5,11.5,16.4
3/26/2003,88.5,95.5,24.4,10,0
3/27/2003,97.6,64.9,24.8,10.2,34.8
3/28/2003,85.9,62.8,27.5,12.9,0.2
3/29/2003,94.8,81.8,20.5,13.5,0
3/30/2003,89.6,67.4,26.2,12,3.4
3/31/2003,79.7,58.3,26,11,T
4/1/2003,83,68.3,26.9,11.8,0
4/2/2003,93.6,62.5,27.1,12,5
4/3/2003,87.8,62.1,27.5,12.6,0
4/4/2003,72.2,48.5,27.7,12.7,0.4
4/5/2003,80,54.5,27.5,12.7,T
4/6/2003,81.2,45.8,28.2,11.6,0
4/7/2003,76.3,46,29,11.5,0
4/8/2003,72.5,43.2,29.1,11.3,0
4/9/2003,65.7,52.6,28.8,11.4,0
4/10/2003,82,55.6,29,12.6,0
4/11/2003,72.5,60.3,28.7,11.8,0
4/12/2003,81.7,63.2,29.2,12.8,T
4/13/2003,83,59.9,30.2,13.5,0
4/14/2003,77.7,63.6,30.8,12.5,0
4/15/2003,82.1,49.6,29,11.5,4.2
4/16/2003,78.4,68.1,30,13.4,T
4/17/2003,82.7,57.5,27.7,12,6.7
4/18/2003,77.6,56.9,30,13.4,0
4/19/2003,81.9,60.4,30.6,14.5,0
4/20/2003,62.1,37.5,30,14.5,2
4/21/2003,70.4,66.4,29,14,0
4/22/2003,83.2,56,29,11.5,0.2
4/23/2003,78.3,71.3,29.2,14,0
4/24/2003,75.3,68.8,29.5,17.1,0
4/25/2003,82.6,79.3,29,17.4,0
4/26/2003,80.4,68.6,30.1,18.7,T
4/27/2003,69.1,64.7,27.6,14,8
4/28/2003,83.3,68.7,29,16.2,8.4
4/29/2003,82.1,76,26.2,15,1.2
4/30/2003,82.6,64.7,23.7,11.9,1.9
5/1/2003,84.2,86.7,26.7,12,0
5/2/2003,94.1,68.4,27,15.4,8.4
5/3/2003,82.4,74.2,30.6,14.3,0
5/4/2003,74.3,60.6,28,12.8,6.5
5/5/2003,72.5,49.2,29.4,12.4,0
5/6/2003,62.5,35.9,30.2,10.8,0
5/7/2003,52.1,30.1,29.2,11,0
5/8/2003,61.3,26.4,29.5,11.6,0
5/9/2003,59.8,46.5,29,12.1,0
5/10/2003,71.8,59.7,27.9,10.6,2.6
5/11/2003,79.9,69.6,26.9,13.3,0
5/12/2003,72.2,62,28.4,13,0
5/13/2003,72.9,60.8,30.5,16.6,0
5/14/2003,71.8,85.8,28.7,13,T
5/15/2003,71.8,85.8,30,15.4,T
5/16/2003,74.1,58.1,29.6,13.6,5
5/17/2003,68.4,52.1,30.8,16.4,0.8
5/18/2003,63.5,62.8,31,13.7,T
5/19/2003,84.4,64.9,29.6,13.6,5.5
5/20/2003,82.8,82.1,29.4,15.6,0
5/21/2003,81.3,65.5,30.1,16,0.8
5/22/2003,88.6,73.1,26.3,17.6,T
5/23/2003,80.4,75.8,29.2,15.5,2.4
5/24/2003,75.2,62.3,29.4,17.4,3.1
5/25/2003,80.9,59.9,29.2,15.5,1.2
5/26/2003,81.4,52.6,30.6,15.8,1.4
5/27/2003,67.9,51.9,32,15.8,0
5/28/2003,68.1,52.9,32.6,15.7,0
5/29/2003,65.1,53.1,32.5,16.5,0
5/30/2003,76.7,60.1,33.1,18.3,0
5/31/2003,76.7,60.1,31.8,18.7,0
6/1/2003,81.2,66.1,31.9,19,0
6/2/2003,75.6,61.8,31,20.2,0
6/3/2003,78.4,91.4,32.3,18.2,1.3
6/4/2003,96.1,69.7,27.8,16.2,30.2
6/5/2003,76.3,74.4,29,17.6,7.6
6/6/2003,91,91.2,27.4,17.5,4.1
6/7/2003,83,73.7,28,17.4,4.8
6/8/2003,83.2,81.8,27.2,18.5,0.6
6/9/2003,74.3,71,29,18,T
6/10/2003,89.1,65.1,30,20,1.5
6/11/2003,90.8,67.2,28.7,17.8,24.5
6/12/2003,83.6,73.7,31,18.8,0.4
6/13/2003,82.3,65.2,30.5,20,T
6/14/2003,72.4,66.7,26.7,19.5,0
6/15/2003,76,100,29.5,18,11.4
6/16/2003,87.8,69,26.3,19.8,T
6/17/2003,75.1,73.9,30.5,17.8,0.3
6/18/2003,68.6,80,28.8,20,T
6/19/2003,77.8,70.5,30.1,19.5,7.2
6/20/2003,88.4,84.6,26.5,20,16.5
6/21/2003,89.9,82.8,27.5,19.7,17.5
6/22/2003,81.1,75.3,28.5,19.4,18.1
6/23/2003,88.4,91.8,27.5,20.4,4.4
6/24/2003,94.7,82.5,24.4,19.4,16.8
6/25/2003,82.4,74.7,29.6,20,5.3
6/26/2003,83.7,93.2,30.6,21,3
6/27/2003,98.2,90.6,28.5,20.2,9.8
6/28/2003,91.4,93.1,25.8,20.7,T
6/29/2003,95.6,77.7,28.6,19.8,25
6/30/2003,89.8,78,29.8,19.6,12
7/1/2003,99.1,80.3,27.5,19.8,37.8
7/2/2003,85.5,85.3,30.5,20,4.6
7/3/2003,93.9,67.9,30.3,20,61.7
7/4/2003,91.7,86.8,24.5,20.6,15.2
7/5/2003,87,78.6,27.7,20.5,9.8
7/6/2003,78.9,81.5,30.2,19.9,2.1
7/7/2003,83.7,80.3,29.3,20.4,0.2
7/8/2003,89.9,84.3,27,20,30
7/9/2003,93.8,94.9,25.4,20.5,39.4
7/10/2003,92.3,93.5,25.2,19.4,11.9
7/11/2003,86.8,89.2,29.3,20,T
7/12/2003,83.8,82.5,28.6,20.5,3.2
7/13/2003,86.1,83.8,28.3,20,0.6
7/14/2003,94.8,82.9,27.5,20,68.2
7/15/2003,91.5,79,29.6,20.4,32.4
7/16/2003,79.9,91.6,30.1,20,0
7/17/2003,89.9,90.2,29.3,20,63
7/18/2003,82.8,91.6,28,21.1,23.4
7/19/2003,93.1,89.9,26.2,20.6,25.8
7/20/2003,95.6,78.8,28,19.5,18.8
7/21/2003,79.4,75.9,29.4,20.2,0.8
7/22/2003,91.6,84.3,30,21,1.6
7/23/2003,88.5,70.5,30.5,21.4,0.2
7/24/2003,77.9,67.6,32,19.2,9.8
7/25/2003,68.1,70.4,30.2,21.3,0
7/26/2003,80.1,80.7,31.2,20.4,6.4
7/27/2003,81.8,76.4,30.8,20.5,8.6
7/28/2003,79.9,73.8,30.8,19.8,0
7/29/2003,75.6,81.4,29,21,6
7/30/2003,92.5,94.8,27,21.5,10
7/31/2003,92.4,90.3,27.7,19.9,100
8/1/2003,87,87.8,29,20,1
8/2/2003,88.3,91.7,27.7,21,1.2
8/3/2003,91.5,82.9,28.7,20.5,10.6
8/4/2003,91.7,93.1,30.3,21,T
8/5/2003,84,94,30.2,20.5,1.6
8/6/2003,86.8,66.4,31.6,19.9,14.9
8/7/2003,81.5,72.9,31.9,21.2,0
8/8/2003,84.9,73.8,28.8,20,75.7
8/9/2003,81.8,71.1,31.2,20.6,0
8/10/2003,87.7,76.2,28.7,20.9,1.8
8/11/2003,84.5,91.7,29.3,20.6,39.8
8/12/2003,83.9,87,29.3,21,4
8/13/2003,87.1,80.7,30.5,20.5,4.6
8/14/2003,81.2,84.2,30.5,20.3,T
8/15/2003,81.7,77.3,30.8,21.3,0
8/16/2003,81.8,87.3,30.1,20.5,0
8/17/2003,94.8,84.1,28.1,21.1,21.6
8/18/2003,89.7,94.8,22.7,20.5,55.2
8/19/2003,96.4,91.5,24.6,19.5,35.8
8/20/2003,96.4,83.9,25.6,19.6,8.4
8/21/2003,89.8,81.5,30.7,19.8,8
8/22/2003,79.8,85.5,31,20.7,0.8
8/23/2003,90.1,82.1,30.6,20.5,6.2
8/24/2003,88.4,76.7,28.8,19.7,0
8/25/2003,89.2,71.5,27.3,20.1,1
8/26/2003,88.3,71.5,29.2,20.6,11.6
8/27/2003,90,71.5,29.5,20.3,6
8/28/2003,84.1,83.1,29.5,20.5,0.5
8/29/2003,87.2,93.3,30,20.7,14.9
8/30/2003,76.9,81.3,29.5,20.3,1
8/31/2003,84.1,97.4,27.4,20.8,20.8
9/1/2003,92.2,86.8,28.8,19.5,16
9/2/2003,91.3,83.9,27.6,20,29
9/3/2003,79.7,79.7,28.6,20.6,0.2
9/4/2003,83.8,84.1,29.8,20.4,0.3
9/5/2003,86.6,83.8,29.8,18.8,32.5
9/6/2003,83.6,87.1,30.2,18.2,4.3
9/7/2003,87.7,80,29.3,20,9.5
9/8/2003,94.8,79.2,28.8,20.5,0.8
9/9/2003,86.9,83.7,28.5,20.4,1.6
9/10/2003,89.7,79.9,30.7,19,T
9/11/2003,85.1,81.2,30.4,19.6,0
9/12/2003,79.4,86.4,30.6,20.2,2.2
9/13/2003,90,93.2,29.7,20.7,0.6
9/14/2003,86.8,84.1,29.4,19.8,23.3
9/15/2003,94.7,90,27,19.5,2.8
9/16/2003,85.9,79.2,28.8,18.4,26.1
9/17/2003,83.7,84.4,30.6,19.6,0.5
9/18/2003,89.9,86.3,29,19.5,22.5
9/19/2003,85.3,75,30,19.3,T
9/20/2003,91.5,77.3,30.3,20.8,0
9/21/2003,98.2,87.2,27.9,20,49.4
9/22/2003,95.6,76.5,27.4,20,3.6
9/23/2003,98.2,82.6,26.9,19.5,33.6
9/24/2003,98.1,92.7,20.4,17.6,24.2
9/25/2003,92.7,89.7,25.6,18,4.3
9/26/2003,87.9,77.1,29.1,18.2,0.2
9/27/2003,78.9,77.3,29.3,18,0
9/28/2003,89.6,81.1,29.6,18,0
9/29/2003,92.1,86.2,24.9,18.5,0
9/30/2003,91.1,96.3,24.5,18.2,5.9
10/1/2003,94.4,76.4,28.9,17.4,9.8
10/2/2003,92.8,77.1,29.4,18.5,0
10/3/2003,91,76.3,29.6,16.7,0
10/4/2003,87.5,74.8,29.2,16.4,0
10/5/2003,85.3,76.3,28.9,14,0
10/6/2003,85.4,72.8,29.3,14.5,0
10/7/2003,85.6,78.1,27.7,15,0
10/8/2003,90.8,86,25,17.4,0
10/9/2003,98.1,94,26,18.2,7.6
10/10/2003,84.7,73.6,28.5,18,0.3
10/11/2003,94.2,76.7,28.7,14.7,0
10/12/2003,90.9,74.6,28.6,15.5,0
10/13/2003,88,73.4,28.8,14.5,0
10/14/2003,97.9,73.6,29.2,14.2,0
10/15/2003,93.2,81.2,29,14.6,0
10/16/2003,90.4,75.8,27.7,15.7,0
10/17/2003,85.7,80.5,28,16.4,0
10/18/2003,94.2,75.8,27.5,15.3,0
10/19/2003,89.5,77.3,28,13.5,0
10/20/2003,95.9,75,27.8,14,0
10/21/2003,95.9,47.4,28,11.8,0
10/22/2003,100,67.1,27.6,11,0
10/23/2003,88.3,71.7,27.2,10,0
10/24/2003,89.8,78.8,23,13.4,0
10/25/2003,94.1,82.3,23.9,15.8,0
10/26/2003,92,83,22.7,14.8,T
10/27/2003,90.4,83,27.8,15.2,0
10/28/2003,90.3,75.8,27.3,15.7,0
10/29/2003,89.2,71,27,12,0
10/30/2003,87.3,74.2,27,12.5,0
10/31/2003,91.7,78,26.8,11.5,0
11/1/2003,88.1,67.5,26.3,13.3,0
11/2/2003,93.5,81.7,25.6,10.7,0
11/3/2003,94.5,78.4,25.4,9.9,0
11/4/2003,97.7,82,25.3,10,0
11/5/2003,93.6,80,25,11.6,0
11/6/2003,92.6,78.2,25.2,10.7,0
11/7/2003,94.4,79.8,25,9.5,0
11/8/2003,91.2,81.4,24.8,10,0
11/9/2003,95.4,81.9,25,9.5,0
11/10/2003,95.5,76.8,24.3,10.2,0
11/11/2003,88.5,81.4,23.5,11.4,0
11/12/2003,89.4,78.8,23.2,12,0
11/13/2003,94.3,82.9,23.1,9.3,T
11/14/2003,86,79.3,24,9.7,0
11/15/2003,97.7,83.2,24.5,9.8,0
11/16/2003,97.8,84.4,24,11.4,0
11/17/2003,93.3,79.1,23,9.8,0
11/18/2003,97.5,76.8,22.5,6.5,0
11/19/2003,94.8,70.9,22.8,6.2,0
11/20/2003,90.1,80.3,23.5,5.5,0
11/21/2003,90.1,76.8,23,6.6,0
11/22/2003,89.1,83.3,23,10.5,0
11/23/2003,97.6,82.5,23.2,8.6,0
11/24/2003,95.2,79.1,22.8,7.5,0
11/25/2003,90.8,83.9,23,8.1,0
11/26/2003,96.6,79.7,22.2,10.1,0
11/27/2003,96.5,76.9,22.5,8.6,0
11/28/2003,91.9,77.6,21,8.6,0
11/29/2003,98.8,78.3,20.4,7.4,0
11/30/2003,96.1,83.1,21,5,0
12/1/2003,98.7,79.5,21.5,6.5,0
12/2/2003,96,94.6,21.2,5.5,0
12/3/2003,100,78.9,20.3,6.7,0
12/4/2003,98.8,79.3,20.3,7.5,0
12/5/2003,97.4,90.4,20.3,5.4,0
12/6/2003,97.3,95.6,19.7,5.5,0
12/7/2003,96.3,87.8,20.5,8.5,0
12/8/2003,94.9,89.6,21.6,7,0
12/9/2003,94.9,71.8,20.6,7,0
12/10/2003,95,79.1,19.9,7.8,0
12/11/2003,97.2,69.7,20.7,5.5,0
12/12/2003,96,70.8,22.5,4.6,0
12/13/2003,93.4,66.4,22.4,4.2,0
12/14/2003,94.3,70.4,22.7,4,0
12/15/2003,95.8,69.3,20.6,3.7,0
12/16/2003,98.6,74.7,17,5.5,0
12/17/2003,96.8,94.7,20.5,1.5,0
12/18/2003,94,93.8,19.7,2.7,0
12/19/2003,97.1,70,21.2,3,0
12/20/2003,92.9,70,21,3,0
12/21/2003,93.9,69.9,20.7,3,0
12/22/2003,95.4,71.8,20.5,2.7,0
12/23/2003,94.2,69.5,20.5,3,0
12/24/2003,95.6,73.7,20,3.7,0
12/25/2003,91.1,68.1,19.2,2.2,0
12/26/2003,96.9,68.7,19.1,1.4,0
12/27/2003,94.5,83.8,15,2.8,0
12/28/2003,97.3,92.9,8.4,5,7.8
12/29/2003,100,80.2,15.6,1.7,10.8
12/30/2003,100,77.7,17.5,2.3,0
12/31/2003,100,77.8,16.5,2.5,0
1/1/2004,96.9,81.7,18.8,2.4,0
1/2/2004,96.9,78.5,19,1.1,0
1/3/2004,100,86.6,18.3,1.7,0
1/4/2004,96.7,82.6,18.3,1,0
1/5/2004,96.7,86.9,17.8,1.3,0
1/6/2004,94.4,65.7,19.5,2,0
1/7/2004,97,72.5,20.9,2,0
1/8/2004,96.9,62.4,20,2,0
1/9/2004,96.9,64.6,20.3,1,0
1/10/2004,93.6,60.7,20.5,1.3,0
1/11/2004,96.9,71.3,19.5,1.5,0
1/12/2004,97,65,20.3,2.5,0
1/13/2004,94,77,19.5,2.4,0
1/14/2004,95.9,68.5,19.5,6,0
1/15/2004,94.1,71.6,19.5,2.9,0
1/16/2004,92.2,80.7,16.6,6.7,0
1/17/2004,97.1,69.1,18.6,3.5,0
1/18/2004,96.9,72.9,20,2.3,0
1/19/2004,95.7,73.6,20.5,3,T
1/20/2004,97,90.5,19.2,2.8,0
1/21/2004,97.3,80.6,18.2,6.5,0
1/22/2004,97.5,75.4,17.6,8.6,6.4
1/23/2004,97.5,97.6,11.5,8,5
1/24/2004,97.5,87.3,11,7,6.4
1/25/2004,98.4,81.4,15.1,3,9.1
1/26/2004,96.7,75.2,16.6,0.6,0
1/27/2004,96.9,73.4,17.1,0.6,0
1/28/2004,96.8,76.7,17.5,0.8,0
1/29/2004,98.5,78.7,17.7,3.6,0
1/30/2004,95.6,70,19.2,3.3,0
1/31/2004,94.5,71.1,17.3,4.3,0
2/1/2004,100,54.9,19.4,1.5,0
2/2/2004,93.9,55.3,19.5,1,0
2/3/2004,96.8,63.1,19,1,0
2/4/2004,93.8,86,17.6,0.6,0
2/5/2004,86.5,68.1,18.2,5,0
2/6/2004,95.7,62.1,17,2.7,0
2/7/2004,88.6,72.7,18.5,2.6,0
2/8/2004,94,67.4,19.6,1.8,0
2/9/2004,91.2,57.8,22.4,2,0
2/10/2004,97.1,57.8,23.5,3.5,0
2/11/2004,94.4,55.5,22.5,3.3,0
2/12/2004,89,44.7,22.1,3.4,0
2/13/2004,84.8,57.4,23.2,5.1,0
2/14/2004,92,58.5,23.5,5,0
2/15/2004,94.7,84.6,20.3,4.8,0
2/16/2004,94.5,56.9,22.2,4.3,T
2/17/2004,94.7,59.7,23.2,4.4,0
2/18/2004,94.8,63.2,24,6.5,0
2/19/2004,94.9,62.8,22.9,6.3,0
2/20/2004,80.6,63,23,5.7,0
2/21/2004,95,65,22.5,6.1,0
2/22/2004,95.1,70.7,21.6,7.2,0
2/23/2004,96.3,70.3,23.5,7.3,0
2/24/2004,89.2,55.6,23.5,11.6,0
2/25/2004,89.2,66.7,21.4,12,0
2/26/2004,91.1,88,25,9.8,0
2/27/2004,95.6,66.9,25,10.9,0
2/28/2004,95.2,38.1,25.8,8.4,0
2/29/2004,89.4,37.1,27.3,7.7,0
3/1/2004,96.4,39.8,28,7.2,0
3/2/2004,86,40.3,27.8,7,0
3/3/2004,87.4,55.5,27,7.3,0
3/4/2004,83.2,55.8,26,10.3,0
3/5/2004,94.2,60.1,27.8,9.5,0
3/6/2004,94.2,61.7,25.8,7.5,0
3/7/2004,79.9,60.8,22.3,6.3,0
3/8/2004,70.9,48.1,24.8,5.5,0
3/9/2004,77.7,37.8,27.6,6.5,0
3/10/2004,79.7,80.3,22.8,7.6,0
3/11/2004,91.4,63.1,24.2,11,2.7
3/12/2004,87,65.3,23.5,9.7,0
3/13/2004,95.7,68,25.1,12.4,0.4
3/14/2004,97.8,74.6,24.4,11.3,0
3/15/2004,96.7,97,26.1,11.3,0
3/16/2004,97.8,67.7,26.1,12,29.2
3/17/2004,97.9,68.1,27.4,12.8,T
3/18/2004,91.4,67.3,28,15.3,0
3/19/2004,86.7,63.8,27.8,15.6,0
3/20/2004,86.4,75.2,29.1,16.4,0
3/21/2004,85.9,71,28.4,18,0
3/22/2004,80.5,63.6,28.4,15.4,0
3/23/2004,86,50.8,29.6,14.2,0
3/24/2004,72.1,40.3,30.6,13,0
3/25/2004,67.4,37.6,30.7,11.4,0
3/26/2004,63,33.7,30.5,9.7,0
3/27/2004,68.4,39.8,28.6,10,0
3/28/2004,61.2,31.1,30,9.5,0
3/29/2004,56.2,37.6,30.2,10,0
3/30/2004,70,44.2,29,9,0
3/31/2004,69.1,46,27.5,9,0
4/1/2004,65.9,49.5,27.6,8.6,0
4/2/2004,78,57.9,25.6,10.9,0
4/3/2004,80.3,60.2,26.5,10.9,26.5
4/4/2004,75.8,49.1,28,13.5,T
4/5/2004,78.1,61.4,27.1,14.5,0
4/6/2004,75.5,49.8,29.2,14,0
4/7/2004,73,90.3,23.5,13.5,0
4/8/2004,80.1,69.3,27.2,10,T
4/9/2004,74.7,69,27.3,13.6,0.2
4/10/2004,86.8,61.5,29.4,13.3,2.4
4/11/2004,83.7,54.2,30.6,15,0
4/12/2004,81.4,60,30.5,13.6,0
4/13/2004,74.2,50.1,29.5,13,0.3
4/14/2004,73.1,55,30.6,13.5,0.2
4/15/2004,63.1,47.7,31.3,13.5,0
4/16/2004,92.1,55,29.8,12.8,7.2
4/17/2004,73.8,55.9,30,14.6,0
4/18/2004,94.2,92.6,30,5.7,13.5
4/19/2004,90.3,79.1,25.2,13.5,72.4
4/20/2004,90.5,70.5,26.7,17,T
4/21/2004,83.7,66.7,29.3,15.5,0
4/22/2004,78.5,85.8,29.5,17,T
4/23/2004,77.1,67,26.8,13.4,10.4
4/24/2004,68.7,81.6,26.8,14.7,0.4
4/25/2004,83.8,57.3,26.2,11.4,1
4/26/2004,81.1,76.9,28.5,12.6,0
4/27/2004,73.1,86.9,26.4,14.4,0.4
4/28/2004,83.4,87.8,19,14.5,10.6
4/29/2004,85.9,62.8,26.6,12.7,18.6
4/30/2004,78.9,59.8,25.5,15.4,0
5/1/2004,65,59.6,26.1,13.5,8.6
5/2/2004,75.1,58,28.5,12.2,6.1
5/3/2004,73.3,48.6,28.6,12.7,0
5/4/2004,66.4,48.6,28.2,12.6,0
5/5/2004,70.3,48.3,28.3,14,0
5/6/2004,68,59.3,30,13.6,0
5/7/2004,70.6,52.9,30.8,15.3,0
5/8/2004,65.3,47.4,31.3,14.9,0
5/9/2004,71.1,63.1,30.9,16,0
5/10/2004,72.8,64.8,31.7,18.4,0
5/11/2004,67.7,54.2,32.4,16.6,0
5/12/2004,69,58.5,32.5,16.7,0
5/13/2004,66.7,60.1,32.4,18.1,0
5/14/2004,71.5,53.2,32.7,19.7,0
5/15/2004,63.9,60.4,33.7,19.4,0
5/16/2004,76.9,78.2,32.7,22.2,0
5/17/2004,91.3,82.3,29.5,19.3,21.8
5/18/2004,87,78.2,30.7,21,9.5
5/19/2004,94.6,88.2,26.2,18.5,16.3
5/20/2004,97.1,94.2,22,17.6,47.3
5/21/2004,90.8,94.4,22,15.8,18.2
5/22/2004,90.8,86.1,22.6,16.3,1.4
5/23/2004,84.6,91.2,28,16.3,0.7
5/24/2004,85.5,86,27.7,14,17.6
5/25/2004,85.4,77.3,26,15.7,0.2
5/26/2004,90.1,72.5,26.5,16.2,18.3
5/27/2004,94.4,79.2,27.5,17.3,1.6
5/28/2004,85.5,76.3,25.5,17.5,0.5
5/29/2004,83.2,79.2,27,16.2,0
5/30/2004,83.7,80.7,26.6,16.4,0.3
5/31/2004,84.9,89.9,27.3,17,0.4
6/1/2004,96.1,79.7,26.5,16.2,23.8
6/2/2004,96.3,67.9,28.5,17.8,1.2
6/3/2004,86.2,69.4,28.1,18.4,5.4
6/4/2004,89.7,82,27,18.2,0
6/5/2004,89.3,83.2,27.4,17,1.9
6/6/2004,85.4,69.7,27.8,16,13
6/7/2004,83.2,92.9,27.8,18.6,0.9
6/8/2004,83.2,75.5,29.4,18,18.3
6/9/2004,91.2,77,27,19,3.8
6/10/2004,85,93,26.8,18,T
6/11/2004,82.2,77.4,28.5,18.7,14
6/12/2004,92.8,73,29.7,18.2,19.2
6/13/2004,83.6,94.8,27.5,19,0
6/14/2004,82.2,82,29.8,19.5,10
6/15/2004,86.8,75.7,29.8,20.5,T
6/16/2004,94.8,84.5,27.7,21,4.7
6/17/2004,82.5,77.8,28,20,3
6/18/2004,93.2,85.5,29.1,19.9,22.4
6/19/2004,91.6,80.5,28,20.2,4.2
6/20/2004,91.6,91.9,28.3,18.5,2.9
6/21/2004,95.6,90.2,28.5,21,3.5
6/22/2004,88.4,81.8,29.4,20,28.7
6/23/2004,76.5,80.1,30.2,20,T
6/24/2004,81.6,89.7,29.5,18.9,0.9
6/25/2004,81.3,76.2,31.1,19.8,1.2
6/26/2004,82.6,71.5,32.4,20.6,0
6/27/2004,78.3,76,31,19.2,0
6/28/2004,81.6,75.3,31,20.4,T
6/29/2004,81.5,76.5,30.2,19,0
6/30/2004,91.6,84.6,28,21,T
7/1/2004,90.7,84.6,29.4,21.6,0.9
7/2/2004,85.4,95.1,31.2,21,T
7/3/2004,94.8,92,29.5,20.4,1.8
7/4/2004,90.1,89.5,29.4,20.6,1.2
7/5/2004,84.6,93.9,29.5,21.4,3.3
7/6/2004,94.9,88.7,31,21.5,1.2
7/7/2004,96.5,84.1,25.6,21,1.9
7/8/2004,96.5,96.4,25.7,20.5,4.8
7/9/2004,96.4,88.3,24.6,19.2,74.6
7/10/2004,96.4,94.9,23.8,19.6,27.4
7/11/2004,97.3,84,26.1,19.6,38.7
7/12/2004,94.7,84.1,25.3,19.7,6.6
7/13/2004,92.2,80.9,26,19.6,11
7/14/2004,75.9,82.5,28.1,19.5,T
7/15/2004,80.6,91.4,29.5,19.5,0.1
7/16/2004,93.1,85.8,28.6,20.2,36.2
7/17/2004,85.5,98.2,27.4,20.2,0.9
7/18/2004,90,93.6,27.7,20.3,73.5
7/19/2004,84.1,84.1,27.6,20.6,0.1
7/20/2004,89.3,77.8,28.5,18.2,20.2
7/21/2004,96.4,91.7,26,20.6,2.3
7/22/2004,94.8,84.3,27.5,20.5,8.7
7/23/2004,90,87.3,28.5,20.3,4
7/24/2004,91.6,94.8,28.7,20.4,2.5
7/25/2004,92.2,98.3,26,19.6,54.5
7/26/2004,90.7,92.4,28,20.2,1.8
7/27/2004,90.5,87.3,27,19.2,41.7
7/28/2004,93.9,96.6,28.4,19.6,19.1
7/29/2004,90.7,97.4,26.5,19.8,17.2
7/30/2004,93.1,88.6,28,20.1,3.3
7/31/2004,93.2,78.6,29,20.2,T
8/1/2004,88.3,78.3,30.4,19.2,0.4
8/2/2004,83,88.5,28.2,20.4,0
8/3/2004,82.5,85.9,30.1,20.7,2.4
8/4/2004,94.9,88.7,29,20.1,30.8
8/5/2004,84.1,77.9,29.4,20.9,3.4
8/6/2004,84,76.1,29.3,21,0
8/7/2004,91.6,85.8,26.2,21.7,3.6
8/8/2004,86.9,92.4,28.6,20.6,3.8
8/9/2004,91.7,83.2,29,20.8,10.2
8/10/2004,87.5,82.4,29.2,20.6,4.4
8/11/2004,83.8,77.1,29.8,19.3,T
8/12/2004,84.5,87.1,28.5,20,T
8/13/2004,83.9,93.1,28.1,20.4,52.1
8/14/2004,84.9,77.8,30.4,19.8,4
8/15/2004,87.5,80.9,30.2,21,T
8/16/2004,86.8,67.6,28.5,20,21.8
8/17/2004,89.1,80.9,30,21.6,1.5
8/18/2004,86.8,91.4,28.5,20.5,3.8
8/19/2004,86.5,74,29.3,20.4,2.1
8/20/2004,86.7,85.5,26.4,20.4,6.2
8/21/2004,86.8,67.5,28.5,20.8,1.4
8/22/2004,83.9,67.2,30,20.6,T
8/23/2004,74,69.9,31,20.8,0.2
8/24/2004,72.7,83.9,31.1,20.5,8.2
8/25/2004,80.9,95.7,29.4,20.6,9.4
8/26/2004,88.3,71.5,30.6,20.6,32.6
8/27/2004,90,74.5,29,21.2,0
8/28/2004,83.9,76.9,29.7,20.7,0
8/29/2004,89.2,78.3,28.7,20.8,5.6
8/30/2004,83.9,81.5,28,21.4,0.5
8/31/2004,94.8,93.1,28.3,21,11
9/1/2004,96.5,86,29,20.5,45.6
9/2/2004,86.8,74.9,29.7,20.8,0.2
9/3/2004,89.1,94,26.6,20.9,T
9/4/2004,96.5,78.5,28.2,20.6,3
9/5/2004,86.8,87.1,30.5,20,T
9/6/2004,84,76,30.5,20.7,8
9/7/2004,93,82.7,26.5,20,11.2
9/8/2004,91.6,84.3,27.5,21.2,9
9/9/2004,93.1,93.1,27.5,20.4,T
9/10/2004,95.5,80.9,27.2,19.3,3.6
9/11/2004,83.6,85.2,26.5,19.5,T
9/12/2004,93.1,80.2,27.3,18.8,9.6
9/13/2004,96.4,77.7,27.8,19.5,7.4
9/14/2004,91.2,71.2,27.5,19,23.6
9/15/2004,82.5,83.3,28.5,18.2,4.2
9/16/2004,83.4,91.1,29.2,17.9,9.8
9/17/2004,92.9,94.6,28,18.7,15.3
9/18/2004,92.8,71.2,28.2,18.6,34.7
9/19/2004,91.3,80.4,27.7,19.5,1.3
9/20/2004,83.2,81.2,27.6,19,8
9/21/2004,81.8,82.2,28.8,18.6,1
9/22/2004,76,72.9,29.5,19,T
9/23/2004,83.4,71.6,28.1,18.6,0
9/24/2004,87.1,69.1,29.5,17.9,0
9/25/2004,82.5,66.1,29.4,19.7,0
9/26/2004,91.1,65.8,29.5,18.4,0
9/27/2004,78.8,83.3,27,18.4,0
9/28/2004,88.6,77.6,28,19,0
9/29/2004,93.6,76,26.4,18.6,3.6
9/30/2004,92.7,80.2,25,18,T
10/1/2004,97.2,76,26,18.8,6.4
10/2/2004,87.8,82.7,29,18,6.4
10/3/2004,88.6,79.9,27.7,17.8,13.5
10/4/2004,88,91,26.6,15.7,13.3
10/5/2004,88.2,78.5,27,17.2,0.5
10/6/2004,82.3,88.1,28.4,16.8,0
10/7/2004,96.3,79.8,28,17.2,62.1
10/8/2004,88.6,76,28,17.9,1.1
10/9/2004,84.8,74.4,27.2,16,0
10/10/2004,92.7,75.4,27.6,17,0
10/11/2004,89.1,77,27.7,18,0
10/12/2004,86.6,93.8,22.6,15.2,0
10/13/2004,88.1,57.6,26.9,11.5,12.3
10/14/2004,95.9,79.6,24,14.1,T
10/15/2004,84.2,82.4,26,11.2,0.3
10/16/2004,87.5,63.7,26.4,9.2,2
10/17/2004,91.5,68.9,27.4,11.4,0
10/18/2004,88.2,63.8,27.8,12,0
10/19/2004,93.9,60.1,27.2,12,0
10/20/2004,80.6,62.9,27.1,11.2,0
10/21/2004,88.3,60.1,27,11.4,0
10/22/2004,89.5,59.1,25,11.2,0
10/23/2004,82.2,61.4,25.5,10.6,0
10/24/2004,93.5,88,24.2,10.6,0
10/25/2004,95.5,76.1,25,10.3,1.4
10/26/2004,89.3,64,24,10.4,1.2
10/27/2004,95.5,72.8,23.2,10.3,0
10/28/2004,85.1,69.8,22.5,9.4,0
10/29/2004,89.3,80.3,21.6,9.5,0
10/30/2004,96.6,64,23.8,8,0
10/31/2004,95.4,71.1,24.7,7.1,0
11/1/2004,95.4,74.5,24.6,8,0
11/2/2004,86.5,60.7,24.3,7,0
11/3/2004,86.7,61.9,24.5,6.6,0
11/4/2004,85.5,57.8,24.5,6.7,0
11/5/2004,84.1,55.7,24,6.7,0
11/6/2004,88.7,60.8,24.8,7,0
11/7/2004,93.1,64,24.4,7.4,0
11/8/2004,84,75.8,23.7,7,0
11/9/2004,95.2,71.8,23.5,7.6,0
11/10/2004,92.3,71.8,23.2,9.6,0
11/11/2004,97.7,72.8,22.6,9,0
11/12/2004,95.4,71.1,23.5,7.8,0
11/13/2004,96.4,69.1,23.3,7.3,0
11/14/2004,96.4,71.4,23,7.2,0
11/15/2004,100,78.3,21.9,8.5,0
11/16/2004,97.6,80.7,22.5,8.5,0
11/17/2004,97.7,71.3,24.2,9.4,0
11/18/2004,97.6,78,18.2,9.2,0
11/19/2004,97.5,74.8,22.5,7.4,0
11/20/2004,97.5,75.6,22.7,7,0
11/21/2004,85.7,82.3,23,9.8,0
11/22/2004,93.3,76.8,22.9,10.4,0
11/23/2004,96.4,97.6,20.8,4.9,0
11/24/2004,97.5,75.8,20.2,9,36
11/25/2004,97.4,79.1,19.7,7,0
11/26/2004,97.5,68.7,21.3,8.4,0
11/27/2004,97.6,61.6,22.5,6.5,0
11/28/2004,97.3,62.1,22.4,5.2,0
11/29/2004,97.4,60.4,21.8,4.9,0
11/30/2004,97.2,66,21.6,4.4,0
12/1/2004,97.3,60,21.2,3.6,0
12/2/2004,97.1,67.4,20.4,4.5,0
12/3/2004,96,66.1,22,4.5,0
12/4/2004,97.3,60.3,23.8,4.4,0
12/5/2004,94.7,87.6,23.5,4.4,0
12/6/2004,98.6,75.4,21.5,4.6,0
12/7/2004,97.4,65,22.2,6.4,0
12/8/2004,97.4,70.2,22.5,5.8,0
12/9/2004,91.9,71.8,21.2,5.9,0
12/10/2004,97.2,72.6,21,5.5,0
12/11/2004,100,70.9,22.6,5.5,0
12/12/2004,98.7,67.4,22.4,6,0
12/13/2004,98.7,69.3,21.2,6,0
12/14/2004,94.7,61.9,20.5,5.4,0
12/15/2004,94.5,69.1,21.5,5.4,0
12/16/2004,97.3,70.9,22.2,5.5,0
12/17/2004,96.2,66.5,22.4,7,0
12/18/2004,94.7,73.2,22,5.5,0
12/19/2004,97.3,72.9,21.2,6,0
12/20/2004,92.8,73.1,17.9,8,0
12/21/2004,97.3,74.6,19.7,6.5,0
12/22/2004,98.6,68.1,18.6,4.2,0
12/23/2004,97.2,64.6,21,4.6,0
12/24/2004,90,67.5,19.8,2.9,0
12/25/2004,93.6,87.9,19.7,1.5,0
12/26/2004,96.6,59.9,18.5,0.5,0
12/27/2004,90.1,69,16.8,-0.3,0
12/28/2004,98.3,61.6,18.8,0,0
12/29/2004,96.8,58.2,19.7,0.4,0
12/30/2004,94,65.7,18.2,2.5,0
12/31/2004,87,71.1,15.5,6.4,0
1/1/2005,94.5,77.4,13.5,6.2,0
1/2/2005,87.8,65.3,19.5,7.8,0
1/3/2005,84.8,45,22.3,3.5,0
1/4/2005,95.6,61.1,22.1,4.3,0
1/5/2005,95.6,63,21,3.8,0
1/6/2005,97,65.5,21.5,3.3,0
1/7/2005,94.5,69.1,20.4,5.5,0
1/8/2005,97.3,65.7,20.4,5.4,0
1/9/2005,98.6,68.7,19.5,5,0
1/10/2005,98.4,63.1,19.3,2.1,T
1/11/2005,97,67.8,18.1,2.5,0
1/12/2005,96.6,67.5,17.8,1.5,0
1/13/2005,93.4,81.7,17.5,1.2,0
1/14/2005,96.9,64.6,18.8,2.5,0
1/15/2005,96.9,65.4,19.1,1.4,0
1/16/2005,97.1,68.4,19.8,4,0
1/17/2005,97.4,68.7,18.4,6.5,T
1/18/2005,94.8,97.2,8.9,6.7,21.7
1/19/2005,96.9,79.3,16,3.6,0
1/20/2005,94.1,69.2,17.6,3.1,0
1/21/2005,96.8,71.3,17.5,1.3,0
1/22/2005,97.3,73.4,16.6,6.2,4.9
1/23/2005,95.9,81.8,10.7,5.5,8.7
1/24/2005,94.7,70.6,14.6,6.8,19.8
1/25/2005,88.1,62.5,18.5,6.1,0
1/26/2005,87.1,66.5,19.7,7,0
1/27/2005,98.5,62.7,20,3.2,0
1/28/2005,94.4,70.1,13.7,4.9,0
1/29/2005,96.8,46.8,19.6,1.5,T
1/30/2005,95.5,58.4,18.6,2.6,0
1/31/2005,91,75.2,13.5,7.6,0
2/1/2005,97.4,79.7,16,7.6,1.6
2/2/2005,89.5,56.2,20,6,T
2/3/2005,97,65.3,21.5,3,0
2/4/2005,100,61.2,21.6,3.2,0
2/5/2005,87.5,59.1,21.4,7,0
2/6/2005,97.1,55.3,19.5,4.5,0
2/7/2005,95.7,60.2,19.9,4.5,0
2/8/2005,97.2,76.9,17.5,5.4,0
2/9/2005,97.1,57.1,23,2.5,T
2/10/2005,91.6,50.3,24.6,3.6,0
2/11/2005,84.1,45.3,24.4,9.5,0
2/12/2005,91.3,39.8,24.6,6,0
2/13/2005,94.7,38.1,23.6,5.5,0
2/14/2005,88.7,49.2,23.9,4.7,0
2/15/2005,94.7,72.2,16.4,6.3,0
2/16/2005,96.2,51.7,22,6.2,1.9
2/17/2005,86.9,49.5,23.3,4.5,0
2/18/2005,84.5,47,18.8,7,1.5
2/19/2005,86.4,36.9,23.8,5,0
2/20/2005,86.9,40.3,20,6,0
2/21/2005,85.9,38.9,24,2.2,0
2/22/2005,71,75.6,21.2,10.2,0
2/23/2005,92.6,47.8,22.2,6.8,12
2/24/2005,94.9,54.7,24.5,5.4,0
2/25/2005,92.7,42.5,24.4,7.1,0
2/26/2005,90.6,48,24.5,7.2,0
2/27/2005,93.1,67.7,24.9,7.5,0
2/28/2005,88.8,59.1,24.5,9.7,0
3/1/2005,88.7,55.3,24.7,8.5,0
3/2/2005,87.7,45.5,26.3,9,0
3/3/2005,83.4,45.5,26.6,9.5,0
3/4/2005,87.2,51.4,28.5,10,0
3/5/2005,89.6,40.6,25,12.2,T
3/6/2005,88.6,29,27,8.2,0
3/7/2005,84.2,46.3,29.4,9.3,0
3/8/2005,60.9,49.6,26.2,12.2,0
3/9/2005,82,38.3,27.5,10.2,0
3/10/2005,79.2,42.3,27.3,12.6,0
3/11/2005,71.5,94.3,20.2,11.7,0
3/12/2005,97.4,65.5,24.2,6.4,10.2
3/13/2005,88.7,50.7,25.5,8.8,3
3/14/2005,79.4,46.5,28,9,0
3/15/2005,81.7,46.1,28.2,8.9,0
3/16/2005,82.8,61.2,26.7,10,0
3/17/2005,88.8,57,26.5,14,0.8
3/18/2005,86,91.8,25.6,14.6,0
3/19/2005,93.9,53.3,26.2,13.5,22.5
3/20/2005,78.8,60.4,27.2,11.5,0.2
3/21/2005,83,56.1,27.6,10.5,0.3
3/22/2005,95.6,71.3,22.6,12.4,4.7
3/23/2005,88.6,46.1,25.6,7.8,3
3/24/2005,69.4,75.2,17.4,10.1,0
3/25/2005,86.4,55.5,23.2,7,3.2
3/26/2005,83.4,65.5,23.9,7.7,0
3/27/2005,77.9,64,26.6,11,0
3/28/2005,91.3,60,27,10,T
3/29/2005,82.9,44.8,26.8,8.6,2.2
3/30/2005,78.5,35.5,25.3,9.5,0
3/31/2005,79.2,40.9,27.3,7.4,0
4/1/2005,65.8,29.2,28,7.9,0
4/2/2005,53.8,36.1,27.4,8,0
4/3/2005,66.1,68.9,25.6,8.8,0
4/4/2005,70.5,46.1,27,7.6,0.5
4/5/2005,70.9,54,27.5,9.6,0
4/6/2005,76.8,53.4,27.2,12.8,0
4/7/2005,76.5,37.3,28.5,13.4,T
4/8/2005,67.2,32,30.4,12.7,0
4/9/2005,69.1,75.4,29,14.5,0.2
4/10/2005,74.8,48.2,29.5,10,1.6
4/11/2005,77.1,24.9,28.5,10.8,0
4/12/2005,57.9,35.8,29,7.8,0
4/13/2005,68.8,38.9,28.9,9,0
4/14/2005,73.7,43.5,29.6,10.4,0
4/15/2005,74.2,33.3,29.5,11.5,0
4/16/2005,62.9,43.5,31,11.6,0
4/17/2005,61.7,65.3,31,12.5,0
4/18/2005,70.9,59.3,31.7,12,0
4/19/2005,56.7,32.6,30.4,12,0
4/20/2005,70.6,27.8,30.3,11,0
4/21/2005,61.7,51.8,30.6,12,0
4/22/2005,71.6,57.5,28.6,15,0
4/23/2005,78.5,90.9,28.8,14.8,0.7
4/24/2005,90.3,69.1,29.5,15,6.3
4/25/2005,87.5,74,29,13.4,0.2
4/26/2005,70.6,69.7,28.5,14.4,0
4/27/2005,77.5,69,29.9,12.9,9.9
4/28/2005,87.9,72.6,26.4,13.7,0
4/29/2005,62.9,88,29.3,11,T
4/30/2005,96.7,80.9,17.5,11.5,15.4
5/1/2005,85,63.1,26.3,11.8,2.6
5/2/2005,74.3,74.5,23.7,14.1,0
5/3/2005,84.6,64,24.3,13,0.5
5/4/2005,78.4,80.8,25,13.6,0
5/5/2005,89.7,63.1,24.3,12.5,8.8
5/6/2005,93.9,71.3,24.3,15,8.3
5/7/2005,81.6,72.7,24,13.4,1.2
5/8/2005,87,70.4,24.5,16.1,0.7
5/9/2005,96.2,78.3,27.5,17,5.7
5/10/2005,79.5,35.4,30,15,0
5/11/2005,59,38.2,29.5,11.9,0
5/12/2005,63.7,54,29.6,12,0
5/13/2005,62.6,39.5,30,12.4,0
5/14/2005,68.4,45,30.5,12.5,0.7
5/15/2005,72.5,53.5,29.1,12,4
5/16/2005,71,66.5,30.4,15.1,0
5/17/2005,73.1,72.3,29.6,13.6,1.5
5/18/2005,72,70.7,31,14,0.7
5/19/2005,59.3,75.5,31.8,13.5,T
5/20/2005,67.5,86.4,30.2,12.9,4.9
5/21/2005,65.9,54.3,31,15.3,0
5/22/2005,85.2,73.2,31,18.2,0
5/23/2005,94.2,62.8,30.2,19,0
5/24/2005,80,55.1,32.3,18,T
5/25/2005,66.7,52.3,32,18,0
5/26/2005,69,48,33,17.3,0
5/27/2005,64.4,39.1,33.2,17.9,0
5/28/2005,71.3,32.9,32.5,15.1,1
5/29/2005,51.1,46.1,34.1,16,0
5/30/2005,57.1,57.3,33.8,17.7,0
5/31/2005,70.5,36.4,33.5,18.8,0
6/1/2005,58.6,37.1,35,17.6,0
6/2/2005,52.1,43.7,34.5,16.7,0
6/3/2005,52.7,55.9,33.5,16.7,0
6/4/2005,62.5,44.6,32.7,15.4,0.2
6/5/2005,76.6,67.8,28.8,18.2,6.5
6/6/2005,79.8,64.6,29,17.6,15.4
6/7/2005,82.7,63.1,26,17.4,4.8
6/8/2005,75.7,59.6,30.2,16.3,21
6/9/2005,76,50,31.5,18,0
6/10/2005,70.8,48.4,32.7,17.3,0
6/11/2005,67.6,62,31.8,18.7,2.2
6/12/2005,77.1,70.4,30.8,19.5,0
6/13/2005,76,60.7,32.5,20.3,T
6/14/2005,72.8,89.3,31,20.2,0
6/15/2005,70.6,78.7,32.4,20.8,23.3
6/16/2005,69.2,54.8,32.6,20,0
6/17/2005,70,59.5,32.7,20.2,0
6/18/2005,69.4,58.4,33.8,20,0
6/19/2005,68.8,54,33,18.6,0.2
6/20/2005,93.9,70.5,26.5,21,1.7
6/21/2005,89.7,63.2,30.2,20.4,10
6/22/2005,91.3,91.4,26.2,20.3,37.3
6/23/2005,92.3,79.9,25.8,20,7.5
6/24/2005,93.7,69.4,27,19.4,44.2
6/25/2005,83.6,79,29,20.6,1.3
6/26/2005,91.4,80,26.6,20.6,11.8
6/27/2005,89.3,73.5,29,21,6
6/28/2005,83.9,75.6,30.2,21.2,T
6/29/2005,79.2,90,29,20,7.1
6/30/2005,84.1,54.7,30.6,20.5,22.4
7/1/2005,74.8,72.5,29.6,21.4,0
7/2/2005,85,66.8,30,20.8,0.2
7/3/2005,74.5,81.9,30.1,20.4,4
7/4/2005,87.6,74.2,27.4,20,0.3
7/5/2005,88.3,72.5,28.7,20,1.2
7/6/2005,73.7,77.9,30.1,20.6,0
7/7/2005,75.9,82.1,31.5,20.7,7.2
7/8/2005,96.5,71.4,30.2,20,51.5
7/9/2005,76.8,84.5,29.7,21,0.2
7/10/2005,94.6,72.8,26,20.5,36
7/11/2005,88.3,84,30,20.3,7.2
7/12/2005,91.4,82.3,29.2,20,22.5
7/13/2005,83.7,91.5,26.5,20.3,9.4
7/14/2005,85.2,75.8,28.5,19.5,13.7
7/15/2005,89.9,79.6,28.1,19.9,23.5
7/16/2005,94.9,93,25.1,20.7,T
7/17/2005,90.5,89.9,25.2,20,13.8
7/18/2005,94.7,85.2,25,19.4,32
7/19/2005,85.4,80.6,29,20,2.4
7/20/2005,87,91.4,30,20.5,T
7/21/2005,92.6,74.5,28,20.6,4.7
7/22/2005,70.4,77.3,29.4,20.6,0.5
7/23/2005,75.6,77.3,30.2,21,T
7/24/2005,87.7,86.8,30.9,21,0.6
7/25/2005,84.8,83.8,30.3,21.8,4.8
7/26/2005,88.6,87.2,30,21.1,1.3
7/27/2005,77.1,71.2,31.1,21,5
7/28/2005,75.1,77.1,30.9,21.2,0.2
7/29/2005,83.4,82.9,29.3,21.1,1
7/30/2005,84.1,82.9,31,21.2,10.3
7/31/2005,86.5,90.3,29.6,22,T
8/1/2005,79.5,76.8,30.5,21.4,0.8
8/2/2005,76.9,75.2,32,21.5,0
8/3/2005,84.3,83.1,30.3,22.3,1.9
8/4/2005,90.9,84.3,29.2,21.3,6.7
8/5/2005,88.6,94.8,28.7,22,1.6
8/6/2005,92.4,90.9,25.4,20.4,39.3
8/7/2005,98.2,80,27.2,20,68.1
8/8/2005,76.3,81.2,29.4,20.3,1.3
8/9/2005,91.7,81.5,31.5,20.5,23.5
8/10/2005,90,74.5,27.9,20.8,10
8/11/2005,88.4,81,31.1,21.7,6.9
8/12/2005,96.5,77.2,26,21.3,12.1
8/13/2005,85.4,73.8,31.5,20.1,1.2
8/14/2005,85.4,78.2,29.5,21,T
8/15/2005,85.2,80.6,30.3,20.5,8.9
8/16/2005,79.7,83.9,28,21.2,2.2
8/17/2005,76.8,79.9,29.5,20.2,0.7
8/18/2005,86,79.5,29.7,20.7,1.8
8/19/2005,92.3,74.6,29.6,20.6,7.6
8/20/2005,85.4,88.5,28,20.2,18.2
8/21/2005,88.5,77.2,29.2,20.4,12.7
8/22/2005,91.5,88.5,26.6,20.8,24.3
8/23/2005,91.6,87.1,27.7,20.6,1.4
8/24/2005,84.1,93.1,30.4,20.4,0.8
8/25/2005,94.7,91.4,24.2,20.5,10.1
8/26/2005,94.7,79.2,27,19.9,16
8/27/2005,91.3,88.6,29,18.8,28.8
8/28/2005,86.4,80,29,18.5,2.1
8/29/2005,83.6,78.3,28.8,19.8,0
8/30/2005,89.9,73.3,31,19.8,0
8/31/2005,81.3,74.7,30.6,20.8,0.3
9/1/2005,72.5,79.8,31.6,20.8,T
9/2/2005,88.4,88.6,29,21,0
9/3/2005,88.5,91.4,30.3,19.5,3.5
9/4/2005,83.3,79.7,27.5,19,4
9/5/2005,91.4,91.5,29.8,20.2,2.1
9/6/2005,91.4,69.9,29.5,19.6,17
9/7/2005,88.2,74.7,28,20,0
9/8/2005,83.9,68.6,32,21,T
9/9/2005,77.3,71.2,31,18.6,19
9/10/2005,82.8,73.7,30.7,17.6,24.5
9/11/2005,83.3,80.5,30.7,17.7,12.8
9/12/2005,88.5,82,30.7,20.5,5.3
9/13/2005,83.6,70.3,29.3,19.3,1.9
9/14/2005,91.2,82,25.6,19.6,0.2
9/15/2005,88,72,27.5,19.8,T
9/16/2005,90.7,74,29.5,19.4,T
9/17/2005,91.4,79.3,27.3,20,0
9/18/2005,86.6,78.3,29,19.8,0
9/19/2005,83.6,77.3,31.2,19.6,1
9/20/2005,89.2,80,31.4,20.2,0
9/21/2005,88.1,84.7,27.2,19.5,26.5
9/22/2005,91.2,91.4,28.2,19.5,0.5
9/23/2005,87.4,73.6,29,19.2,8
9/24/2005,83.2,75.4,29.5,18.6,0
9/25/2005,83.6,76.7,30,18.4,0
9/26/2005,83.3,76.9,29.3,19.4,0
9/27/2005,85.1,83.3,29.4,20.4,0
9/28/2005,83.6,69.4,30,19.5,0.2
9/29/2005,83.5,82.8,30.2,19.8,0
9/30/2005,88.3,76.9,30.5,19,0
10/1/2005,79.1,75.1,28.6,17.9,0
10/2/2005,87.9,80.4,29.2,19.1,T
10/3/2005,80.1,75.6,28.6,18.7,0
10/4/2005,82.5,79,26.5,16.5,0
10/5/2005,80.6,83.2,28,17.5,0
10/6/2005,82.8,80.1,26.6,17.6,0
10/7/2005,85.9,92.6,27,18.5,T
10/8/2005,93.2,72.8,27,16.1,1.5
10/9/2005,87,92.2,26.8,14.6,13.3
10/10/2005,95.1,69.8,27.9,14,22
10/11/2005,99,75.8,27.7,14,T
10/12/2005,83.8,68.3,27.8,15,0
10/13/2005,95.9,64.2,28,13.6,0
10/14/2005,86.3,61.1,27.8,11.7,0
10/15/2005,90.1,62.7,26.6,13.4,0
10/16/2005,95.6,50.6,27.6,10.6,0
10/17/2005,81.6,68,28.4,8.6,0
10/18/2005,80.9,76.8,27.8,12,0
10/19/2005,78.4,90.5,25.5,14,0
10/20/2005,82.6,89.7,19,14,12
10/21/2005,96.9,83.3,22.7,13.7,46.8
10/22/2005,96.9,80.4,26,14.5,28.5
10/23/2005,90.5,68.7,25.2,14.2,2
10/24/2005,87.9,82,26.1,11,0
10/25/2005,90,84.1,25.9,13,0
10/26/2005,90.1,71,26,12.6,0
10/27/2005,89.6,76.5,25.5,10.5,0
10/28/2005,88.1,78.2,25.6,12.2,0
10/29/2005,88.1,77.6,25.4,13.5,0
10/30/2005,89.5,76.4,24.4,10.6,0
10/31/2005,89.7,72.3,23.4,11.6,0
11/1/2005,93.5,77.6,22.5,10.6,0
11/2/2005,94.6,69.4,24.6,11.2,0
11/3/2005,94.4,78.8,24.3,9,0
11/4/2005,91.2,59.5,24.5,9,0
11/5/2005,88.7,57.1,24.5,7.2,0
11/6/2005,92.7,62,24.4,7,0
11/7/2005,85.3,67.5,25,7.2,0
11/8/2005,88.7,71.9,24.8,7.4,0
11/9/2005,88.7,68,25.5,7.7,0
11/10/2005,93.1,68.2,24.7,7.5,0
11/11/2005,90.8,71.8,25,7,0
11/12/2005,91.1,80.6,24,10.1,0
11/13/2005,79.8,78,22.5,12.3,0
11/14/2005,89,76.8,22.8,11.6,0
11/15/2005,89,80.6,23.7,10.2,0
11/16/2005,95.4,80.5,24.2,8.8,0
11/17/2005,87.4,80.4,23.5,11.5,0
11/18/2005,93.4,80.3,23.2,11.5,0
11/19/2005,95.4,79.9,22.7,9.8,0
11/20/2005,94.1,83.6,22.7,8.8,0
11/21/2005,94.1,83.7,22.6,8.8,0
11/22/2005,90.4,77.9,22.2,8.2,0
11/23/2005,97.6,82.8,21.6,7.8,0
11/24/2005,92.7,83.4,21.5,7.2,0
11/25/2005,90.8,81.2,21.2,9.6,0
11/26/2005,98.8,83.5,21.2,7.2,0
11/27/2005,98.7,69.1,21.8,6,0
11/28/2005,81.7,69.3,22.1,4.7,0
11/29/2005,97,68.7,23,4.5,0
11/30/2005,94.3,79.1,23,3.5,0
12/1/2005,83.5,79.7,22.6,7.4,0
12/2/2005,93.6,83.1,22.5,7,0
12/3/2005,97.2,68.4,22.6,3.2,0
12/4/2005,97.3,69.9,23.3,5.2,0
12/5/2005,95.6,79.2,22.2,2.8,0
12/6/2005,97.4,36.1,21.5,6.5,0
12/7/2005,97.2,69.1,21.9,4,0
12/8/2005,91.2,74.6,21.8,4.3,0
12/9/2005,97.1,60.3,21.7,3.6,0
12/10/2005,87.6,59.5,21,3.8,0
12/11/2005,96.9,69.4,20.1,3,0
12/12/2005,89.9,67.7,20,2,0
12/13/2005,98.5,69.4,20.2,2.4,0
12/14/2005,93.8,67.7,20.6,2.5,0
12/15/2005,95.8,68.4,21.2,3,0
12/16/2005,97.2,59.2,21.6,3,0
12/17/2005,88.3,64.8,22,2.6,0
12/18/2005,93.8,74.2,21.3,2.8,0
12/19/2005,100,76.2,20.7,2.5,0
12/20/2005,92.8,64.8,20.6,3.6,0
12/21/2005,85.9,63.1,20,3.5,0
12/22/2005,91.7,66.3,20.8,4.7,0
12/23/2005,82.7,67.5,19.6,3.5,0
12/24/2005,94,66.7,20.6,2.7,0
12/25/2005,96.9,73,19.3,3.5,0
12/26/2005,98.4,66,21.5,2,0
12/27/2005,96.9,57.5,22,2.5,0
12/28/2005,96.8,66.3,19.6,2,0
12/29/2005,94.4,73.7,19,3.6,0
12/30/2005,96.9,73.4,18.1,2.4,0
12/31/2005,98.4,67.7,19.6,1.5,0
1/1/2006,98.3,61.5,21.4,0.5,0
1/2/2006,98.4,59.5,23.7,1.1,0
1/3/2006,96.9,91.7,23.7,1.5,0
1/4/2006,84.2,46.6,24,0.5,0
1/5/2006,91.8,42.6,26,0.1,0
1/6/2006,87,37.2,25.2,1,0
1/7/2006,88,43,24.5,1.5,0
1/8/2006,84.4,32.3,24.3,0.7,0
1/9/2006,64.8,45.2,23.9,0,0
1/10/2006,87.3,50.7,21.4,0.1,0
1/11/2006,95.1,60,22.5,1.4,0
1/12/2006,96.8,69.1,21.4,2,0
1/13/2006,86.7,68.1,20,3.9,0
1/14/2006,95.7,69.4,18.5,3.7,0
1/15/2006,98.4,73.6,18.6,3,0
1/16/2006,100,47.7,19.6,3.8,0
1/17/2006,97,44.6,23.2,2.3,0
1/18/2006,88.9,41.5,23.4,4.2,0
1/19/2006,94.2,33.3,25,3.5,0
1/20/2006,78.5,41.8,24.6,2.4,0
1/21/2006,84.7,42.9,23.3,1.6,0
1/22/2006,89.9,51.2,23.7,1,0
1/23/2006,89.9,53.8,21.5,1,0
1/24/2006,95.2,46.8,19.7,1,0
1/25/2006,95.2,58.2,19.5,1.2,0
1/26/2006,96.9,49.5,20.4,1.5,0
1/27/2006,95.3,58.9,20.7,2,0
1/28/2006,97.1,60.4,21.3,3,0
1/29/2006,97.2,62.1,22.6,4,0
1/30/2006,94.5,61.7,20.4,4.8,0
1/31/2006,96,58,24.2,5,0
2/1/2006,94.7,52,24.8,5.4,0
2/2/2006,94.9,59.8,23.2,6.6,0
2/3/2006,97.4,60.2,23.8,6.2,0
2/4/2006,97.5,76,22.4,7.4,0
2/5/2006,98.6,59.7,24,5,0
2/6/2006,97.4,61.9,23,6.9,0
2/7/2006,88.7,63.8,23.6,9.5,0
2/8/2006,90.9,64.2,22,11.2,0
2/9/2006,95.2,66.6,21.5,9.4,0
2/10/2006,90.7,52.3,22.6,9.8,0
2/11/2006,97.3,51.8,24,6.2,0
2/12/2006,97.4,64.4,24.7,6.6,0
2/13/2006,96.3,61.9,24.3,9.2,0
2/14/2006,97.5,64.4,24.2,7.4,0
2/15/2006,95.1,48.3,24.2,8.6,0
2/16/2006,90.5,51.9,25.6,8,0
2/17/2006,87.9,64,25.5,7,0
2/18/2006,97.7,71.1,24.7,10,0
2/19/2006,89.4,71.1,24.8,12.8,0
2/20/2006,85.8,68.3,26.9,14.4,0
2/21/2006,84.6,61.1,26.6,12.6,0
2/22/2006,93.5,60.1,26.9,10.8,0
2/23/2006,87.9,66.9,28.4,12.5,0
2/24/2006,91.6,56.4,28.5,12.3,0
2/25/2006,93.5,58.7,29.2,11.6,0
2/26/2006,95.7,38.6,28.7,10.8,0
2/27/2006,84.3,32.8,27.7,9.4,0
2/28/2006,66.5,67.5,28.6,7.2,0
3/1/2006,67.1,45.5,28.5,5.8,0
3/2/2006,74.4,37.9,27,7,0
3/3/2006,73.4,44.7,26.5,5.5,0
3/4/2006,79,42.6,26,6.8,0
3/5/2006,76.4,43.4,25.9,6.6,0
3/6/2006,76.1,30.9,26.4,6.3,0
3/7/2006,67.1,34.6,28.2,6.6,0
3/8/2006,60,35.2,27.9,7.7,0
3/9/2006,64,40.9,27.5,9.5,0
3/10/2006,78.3,89,17.2,9.9,0
3/11/2006,93.2,91.1,15.4,10.7,15.4
3/12/2006,84.4,63,22.2,9.3,8.8
3/13/2006,88.7,70,24.2,8.6,0
3/14/2006,85.2,64.3,25.3,10,0.5
3/15/2006,89,86.9,22.6,10,0
3/16/2006,84.6,57.4,24.3,9.5,6.2
3/17/2006,74.9,43.2,25.3,7.9,0
3/18/2006,73.9,56.9,25.3,7.5,0
3/19/2006,88.3,53,26.9,7.6,0
3/20/2006,77.9,65.9,26.5,8.5,0
3/21/2006,79.1,57.7,26.3,9.4,0
3/22/2006,79.1,47.5,27.7,9,T
3/23/2006,77.3,47.5,28.7,9.8,0
3/24/2006,83,45.3,28.4,10.2,0
3/25/2006,70.9,34.4,28.6,10.3,0
3/26/2006,70.6,33.5,29.6,10.8,0
3/27/2006,68.4,42.2,30.5,10,0
3/28/2006,64.3,31.7,29.6,10,0
3/29/2006,65.7,36.2,28,7.5,0
3/30/2006,66.5,42.8,29.1,8.1,0
3/31/2006,78,42.5,28.4,9.2,0
4/1/2006,70,45.3,29,10.4,0
4/2/2006,73.9,51.8,29.7,10.8,0
4/3/2006,71.1,42,28.7,10.2,1.5
4/4/2006,70.9,54.4,28.3,11.5,0
4/5/2006,72.8,60.1,29.7,12,0
4/6/2006,77.2,80.6,28.6,13.5,T
4/7/2006,80.3,80,29,13,3.2
4/8/2006,86.4,57.3,28.7,12.6,14.8
4/9/2006,85,69.3,25.8,14.4,0
4/10/2006,94,69.6,28,14.4,0
4/11/2006,76.8,33.6,28.4,11.4,13
4/12/2006,63.6,30.9,29.9,11.4,0
4/13/2006,70.6,20.4,30,11.8,0
4/14/2006,55.2,20.7,31.4,10.5,0
4/15/2006,59.9,39.8,30.8,9.8,0
4/16/2006,60.3,23.3,31.7,11.6,0
4/17/2006,63,45,29.3,13,0
4/18/2006,95.6,91.4,14.3,11.6,34.7
4/19/2006,95.4,58.4,18.8,10.6,23.4
4/20/2006,75.6,56.3,24.7,10.1,0.7
4/21/2006,73.2,52.1,26,9.6,T
4/22/2006,78.1,91.8,23.3,13.6,T
4/23/2006,80.7,61.4,27,12.2,6.8
4/24/2006,79.1,43,26.6,14.4,0.8
4/25/2006,76,58.8,28.7,13.6,T
4/26/2006,81.9,88.1,25,14.5,0
4/27/2006,76.5,70.9,28.7,13.7,17.2
4/28/2006,71,57.8,31.2,16.9,0
4/29/2006,70.8,44.2,31.8,12.8,16.7
4/30/2006,66.4,47,31.5,15.4,0
5/1/2006,87.8,70.7,30,17.6,0
5/2/2006,73.6,63.4,31.4,13.5,T
5/3/2006,90.5,45.8,30.4,13.4,4
5/4/2006,68.1,55.3,28.5,13.2,0.4
5/5/2006,65.9,66.2,30.6,14.5,0
5/6/2006,77,72.5,28.5,14,0.4
5/7/2006,71,74.5,28.5,17.5,T
5/8/2006,94.4,74.6,26,16.2,40.4
5/9/2006,85.2,70.5,25.2,18.6,1
5/10/2006,83.1,86.6,25.2,17.8,18.6
5/11/2006,89.2,82.4,27.1,16.7,2.2
5/12/2006,90.1,64.8,26.8,16.2,8.9
5/13/2006,81.9,90.6,26.2,17.2,T
5/14/2006,82.9,64,28.7,15,3.9
5/15/2006,69.5,72.4,27.3,19,T
5/16/2006,73.8,69.2,28.8,18.7,T
5/17/2006,75.5,60.3,31,17,0
5/18/2006,70.1,81.8,31,18.2,0
5/19/2006,64.4,75.2,27,17,2.2
5/20/2006,75.2,75.8,27.5,17.5,2
5/21/2006,92.5,78.7,23.8,17.3,12.8
5/22/2006,74.9,81.4,27.4,17.8,3.7
5/23/2006,78.2,73.3,28,17.4,2.4
5/24/2006,79.6,82,28.6,17.2,17.8
5/25/2006,78.3,73.8,29,19.2,2.3
5/26/2006,80.7,72.9,29.2,20.2,T
5/27/2006,97.2,67.8,28.5,19.4,22.1
5/28/2006,76.3,76.9,29.7,19,0.4
5/29/2006,83.6,68.3,28.5,19,T
5/30/2006,80.8,61.9,30,20,T
5/31/2006,77,60.9,31.5,21,0
6/1/2006,83.8,72.5,30,20.2,0.1
6/2/2006,91.3,79.5,27.6,18.7,T
6/3/2006,70.7,84.9,29.4,19.6,0
6/4/2006,86.6,77.3,25.6,19.4,3.2
6/5/2006,76.9,73.5,31.2,19.6,T
6/6/2006,82.8,91.6,27.6,19.5,15.1
6/7/2006,89.8,87.5,27,19.8,4.1
6/8/2006,75.3,74.5,28.5,20.3,3.9
6/9/2006,76.7,70.4,28.6,19.2,50.5
6/10/2006,90.1,76.4,26.6,21.3,0.5
6/11/2006,82.2,76.8,28.5,20.2,1.6
6/12/2006,77,61.9,31.4,19.3,T
6/13/2006,71,60.2,31.8,18,0
6/14/2006,73.8,45.3,32.2,17.4,0
6/15/2006,69.3,63.8,31,17.8,0
6/16/2006,68.4,58,30.4,17.3,0
6/17/2006,69.6,68.7,32.1,18.5,0
6/18/2006,69.8,57,31.5,19.2,0
6/19/2006,70,55.9,32.2,18.2,0
6/20/2006,68.6,68.3,29.8,19,0
6/21/2006,75.8,57.3,30.7,17.8,19.4
6/22/2006,70.2,91.5,29.5,19.7,0
6/23/2006,96.4,77.1,29.5,19.9,67.7
6/24/2006,95.7,80.3,29.4,20.1,1
6/25/2006,88.2,71.2,29.3,20.1,28.2
6/26/2006,83.9,79.7,28.3,21.3,T
6/27/2006,81.3,74.7,28.5,19.6,4.4
6/28/2006,62.8,81.2,28.5,20.6,T
6/29/2006,94.6,66.2,29,20.4,15.8
6/30/2006,81,71,30.2,20.4,0.7
7/1/2006,70.4,80.2,31.4,20.2,0
7/2/2006,75.7,69.1,31.7,19.8,26.2
7/3/2006,85.9,88.8,30.1,20.6,0
7/4/2006,74.7,76.6,31.1,22,11
7/5/2006,73.5,72.9,31.4,21.8,0
7/6/2006,80.5,77.3,27.6,22.2,0
7/7/2006,90,87.2,27.1,21.7,T
7/8/2006,83.6,78.8,30,21.6,13.5
7/9/2006,83.9,84.3,29.8,21.6,0
7/10/2006,84.5,85.7,31.4,21.6,0.1
7/11/2006,75.5,91.7,29.3,21.2,T
7/12/2006,81.9,91.6,28.7,21.2,39.2
7/13/2006,94,78.8,28.2,21.2,22.2
7/14/2006,74.7,79.9,31,20.7,0.1
7/15/2006,75.8,73.5,28.8,20.7,1.4
7/16/2006,85.4,86.7,29.6,21,20.3
7/17/2006,91.9,91.4,30.1,21.8,3.7
7/18/2006,79.9,90.4,29.7,20.5,40.5
7/19/2006,89.9,90.5,30.4,20,39
7/20/2006,81.7,91.7,29.4,20.7,32.1
7/21/2006,75.8,77.1,30,21.3,2.8
7/22/2006,82.4,70.7,28.9,20.2,2.3
7/23/2006,80.3,83.7,29.6,20.5,T
7/24/2006,96.4,77.3,28.6,20.5,46.2
7/25/2006,91.6,74.2,25.5,21.6,1.2
7/26/2006,87.6,82.6,28,20.6,8.1
7/27/2006,85,70.7,29.5,20.4,8.5
7/28/2006,91.5,74.7,28.7,19.9,13.3
7/29/2006,82.4,86.8,28.9,19.9,0.2
7/30/2006,79.4,72,29.5,19.8,5.1
7/31/2006,75.8,77.1,31.6,20,0
8/1/2006,76.9,79.8,31,22,T
8/2/2006,91.3,71,29.5,19.7,35.5
8/3/2006,86.6,69.4,29,19.6,13.4
8/4/2006,89.9,73.5,30,20.7,T
8/5/2006,74,86.6,29.7,20.7,0.5
8/6/2006,86.6,80.5,28.8,19.8,9.8
8/7/2006,91.2,73.1,28.1,19.8,T
8/8/2006,73.4,80.1,30.9,20.3,1.7
8/9/2006,76.8,65.3,29.5,20,T
8/10/2006,76.9,77.3,30.4,18,0.1
8/11/2006,77.2,72.4,32,20.4,0
8/12/2006,77.4,82.6,31.5,21.1,T
8/13/2006,79.7,69.1,31.1,21.3,T
8/14/2006,88.1,75.3,30.5,20,4
8/15/2006,87.3,91.4,29.5,21.6,0.2
8/16/2006,85.2,89.7,31,19.6,1.1
8/17/2006,78.7,69.7,32.2,18.1,5.1
8/18/2006,76.4,69.5,31,20.8,0
8/19/2006,80.8,95.6,27.5,21,T
8/20/2006,83.9,76,30.3,19.6,66.3
8/21/2006,88.5,90.8,32,20.8,6.4
8/22/2006,81,73.7,29.8,20.7,4.4
8/23/2006,83.8,82.5,30,20.6,1.4
8/24/2006,80,89.9,28.5,20.6,33.3
8/25/2006,90.7,80,27,20.6,26.8
8/26/2006,96.6,83.9,25.7,21.1,0.5
8/27/2006,94.7,81.2,26,20.2,6.5
8/28/2006,96.5,86.9,27.6,19.8,8.9
8/29/2006,80.9,89.9,29.2,20,5.5
8/30/2006,94.8,79.6,29,19.8,16.9
8/31/2006,77.8,89.8,28.4,19.9,0.1
9/1/2006,80.9,88.4,30.2,19.8,2
9/2/2006,78.1,76.1,30,19.9,3.6
9/3/2006,89.7,81,31.4,18.5,23.7
9/4/2006,79.1,82.2,30.4,19.2,0.1
9/5/2006,82.2,76.8,30.5,18.6,12
9/6/2006,80.3,79.3,27.6,18.6,0
9/7/2006,82,69.6,29.5,18.6,0
9/8/2006,86.4,91.6,27.3,20,0
9/9/2006,95.5,86.1,22,20.2,31
9/10/2006,96.3,88.1,23,19.2,9.7
9/11/2006,88,83.6,26.2,19.4,4.7
9/12/2006,90.3,75.5,30.4,19.2,20.3
9/13/2006,93,70.1,30.1,19.8,2.8
9/14/2006,83.5,71.4,31,19,0
9/15/2006,81.8,74.3,29.7,19,0
9/16/2006,92.7,75.4,29.6,18,19.7
9/17/2006,83.3,72.7,29.8,18.2,0
9/18/2006,81.8,77.1,31,19.6,0
9/19/2006,79.4,83.1,31.2,20.5,T
9/20/2006,91.3,69.7,30.2,19,11.4
9/21/2006,96.5,86.3,26.8,19.8,1.4
9/22/2006,87.9,89.4,24.5,19.5,1.1
9/23/2006,94.6,83.5,24,19,7.2
9/24/2006,94.6,94.5,21.6,19,1.4
9/25/2006,93.3,94.4,21.7,17.2,37.4
9/26/2006,90.7,80.4,28,17,11
9/27/2006,94.7,72.5,30.2,17.2,0
9/28/2006,86.6,83.9,30.5,18.9,0
9/29/2006,86.4,74.1,30.2,17.8,3.5
9/30/2006,91,82.2,29.6,16.4,13.5
10/1/2006,94.6,70.4,29,18.2,7.7
10/2/2006,81,76,31,18.5,0
10/3/2006,87.1,74.3,30.6,17,0
10/4/2006,89.4,95.5,29.4,18,0
10/5/2006,79.5,62.8,28.6,12,0
10/6/2006,88.9,75.9,29,14.7,0
10/7/2006,82.6,75.5,28.7,16.7,0
10/8/2006,87.6,74.6,29,17.6,3
10/9/2006,96.2,69.2,29.7,16.5,1.2
10/10/2006,92.8,90.6,30.5,16.4,0
10/11/2006,85.8,81.6,29,16.5,21
10/12/2006,89.2,75.8,27.5,18.2,0.1
10/13/2006,85.7,81.2,25.5,16.9,0.1
10/14/2006,84.1,79.6,26.5,16.6,0
10/15/2006,98,75.6,28,14.6,0
10/16/2006,93.9,78.4,28.2,12.7,0
10/17/2006,93.9,75,27.7,13,0
10/18/2006,90.4,77.5,27,13.4,0
10/19/2006,82.3,78.7,25.1,13,0
10/20/2006,92,92.5,27,13.5,T
10/21/2006,96.6,84.4,16.8,11.4,9.3
10/22/2006,91.7,73.7,24.5,12.2,1.5
10/23/2006,94.4,66.3,22.8,9.4,0
10/24/2006,83,63.3,26.2,8.8,0
10/25/2006,85.6,63.5,26.2,9.8,0
10/26/2006,88.1,62.5,27,11,0
10/27/2006,81.1,63.9,26.6,10.3,0
10/28/2006,93.2,64.1,26,9.6,0
10/29/2006,94.3,67.9,26.4,8.9,0
10/30/2006,97.8,82,25.5,9.6,0
10/31/2006,89.7,68.5,27,10,0
11/1/2006,95.5,63.1,27.8,10.8,0
11/2/2006,83,67.4,25.8,10.5,0
11/3/2006,89.7,71.4,24,12.2,0
11/4/2006,89.7,72.1,26.5,12.8,0
11/5/2006,89.7,78.2,27,10.2,0
11/6/2006,93.6,73.3,26.7,10.6,0
11/7/2006,93.5,73.5,26.7,11,0
11/8/2006,88.7,79,25,8.4,0
11/9/2006,94.6,72.2,25.2,9.8,0
11/10/2006,89.6,71,26,11.2,1.5
11/11/2006,94.6,68.6,24.1,12.2,0
11/12/2006,89.2,80.5,23,10.6,0
11/13/2006,95.4,74.1,25,11,0
11/14/2006,95.5,80.8,26,10,0
11/15/2006,96.5,71,24.7,10,0
11/16/2006,93.5,72.8,24.8,10.5,0
11/17/2006,85,72.1,24.2,9.4,0
11/18/2006,97.7,67.4,23.9,8.8,0
11/19/2006,96.3,89,23.5,8.2,0
11/20/2006,91.1,78.1,22.7,11,0
11/21/2006,89,81,20.9,10.5,0
11/22/2006,89,82.2,22,10.4,0
11/23/2006,90.7,70.9,21,9,0
11/24/2006,92.6,61.4,22,7.1,0
11/25/2006,97.4,73.6,21.3,5.4,0
11/26/2006,97.2,63.8,21.2,4,0
11/27/2006,93.3,77.8,20.5,3.3,0
11/28/2006,92.4,72.2,20.3,7.3,0
11/29/2006,94.7,78.4,20.5,5.2,0
11/30/2006,97.2,62.8,22.3,3.5,0
12/1/2006,97.1,64.2,22.2,3.2,0
12/2/2006,97.2,69.1,20.6,3.4,0
12/3/2006,92.1,80.7,21,5.6,0
12/4/2006,97.3,70.4,21.5,5.3,0
12/5/2006,87.2,71.1,22.5,5.5,0
12/6/2006,97.4,70.9,23.4,5.7,0
12/7/2006,97.3,70.9,22,5.5,0
12/8/2006,100,70,21.5,6,0
12/9/2006,97.1,75.5,21.4,4.3,0
12/10/2006,97.1,71.8,21.2,4.3,0
12/11/2006,97.2,96,8.7,4.6,0.7
12/12/2006,100,77.4,17.5,5,16.8
12/13/2006,100,74.2,19,2.8,0
12/14/2006,97.3,76.3,18,6,0
12/15/2006,100,67.3,20.4,3.4,0
12/16/2006,97.1,66.7,22,4.4,0
12/17/2006,97.1,65.4,20.6,4.3,0
12/18/2006,95.8,64.5,21,4.5,0
12/19/2006,97.3,70.6,20.2,5.2,0
12/20/2006,97.2,65,22,4.6,0
12/21/2006,97.3,68.4,21,4.8,0
12/22/2006,91.9,70.7,21.6,4.6,0
12/23/2006,97.1,64.4,20.4,3.5,0
12/24/2006,91,64,20.9,4,0
12/25/2006,97.2,91.7,20.3,5,0
12/26/2006,100,78.6,19,5,0
12/27/2006,97.3,72.7,19,7.7,0
12/28/2006,94.9,78.4,19.5,7.4,0
12/29/2006,90.1,78.4,17.8,8.6,0
12/30/2006,97.3,73.6,20.2,7.5,0
12/31/2006,97.3,73.6,20.2,7.5,0
1/1/2007,100,73.9,19.3,4,0
1/2/2007,98.6,68.1,18.4,4.5,0
1/3/2007,100,71.7,19,3.3,0
1/4/2007,100,74.2,19,3.6,0
1/5/2007,95.6,71.6,20.4,2.7,0
1/6/2007,96.8,75,20.2,2.2,0
1/7/2007,96.8,71.6,19.2,2.4,0
1/8/2007,100,67.5,19.4,3,0
1/9/2007,100,68.3,19,2.8,0
1/10/2007,100,69.1,19.1,2.8,0
1/11/2007,100,66.3,20,0.7,0
1/12/2007,97.1,73.7,18.3,4,0
1/13/2007,100,63.6,17.2,0.7,0
1/14/2007,96.5,84.4,18.5,-0.5,0
1/15/2007,96.8,68.1,17.2,2.4,0
1/16/2007,100,70.3,15.7,0.8,0
1/17/2007,100,76.1,16.3,1,0
1/18/2007,96.9,88.6,17,2,0
1/19/2007,96.8,71.6,17.5,1.6,0
1/20/2007,100,68.1,18.6,1.7,0
1/21/2007,100,74.2,18,2.5,0
1/22/2007,100,78.3,18,2.7,0
1/23/2007,92.2,78.6,14.8,6,0
1/24/2007,100,70.5,20.5,2,0
1/25/2007,98.6,69.9,21.4,2.5,0
1/26/2007,97.1,59.5,21.7,3.4,0
1/27/2007,100,100,21.5,4,0
1/28/2007,100,60.7,21.9,4.8,0
1/29/2007,NaN,NaN,NaN,NaN,0
1/30/2007,97.4,56.9,22.5,6.8,0
1/31/2007,96,55.7,22.8,5.5,0
2/1/2007,91.6,71.8,21.6,8,0
2/2/2007,97.3,68,22.5,6.2,T
2/3/2007,94.3,81.1,17.2,11.5,T
2/4/2007,95,74.7,20.3,8.6,T
2/5/2007,87.9,73.7,15.2,9.4,0
2/6/2007,93.7,70,17,8,15.9
2/7/2007,85.4,82,16.2,7.7,0
2/8/2007,100,70.1,20,6,0
2/9/2007,97.4,72.1,18.4,8.4,0
2/10/2007,100,70.2,19,6.1,0
2/11/2007,94.1,92.6,16,9.6,5.3
2/12/2007,97.4,62.1,20.4,7,0
2/13/2007,85.1,72.3,19.4,7.4,16.3
2/14/2007,94.7,93.9,9.2,2,28.7
2/15/2007,100,86.5,15.5,2,0
2/16/2007,97,72.1,17,2.4,3
2/17/2007,94.1,63.3,18,4.4,0
2/18/2007,93.8,55.9,19.4,2,0
2/19/2007,83.1,66.6,20.4,3.3,0
2/20/2007,97.2,61.9,21.5,4.4,0
2/21/2007,95,64,22.5,7.6,0
2/22/2007,92.7,64,22.4,7.4,0
2/23/2007,97.4,63.8,23.4,6.4,0
2/24/2007,98.7,65.7,23.6,7,0
2/25/2007,95.1,88.5,14.8,8.1,2.6
2/26/2007,87.9,63.2,20.5,8.4,0
2/27/2007,94.5,59.7,22.5,5.8,0
2/28/2007,97.4,74.9,22.1,5.6,1
3/1/2007,95.1,73.7,16,7.8,7.9
3/2/2007,100,73.6,21.5,6,T
3/3/2007,94.8,62.1,22.6,4.6,0
3/4/2007,97.4,57.4,23.9,7.2,0
3/5/2007,96.3,65.3,24.5,7,0
3/6/2007,88.3,57.4,23.9,7,0
3/7/2007,82.4,59.3,23.3,8.8,0
3/8/2007,83.1,58.6,23.5,6.7,0
3/9/2007,82.3,61.3,24,8.4,0
3/10/2007,90.8,51.8,24.5,8.1,0
3/11/2007,82,40.7,24.3,7,0
3/12/2007,73.9,88.7,19.2,7,16.1
3/13/2007,97.6,78.4,14.5,9,4.5
3/14/2007,95.3,61.7,21.2,9.3,5
3/15/2007,92.9,51.7,22.4,7,2.8
3/16/2007,97.3,62.9,22.3,5.6,0
3/17/2007,95.1,64,23.3,6.4,0
3/18/2007,84.9,66.1,24.4,10,0
3/19/2007,93.6,61.1,25.6,11.3,0
3/20/2007,93.7,64.7,26.2,11,0
3/21/2007,85.8,64.5,26.4,11.6,0
3/22/2007,74.2,45.3,27,10.1,0
3/23/2007,75.4,45,28.5,11,0
3/24/2007,85.3,48.2,29.4,11.6,0
3/25/2007,80.8,48,29.3,11.4,0
3/26/2007,79.7,56.4,28,9.8,0
3/27/2007,72.4,62.3,26.8,10.6,0
3/28/2007,72.5,68.1,28.5,15.3,0
3/29/2007,74.8,49.8,30.6,13.5,0
3/30/2007,80,55.2,29.6,14,0
3/31/2007,73.8,53.3,30.4,15.4,0
4/1/2007,74.1,48.7,31.7,17.2,0
4/2/2007,73.4,44.3,30.7,14.6,0
4/3/2007,59.7,47.9,32.3,12,0
4/4/2007,65,42.4,29.5,12.4,0
4/5/2007,68,63.2,28.5,11.7,0
4/6/2007,76.5,54,28,12.3,0
4/7/2007,84.6,60.7,29.5,14.1,1.5
4/8/2007,75.1,51.5,28.5,10.2,1.7
4/9/2007,67.4,66.4,28.5,10.6,T
4/10/2007,71.1,57.2,28.3,10.2,0
4/11/2007,73.3,75.8,27.6,14.7,19.2
4/12/2007,86.2,68.9,27.3,9.5,0
4/13/2007,77.1,62.8,28.8,16.7,0
4/14/2007,81.9,62,28.5,17.2,0
4/15/2007,77.6,66.2,30.1,16.5,0
4/16/2007,72.4,82.7,29.7,18.3,0.2
4/17/2007,85.6,73.3,30.5,15.2,0
4/18/2007,68.9,54.7,28.5,15.6,T
4/19/2007,70.7,43.1,29.7,13.5,0
4/20/2007,63.5,57.5,30.5,14.3,0
4/21/2007,72.6,81.4,28.3,15.3,31.4
4/22/2007,86.6,49.5,28.7,12.8,3.3
4/23/2007,76,49,29.5,12.6,3.5
4/24/2007,73.7,89.6,29.2,13,8.5
4/25/2007,89.7,63.2,27.3,12.2,T
4/26/2007,70.4,42.4,29.2,12.4,0
4/27/2007,62.3,58.8,28.7,12.7,0
4/28/2007,74.6,59.9,28.6,14.8,0
4/29/2007,76.6,65.5,30.4,16.2,8.6
4/30/2007,81.9,52.1,26.2,15.6,T
5/1/2007,78.6,52.4,31,13.8,0
5/2/2007,75.4,87.4,29.6,16,14.7
5/3/2007,78.2,61.6,29.2,14,0
5/4/2007,77.9,64.2,29.8,16.2,5.7
5/5/2007,75.9,87.2,29.9,17.5,8.5
5/6/2007,89.1,74.3,29.2,14.6,1.2
5/7/2007,81.9,58.4,28.3,15.6,1.7
5/8/2007,90.8,57.1,26.7,17.6,4.5
5/9/2007,86,63,27.5,16.8,T
5/10/2007,82.3,61.6,30,15.6,0
5/11/2007,69.6,88.5,29,17.6,8.4
5/12/2007,71.7,58.8,29.2,15,0
5/13/2007,72,54.1,29,16.3,0.1
5/14/2007,67.5,65.7,28.5,14.2,T
5/15/2007,78.3,63.5,28.2,17.2,T
5/16/2007,73.9,86.4,26.1,19.5,3.2
5/17/2007,77.4,87.9,28.5,18.7,29.3
5/18/2007,96.3,59.7,26,19.2,6.5
5/19/2007,82.6,63.8,29.5,17.7,T
5/20/2007,73.4,72.2,28.6,18.4,1.1
5/21/2007,76.2,69.8,30,19.2,5.8
5/22/2007,77.4,61.3,31.5,19.7,0
5/23/2007,69.4,51.6,31.6,18.7,0
5/24/2007,75.2,52.3,31.2,18,0
5/25/2007,55,39.1,31.5,16.1,0
5/26/2007,62.3,40.7,31.6,16.6,0
5/27/2007,56.5,39.2,32.5,17,0
5/28/2007,53,39,32.1,16.7,0
5/29/2007,56.2,40.7,32,15.7,0
5/30/2007,66,35.1,32,17.2,0
5/31/2007,53.1,38.9,33.2,15.4,0
6/1/2007,50.1,42.3,33.8,16.2,0
6/2/2007,60.4,61.5,33.8,16.2,0
6/3/2007,62.8,66.1,32,18.7,1.5
6/4/2007,75.2,65.5,31,17,1.3
6/5/2007,86.8,81.9,27.5,20,45.4
6/6/2007,96.3,75,25.8,18.4,12.3
6/7/2007,81.6,76.9,29.8,19.3,20.7
6/8/2007,85.2,75.6,26.6,20.4,12.3
6/9/2007,94.8,82.6,26.2,21,3
6/10/2007,88.3,75.7,28.8,20.4,6.8
6/11/2007,83.4,74.4,29.7,20.4,6.6
6/12/2007,91.6,71.5,32.3,21,2.1
6/13/2007,83.9,68.6,28.1,21.2,0
6/14/2007,75.9,91.3,28.3,19.5,35.2
6/15/2007,96.4,84.8,24.6,19.4,0.5
6/16/2007,76.5,67,29,18.9,3.7
6/17/2007,72.3,64.5,31.1,19.6,0.3
6/18/2007,82.1,64.4,30.4,20.4,7.5
6/19/2007,75.5,68.2,30.6,19.5,0
6/20/2007,80.6,67.9,28.6,20.2,T
6/21/2007,76.7,68.4,31.1,19,T
6/22/2007,82.3,81.9,31,18.7,3.9
6/23/2007,70.6,86.6,30.5,19.4,20.2
6/24/2007,70.4,89.3,29,20.2,21.8
6/25/2007,91.6,77.4,26.5,19.6,0.5
6/26/2007,84,65.5,28.7,20.8,34.4
6/27/2007,83.2,71,30.8,19.4,4.4
6/28/2007,70.7,65.8,30.2,19,18.6
6/29/2007,85.4,72,31.2,20.6,0
6/30/2007,76,69.2,31.3,20.7,0
7/1/2007,71.1,81.7,31.8,20.8,T
7/2/2007,70.8,87.3,30.5,20.8,2.5
7/3/2007,79.1,84.1,30.5,21.8,4
7/4/2007,75.4,89.2,32,20.5,4.6
7/5/2007,77.4,78.2,31.5,20.5,1.3
7/6/2007,90.2,67.6,29.8,21.5,18.8
7/7/2007,70.7,69.8,31.4,20.8,0
7/8/2007,65.1,77,30.2,21.4,0.6
7/9/2007,68,72.9,31.6,21.4,4.4
7/10/2007,81,75,30.2,21.6,2.8
7/11/2007,91.4,72.9,27.4,21.4,T
7/12/2007,81.1,74.1,29.2,21.5,0
7/13/2007,70.8,75.1,30.5,20.7,34.6
7/14/2007,86.7,70,30,20,30.3
7/15/2007,85.4,80.6,29,20.6,8.7
7/16/2007,83.9,88.1,29,20.2,10.2
7/17/2007,91.3,85.3,24.6,21,0.6
7/18/2007,89.9,77.4,29.8,20.4,0
7/19/2007,85.5,66.6,31.3,21.4,1.9
7/20/2007,82.6,83.3,29.1,21.3,0.8
7/21/2007,83.8,88.5,27.9,21,7.1
7/22/2007,88.3,86.5,25.3,20.8,3.2
7/23/2007,89,82.2,28.2,20.3,0.4
7/24/2007,91.3,85,25.1,20,1.7
7/25/2007,93.1,83.8,27.2,20.4,2.7
7/26/2007,93.2,80.9,24.5,20.3,19.4
7/27/2007,89.8,86.6,25,19.7,7
7/28/2007,94.7,93.1,24.7,20,31.5
7/29/2007,96.4,87.4,25,18.8,3
7/30/2007,97.3,85,22.7,19.8,25.2
7/31/2007,94.6,80.3,26.5,19,0
8/1/2007,83.7,84.3,28.5,20.2,4.7
8/2/2007,86.9,73.2,28.5,20.1,15.9
8/3/2007,80.2,80.2,29.8,20.6,1.4
8/4/2007,75.6,70.4,31.2,20.2,0
8/5/2007,78.7,71.1,30.4,20.2,18.4
8/6/2007,84.1,90.1,31,21.6,0
8/7/2007,76.9,67.2,30.8,21,12
8/8/2007,77.4,70.6,31,19.6,0
8/9/2007,84.7,76.4,30.8,21.3,0.4
8/10/2007,78.7,91.8,31.3,21.6,0
8/11/2007,84.3,70.5,32,21.8,18.6
8/12/2007,95,84.1,28.3,22,4.3
8/13/2007,91.6,91.6,27,20.4,37.6
8/14/2007,90.1,91.4,28.5,21.3,3.4
8/15/2007,93.2,85.6,29,20.8,12.1
8/16/2007,83.7,88.4,27.7,21,0.3
8/17/2007,95.6,83.6,25,20.3,14.1
8/18/2007,91.5,85.2,28,20,1.9
8/19/2007,96.5,85.7,26,20,5.5
8/20/2007,90.4,87.6,30,19.5,2.7
8/21/2007,84.3,70.7,30.2,20.5,2.8
8/22/2007,79.9,68.5,30.7,20.8,0
8/23/2007,82.1,77.2,30.3,20,0
8/24/2007,85.2,66.3,26.7,21,0
8/25/2007,83.5,93.1,30,19.1,6
8/26/2007,91.5,83.9,28.4,20.4,26.4
8/27/2007,91.3,83.6,28.9,20,6.4
8/28/2007,91.5,79.8,28,20.5,2.3
8/29/2007,83.8,80.3,29.4,20.4,13
8/30/2007,85.2,93.1,29.7,20.3,0
8/31/2007,93,70,27.5,20.3,13.5
9/1/2007,89.9,83.9,29.6,20.4,15.4
9/2/2007,91.3,82.2,29.4,20,29
9/3/2007,97.3,77.4,28.3,20,8.4
9/4/2007,93.1,83.8,25.8,20.5,0.2
9/5/2007,98.2,77.8,25.5,19.8,52.6
9/6/2007,85,86.6,24.4,19.3,39.9
9/7/2007,89.7,78.1,30.2,19.2,20
9/8/2007,88.1,80.4,29.8,20,0
9/9/2007,86.6,69.6,29.7,19.8,T
9/10/2007,91.3,73.3,31.5,20.2,4.2
9/11/2007,79.9,65.1,31.6,19.4,0
9/12/2007,79.2,91.5,31,20.5,0
9/13/2007,78.7,88.4,30,20,7.8
9/14/2007,88,79.3,30.5,19.4,6.6
9/15/2007,83.4,69.5,30.8,19.5,T
9/16/2007,91.4,73.9,30,19.4,1.5
9/17/2007,88.3,71,29.2,21.4,0
9/18/2007,97.2,70,27.5,18.5,47.7
9/19/2007,87.3,76.6,31.4,18,0.9
9/20/2007,86.8,83.3,31.8,20,7
9/21/2007,78.3,75.2,30.7,19.6,1
9/22/2007,75.8,69.8,31.5,18.6,0.4
9/23/2007,83.4,69.4,28.4,18,0
9/24/2007,91,87.2,23,18.4,T
9/25/2007,97.1,94.3,19.1,17.2,10.5
9/26/2007,95.2,83,22.2,17.1,26.9
9/27/2007,78.8,91.4,30.2,17.6,1.8
9/28/2007,91,87.7,24,18.7,5.1
9/29/2007,97.1,95.3,19.4,17.5,23
9/30/2007,97.2,75,27,17.6,22.6
10/1/2007,97.1,100,29.9,16.6,0.2
10/2/2007,80,70.5,31.1,18,0
10/3/2007,77.5,70.7,31.2,17.8,0
10/4/2007,82.6,72.5,30.2,18.4,0
10/5/2007,89.5,70.4,30.2,18.3,0
10/6/2007,82.2,70.4,31.5,19,0
10/7/2007,89.6,75.8,31.9,18,0
10/8/2007,91.3,75.2,30.7,18.8,1.5
10/9/2007,86.3,69.3,29.7,18.8,0.2
10/10/2007,89.4,72.6,30,17.5,0
10/11/2007,82.9,78.7,29.2,19.5,0
10/12/2007,80.9,78.7,29.2,17.8,0
10/13/2007,94.3,69.9,25.7,17.6,3
10/14/2007,82.7,70.7,29.4,16.2,0.3
10/15/2007,87.3,72.8,26.7,16.5,0
10/16/2007,96.1,94,18.7,16,T
10/17/2007,95.8,69.8,25,13.2,13.2
10/18/2007,95.9,72.1,27.5,10.5,0.1
10/19/2007,86.1,79.5,27.5,14.9,0
10/20/2007,85.6,62.5,27.2,13.1,0
10/21/2007,96.7,72.2,26.4,11.6,0
10/22/2007,95.7,71.4,26.6,12.3,0
10/23/2007,91.7,72.5,26.4,11.8,0
10/24/2007,81.1,69.4,25.6,13.8,0
10/25/2007,97.9,74.2,27.5,12.6,0
10/26/2007,100,66.4,27.6,12.4,0
10/27/2007,95.9,69.1,27.5,12.2,0
10/28/2007,95.7,72.3,27.2,12,0
10/29/2007,91.8,73.9,26.8,13.1,0
10/30/2007,90,78.9,26.5,12.8,0
10/31/2007,95.9,75.6,26.5,12.4,0
11/1/2007,85.5,69.5,26.8,13.2,0
11/2/2007,95.8,73.8,25.7,12.5,0
11/3/2007,75.5,72.8,26.9,14.7,0
11/4/2007,86.4,73.5,26,12.8,T
11/5/2007,90,66.7,27.5,13.2,0
11/6/2007,88.4,74.4,25,13.8,T
11/7/2007,88,65,24,12.6,T
11/8/2007,89.8,72.1,24.5,11.5,0
11/9/2007,91.5,91.2,22,11.7,T
11/10/2007,97.7,-5.2,24.7,8,3.2
11/11/2007,95.2,70.7,25.4,7.5,0
11/12/2007,96.5,67.2,24.5,7.8,0
11/13/2007,96.4,68,24.4,7.8,0
11/14/2007,95.2,58.8,24.6,6.3,0
11/15/2007,86,54.5,25.6,6,0
11/16/2007,83.2,53.4,24.7,5.7,0
11/17/2007,87.8,71.4,24.7,5.2,0
11/18/2007,97.5,71.3,24.1,6.2,0
11/19/2007,97.4,71.1,25.1,7,0
11/20/2007,96.2,73.2,25.5,7.4,0
11/21/2007,89.2,70.9,23.7,10.2,0
11/22/2007,95.4,59.5,23.7,8,0
11/23/2007,92.8,70.9,24.5,7.2,0
11/24/2007,97.5,71.6,25.8,6.3,0
11/25/2007,97.5,71.4,24.4,5.9,0
11/26/2007,97.5,61,24.4,6.5,0
11/27/2007,97.5,79.9,23.7,6.6,0
11/28/2007,96.4,79.6,23,8,0
11/29/2007,96.5,74.5,22.5,9,0
11/30/2007,97.5,64.8,22.5,7.4,0
12/1/2007,96.2,69.3,21.9,7,0
12/2/2007,97.3,62.3,21.9,5.6,0
12/3/2007,95,66.1,18,6.2,0
12/4/2007,97.2,67.4,21.8,4,0
12/5/2007,97.2,69.5,21.8,3.8,0
12/6/2007,97.3,73.1,20,5.3,0
12/7/2007,97.3,69.5,22,5.1,0
12/8/2007,97.3,73.2,21.4,5.4,0
12/9/2007,97.4,67.4,21,6.6,0
12/10/2007,95,69.7,18.3,7.7,0
12/11/2007,97.3,68.5,19.3,4.8,0
12/12/2007,97.2,63.8,20,3.6,0
12/13/2007,91.9,60.7,21.5,3.8,0
12/14/2007,94.2,46.6,21.2,3.4,0
12/15/2007,96.8,48.9,21.4,1.2,0
12/16/2007,95,58.9,20.9,0.5,0
12/17/2007,96.7,58.7,21.5,0.7,0
12/18/2007,95.1,67.1,20.5,1,0
12/19/2007,95.3,59.5,21,1.5,0
12/20/2007,95.2,56.8,23.5,0.9,0
12/21/2007,93.5,65,21.7,1.4,0
12/22/2007,97,71.5,20,3.5,0
12/23/2007,100,70.9,20.5,6,0
12/24/2007,97,72.7,21.5,3.9,0
12/25/2007,98.6,69.1,20,6,0
12/26/2007,100,64.2,21.1,4.5,0
12/27/2007,97.1,66.1,20.6,4.5,0
12/28/2007,100,73.6,20.6,4,0
12/29/2007,100,69.5,20.6,4.5,0
12/30/2007,96.7,60,21.1,1,0
12/31/2007,96.7,61.2,22,1.3,0
1/1/2008,100,79.2,20.3,1.3,0
1/2/2008,100,69.1,22.2,2.3,0
1/3/2008,100,52,22,2,0
1/4/2008,96.8,48.6,20.9,1,0
1/5/2008,95.2,50.2,22.2,-0.2,0
1/6/2008,93.5,58.2,17.6,1,0
1/7/2008,97.1,60.5,22.7,2.5,0
1/8/2008,96.9,62.3,23.4,2.6,0
1/9/2008,97.1,45.3,22.8,4,0
1/10/2008,97.1,52,23,3.4,0
1/11/2008,96.9,46.3,23,2.5,0
1/12/2008,93.9,48.8,22.5,1.8,0
1/13/2008,97.1,62.7,21.2,2.7,0
1/14/2008,100,63.3,21.4,3,0
1/15/2008,80.5,65.2,19.5,5.5,0
1/16/2008,100,71.1,19,5,0
1/17/2008,100,56.3,20,5,0
1/18/2008,97.3,61,17.4,5.5,0
1/19/2008,97.4,60.7,20.6,8,4.9
1/20/2008,97.3,58.1,21.5,6.2,0
1/21/2008,100,36.3,20,2.7,0
1/22/2008,90.5,56.5,12.7,2.6,0
1/23/2008,91.2,72.4,10.5,3,0
1/24/2008,84.9,69.9,17.4,3.5,0
1/25/2008,97.1,66.4,18.3,4.5,0
1/26/2008,88.6,58.9,18.3,4.7,0
1/27/2008,92.4,69.9,17.2,1,T
1/28/2008,96.5,65,17,0.3,0
1/29/2008,97.1,65.7,18.7,2.7,0
1/30/2008,84.5,70.5,13,2.7,0
1/31/2008,95.1,53,16,1.7,T
2/1/2008,96.4,55.3,17.3,-0.5,0
2/2/2008,98.2,65.2,17,-0.5,0
2/3/2008,93.9,65.9,14.8,0.6,0
2/4/2008,96.6,31.1,18.9,-0.2,0
2/5/2008,90.1,29.7,21.3,-0.3,0
2/6/2008,85.6,25.1,22.2,1.2,0
2/7/2008,78.7,38.3,22.6,3,0
2/8/2008,84.6,49.8,20.5,5.2,0
2/9/2008,92.1,51.4,23.4,2.9,0
2/10/2008,89.1,43.4,22.8,3.8,0
2/11/2008,98.5,47.1,22.5,2.2,0
2/12/2008,94.1,48.2,20.8,1.5,0
2/13/2008,91.2,51.7,20.6,1,0
2/14/2008,74.1,57.6,17.5,4,0
2/15/2008,97.1,62.1,19.8,3.2,0
2/16/2008,95.8,63.4,20.3,3.5,0
2/17/2008,78,54,21.7,5.6,0
2/18/2008,93.3,58.7,20.6,5,0
2/19/2008,97.2,58,19.4,4.2,0
2/20/2008,92.7,62.6,19.4,2.1,0
2/21/2008,93.2,41.7,22.4,3,0
2/22/2008,94.7,46.1,23.7,4.5,0
2/23/2008,93.8,57.4,24.7,5.4,0
2/24/2008,92.6,39.6,25.2,7.5,0
2/25/2008,72.1,54.7,24.5,5.5,0
2/26/2008,75.6,64.4,22.8,4.3,0
2/27/2008,93.1,51.7,22.6,4.5,0
2/28/2008,97.3,49.2,24.2,5.4,0
2/29/2008,87.9,56.2,24.5,6.7,0
3/1/2008,93.1,58.3,21.3,9,0
3/2/2008,92.9,85.9,23.5,8.5,0
3/3/2008,88.7,88.1,23.5,8.8,12.1
3/4/2008,93.5,61.9,20.5,5.5,17.7
3/5/2008,95.2,63,22,7.7,T
3/6/2008,85.8,70,20.5,10.3,T
3/7/2008,97.6,54.3,25.5,8.5,0
3/8/2008,95.3,63.7,21.9,9,0
3/9/2008,97.7,61.6,25.5,9,0
3/10/2008,91.2,44.7,27.5,10,0
3/11/2008,95.5,59.1,25.8,10.6,0
3/12/2008,87.5,40.9,28.2,12,0
3/13/2008,93.3,42.9,28.3,10.2,0
3/14/2008,87.1,40.9,26.7,10.5,0
3/15/2008,78,47.4,28.4,8.5,0
3/16/2008,84.9,54.4,27.5,9.9,0
3/17/2008,81.8,58.1,20.9,10.8,0
3/18/2008,71.8,58.1,26,12.3,0.1
3/19/2008,100,38.1,25.9,9.2,4.6
3/20/2008,62.6,30.2,27.7,8.4,0
3/21/2008,73.9,32.1,26.6,9,0
3/22/2008,69.6,42.4,27.7,8.3,0
3/23/2008,70.1,68.1,27.7,9.8,0
3/24/2008,79.9,55,27.2,11.3,1.4
3/25/2008,83.1,56.2,28,10,0
3/26/2008,75.4,44.5,28.2,10,0
3/27/2008,63.9,49.7,29.5,9.3,0
3/28/2008,86.5,47.4,28,10,0
3/29/2008,65.2,32.8,28.9,8.7,0
3/30/2008,61.6,61.1,28.4,10,0
3/31/2008,61.9,73.3,28,9.5,0
4/1/2008,69.5,93.3,25.5,11.5,0.2
4/2/2008,84.9,79.1,25.1,9.4,8.6
4/3/2008,76.7,67.5,25.5,9.6,3.5
4/4/2008,91.8,85.2,27,11.2,0
4/5/2008,76.4,71.3,24.5,10.7,13.1
4/6/2008,78.5,92.9,22.5,13.2,0
4/7/2008,79.7,67.2,25,7.6,1.6
4/8/2008,74.1,65.2,28.4,10,0
4/9/2008,78.6,51.2,29.3,11.2,0
4/10/2008,72.7,60.5,30.3,12.4,0
4/11/2008,71.4,68.3,29.4,13.6,0
4/12/2008,82.5,100,28.5,14.4,1.4
4/13/2008,72.3,58,29.6,10.2,11
4/14/2008,64.4,38,29,10.6,0.7
4/15/2008,71.8,37.5,29.5,12,0
4/16/2008,63.5,34.1,29.7,12.8,T
4/17/2008,68.8,28.9,29.5,11,3.1
4/18/2008,51.5,24.7,31.1,13,0
4/19/2008,54.5,28.2,32,12.2,0
4/20/2008,55.1,33.1,31.5,11.8,0
4/21/2008,56.2,50.7,31.5,11.8,0
4/22/2008,72.5,54.6,30.7,13.8,0
4/23/2008,75.5,46.4,30.7,15.5,0
4/24/2008,73.9,43.2,32,16.8,0
4/25/2008,65.5,46.6,31.5,15,0
4/26/2008,67.5,25.9,32.1,15.5,0
4/27/2008,55.8,50.8,31.3,14.4,0
4/28/2008,59.4,51.8,32.9,13.2,0.5
4/29/2008,56.8,60.3,30.3,15.3,0
4/30/2008,71,47.9,32,15.4,0
5/1/2008,72.8,38.3,31.8,13.4,2.4
5/2/2008,80.7,28.6,31,12.2,5.8
5/3/2008,55.9,62.5,30.7,13,T
5/4/2008,69.8,52.9,26,17.5,0
5/5/2008,77,81.9,28,14,3.7
5/6/2008,92.3,63.6,29,14,26.6
5/7/2008,72.5,55.8,30.4,13.6,3.2
5/8/2008,71.3,63.5,28.6,15,0
5/9/2008,65.5,60.1,30,13.9,T
5/10/2008,82,64.3,27.2,14,11.4
5/11/2008,67.8,61.5,28.6,15,0
5/12/2008,67.8,51.2,29.5,15.4,0
5/13/2008,60.1,52.9,30,15,0
5/14/2008,75.8,57.9,30.3,14.6,0
5/15/2008,70.4,45.5,30,15.6,0
5/16/2008,79.4,57.7,30.2,16.7,0
5/17/2008,90.5,78.7,29.3,16.5,30.8
5/18/2008,69.2,49,27.9,16.2,T
5/19/2008,78.8,51.9,29.2,16,0
5/20/2008,68.2,75,24.2,13.3,2.4
5/21/2008,67.8,81.6,28,15.3,0.4
5/22/2008,74.6,67.8,27.5,14.4,6.7
5/23/2008,86.5,71.1,24,16.7,0.2
5/24/2008,73.8,60.9,25.7,17,4
5/25/2008,75.1,66.4,27.2,18.2,0
5/26/2008,89.2,61,28.8,16.8,2
5/27/2008,72.5,50.5,30.5,16.6,0.3
5/28/2008,69,52.1,31.3,17,T
5/29/2008,64.8,42.8,31,17.3,0
5/30/2008,63.4,40.3,31.8,17.3,0
5/31/2008,59.7,56.1,31.5,15.5,T
6/1/2008,65.7,43.5,32.2,16.2,T
6/2/2008,66.6,43.2,31.5,17.5,0
6/3/2008,80,55.4,31.5,18.7,0.8
6/4/2008,77.9,58,29.5,18.5,11
6/5/2008,77.9,89.6,28.5,16.2,0
6/6/2008,72.3,76.3,27.5,19.1,7.2
6/7/2008,77.4,66.6,28.5,19.6,T
6/8/2008,83.4,88.3,28,19.8,1.4
6/9/2008,89.8,84.3,29,19.6,11.3
6/10/2008,82.3,77,28.9,20.2,5.4
6/11/2008,88.4,73.3,28.7,20,5.7
6/12/2008,70.1,72.9,30.7,20.2,2.5
6/13/2008,72.8,83.9,29,21.2,0
6/14/2008,83.7,85.2,29,20.7,60.9
6/15/2008,84.9,72.8,26.1,19.7,30
6/16/2008,98.3,79.2,30.8,19.6,1
6/17/2008,71.5,68.8,29.4,19.4,1.4
6/18/2008,85.4,73.1,29.5,20.9,0
6/19/2008,83.6,85.4,26.7,20.5,14.4
6/20/2008,91.3,81.3,25.5,19.9,3.5
6/21/2008,67.4,75.4,30,16.7,3.5
6/22/2008,88.3,86.6,30.7,20.2,3.1
6/23/2008,92.1,86.7,29.8,20.2,15.4
6/24/2008,70,69.1,30.9,19,4.6
6/25/2008,81.5,84.1,30.6,19.6,8.5
6/26/2008,81.4,86.4,31,21.2,11.2
6/27/2008,96.5,75,28.8,21.5,13
6/28/2008,68.3,73.2,30.4,21,0
6/29/2008,94.7,80.7,27.8,20,19.1
6/30/2008,83.6,81.3,28.8,20.4,2.8
7/1/2008,96.6,73.9,30.2,20.2,9
7/2/2008,90.2,76.4,29.3,20.6,1.1
7/3/2008,72.8,79.8,29.6,20,T
7/4/2008,75.9,80.9,29.5,20.8,T
7/5/2008,75.5,93.4,30.2,20.6,2.3
7/6/2008,73.8,78.4,29.9,19.9,9.5
7/7/2008,79.8,81.1,29.2,20,0
7/8/2008,76.3,64.2,31.4,18.8,25.7
7/9/2008,76.2,82.7,30,19.8,2.5
7/10/2008,78.3,73.7,29.7,20.8,0.4
7/11/2008,77.8,88.5,28.7,20.6,0.2
7/12/2008,87.6,88.4,29.6,19.7,48.3
7/13/2008,83.9,78,26.5,20,6.8
7/14/2008,79.5,80.2,30.5,20.2,4.8
7/15/2008,88.3,83.9,28,19.6,23.7
7/16/2008,88.4,83.9,29.5,20.5,8.4
7/17/2008,76.8,84.2,29.5,21,2.8
7/18/2008,87,84.3,29.7,20.7,1.6
7/19/2008,87.6,86.3,29.2,20.3,10.2
7/20/2008,83.9,82.2,27.5,20.8,13.3
7/21/2008,84,73.5,28.7,20.5,2.4
7/22/2008,82.3,79.8,28.6,20.2,4.1
7/23/2008,89.8,79.6,24.7,20.4,1.5
7/24/2008,91.4,76.9,27.6,20.4,7.7
7/25/2008,76.7,70.1,30,19.4,T
7/26/2008,83,69.9,29.5,20.7,0
7/27/2008,89.9,71.3,30.4,20.5,17.9
7/28/2008,91.4,75.6,29.9,19.6,23
7/29/2008,76,77.4,31,20.6,5.5
7/30/2008,85.4,82.4,29,20.7,17.4
7/31/2008,93.2,83.9,29.7,21.3,5.3
8/1/2008,86.8,87.1,31.5,20.8,0.6
8/2/2008,85,91.5,30.5,19.6,5.4
8/3/2008,93.1,95.7,29.3,20,26.1
8/4/2008,94.6,76.6,28.8,19.5,13.8
8/5/2008,78.2,78.3,30.7,19.6,1
8/6/2008,79.4,77,30.4,19.8,6.8
8/7/2008,89.3,71.7,28.5,20.2,29.6
8/8/2008,82.5,71.9,31.5,20.3,13.5
8/9/2008,72.7,85.5,32.5,21,T
8/10/2008,77.1,89.1,31.3,20.2,29.1
8/11/2008,87.2,74.7,31.1,20.9,10.9
8/12/2008,82.7,77.8,30.8,20.2,0
8/13/2008,86.9,77.2,28.3,19.7,18.3
8/14/2008,78.1,81.9,29.4,20.2,11.4
8/15/2008,75.3,87,29.5,20.1,1.1
8/16/2008,85.2,76.9,28,20,1.7
8/17/2008,83.6,73.3,28.5,19.3,T
8/18/2008,70.4,79.7,29.5,19.4,0
8/19/2008,86.9,77.1,28.8,20.6,6.5
8/20/2008,82.2,80,29.8,20.2,1.5
8/21/2008,83,74.3,30.9,19.9,11.6
8/22/2008,82.2,79.6,29.4,20.6,0.2
8/23/2008,77.6,71.1,29.2,20.5,0
8/24/2008,89.1,78.4,28.8,20.4,15
8/25/2008,71.6,74.5,31,19.4,0
8/26/2008,93,81,25.5,21,5.4
8/27/2008,94.6,75.5,26.6,19.6,12.1
8/28/2008,93.1,81,27.3,20.5,2.5
8/29/2008,85,85.5,29,20.6,3.8
8/30/2008,80.6,77.5,29.5,19.4,8.1
8/31/2008,96.4,76.1,27.2,19.3,4.8
9/1/2008,86.2,68.6,30.5,19.2,0.9
9/2/2008,86.4,73.5,31.5,19,0
9/3/2008,89.9,71,29.6,19.2,0
9/4/2008,78.1,69.8,30.4,19,1
9/5/2008,84.3,67.6,29,17.6,2
9/6/2008,81.5,62.5,27,19,T
9/7/2008,75.8,75.6,29,18.6,1
9/8/2008,84.7,83.5,30.5,18,1.2
9/9/2008,83.3,76.9,29.8,19.5,4
9/10/2008,85.1,70.1,30.7,20.2,T
9/11/2008,86.6,69.8,30.6,18.2,37.4
9/12/2008,88,91.4,29.4,18.6,84.3
9/13/2008,76.1,77.1,30.2,18.8,41.3
9/14/2008,94.6,67.6,29.8,18.8,32.8
9/15/2008,86.2,57.1,30,18.8,9
9/16/2008,71.9,72.6,30.2,19.6,0
9/17/2008,79.7,64.4,31,19.2,0
9/18/2008,84.9,66.2,30,19.6,3.6
9/19/2008,73.3,69.7,29.5,19.5,0
9/20/2008,87.9,85.2,26.9,19.2,T
9/21/2008,92.8,73.1,29.7,18.5,0
9/22/2008,83.6,76,27.9,19,7.7
9/23/2008,92,80.3,29.6,17,0
9/24/2008,92,94.4,24.2,18,T
9/25/2008,98.1,89.8,26.6,18.2,27.9
9/26/2008,82.3,66.7,31.7,18.4,2.5
9/27/2008,84.5,64.4,31.9,17.6,0
9/28/2008,96.4,93,29.5,18,0
9/29/2008,91.2,91,25.8,18.6,30.5
9/30/2008,86,69.7,30.4,16.6,4.2
10/1/2008,90.8,69.7,29.7,16,0
10/2/2008,76.4,74.4,31.1,16.3,0
10/3/2008,84.7,72.4,30.5,18,0
10/4/2008,80.8,86.9,30.7,16.6,0
10/5/2008,84.7,83.6,30.9,17,0
10/6/2008,81.2,81.9,27.9,14.8,T
10/7/2008,83.5,90,29,16.7,5.6
10/8/2008,82.7,68.3,28.6,16.8,T
10/9/2008,92.3,68.6,28.5,15,0
10/10/2008,82.3,75.4,29.6,13.7,0
10/11/2008,82.3,71.3,26.8,14.1,0
10/12/2008,96,75.2,29.6,14,4.7
10/13/2008,75.8,66.8,30.2,15,0
10/14/2008,85.4,75.2,28.4,13.8,0
10/15/2008,86.2,73.4,26.8,13,0
10/16/2008,83.8,70.1,29.2,13.6,0
10/17/2008,88.6,73.3,28.2,13,0
10/18/2008,79.2,67.5,29.1,13.1,0
10/19/2008,78.4,61,28,12.5,0
10/20/2008,90.4,65.4,28.6,12,0
10/21/2008,86.3,65.7,28.7,10,0
10/22/2008,91.8,73.9,27.6,11.2,0
10/23/2008,77.7,65.9,27.2,11.7,0
10/24/2008,76.6,66.7,26.7,11,0
10/25/2008,80.3,66.4,27.4,11.4,0
10/26/2008,80.6,63.3,27.1,12.2,0
10/27/2008,84.4,88.5,24.3,11,0
10/28/2008,80.4,83.7,25.7,11.8,0
10/29/2008,97.9,73,27.2,11.2,0
10/30/2008,87.9,71.7,27.7,11.4,0
10/31/2008,86.4,66.7,28,11.3,0
11/1/2008,81.1,66.7,28.5,11.3,0
11/2/2008,93.9,66.2,30,11.1,0
11/3/2008,79.3,83,28.5,10.6,0
11/4/2008,78.2,70.4,27.2,13.4,0
11/5/2008,83.9,64.4,25.7,9.6,0
11/6/2008,89.3,65.5,26.8,9.4,0
11/7/2008,85.9,79.3,27.8,9.2,0
11/8/2008,85.6,65.9,28,9.2,0
11/9/2008,93.3,62.4,28.5,8.3,0
11/10/2008,97.7,65.3,28.3,8.2,0
11/11/2008,95.7,71.6,26.6,9.4,0
11/12/2008,83.6,72.9,24.3,12.5,0
11/13/2008,95.6,76.5,21.1,11.2,0
11/14/2008,89.2,74.8,24,10.6,0
11/15/2008,97.6,69.6,23.6,8,0
11/16/2008,90.1,75.1,22.5,7.5,0
11/17/2008,95,79.7,23.6,5.5,0
11/18/2008,84.4,72.1,24,7.8,0
11/19/2008,92.2,70.5,24.3,8.7,0
11/20/2008,86.8,68.7,25.5,9.4,0
11/21/2008,97.6,72.9,24.2,7.5,0
11/22/2008,97.4,66.1,24.4,6.2,0
11/23/2008,93,87.4,23.2,8,0
11/24/2008,100,68.2,23.1,8,0
11/25/2008,88.3,69.1,23.7,8.5,0
11/26/2008,97.5,64.5,23.1,6.8,0
11/27/2008,95.1,56.6,25,6.5,0
11/28/2008,97.5,58.6,24.2,6.2,0
11/29/2008,97.4,76.1,24.4,5.8,0
11/30/2008,97.4,79.9,24.8,5.3,0
12/1/2008,96.2,70.8,23.6,5.7,0
12/2/2008,97.6,70.9,23.4,7.8,0
12/3/2008,97.5,70.1,23.5,6.2,0
12/4/2008,95.2,70.9,23.6,6.5,0
12/5/2008,97.6,75.8,23.5,7.7,0
12/6/2008,97.5,67.7,24.5,6.5,0
12/7/2008,91.9,72.1,23.5,8.1,0
12/8/2008,87,80.2,21.5,11.8,0
12/9/2008,98.7,72.6,23.9,6.6,0
12/10/2008,98.7,74.9,23.5,5.8,0
12/11/2008,100,67.7,22.6,7.5,0
12/12/2008,85.4,58.8,22.5,6.5,0
12/13/2008,98.6,56.3,21.8,3.3,0
12/14/2008,97.1,70.9,23.3,2.9,0
12/15/2008,97.3,87,22.4,3.5,0
12/16/2008,97.2,66.3,22.6,5,0
12/17/2008,95.8,70.2,23.6,3.7,0
12/18/2008,97.2,67.8,22.7,4.4,0
12/19/2008,94.8,75.8,23.5,5.6,0
12/20/2008,97.4,75.5,20.1,6.5,0
12/21/2008,97.3,68.5,22,6.4,0
12/22/2008,96,75.8,21.9,6,0
12/23/2008,97.5,75.4,21,8.1,0
12/24/2008,97.3,72.1,21.6,6,0
12/25/2008,91.6,67.7,22.6,7.5,0
12/26/2008,90.3,81.4,16.6,8,T
12/27/2008,97.2,72.2,20.3,4.6,T
12/28/2008,97.1,77.7,20.6,3.4,T
12/29/2008,97,71.2,20.4,2.8,0
12/30/2008,97.1,78.1,20.7,5.1,0
12/31/2008,90,73.6,19.7,6.4,0
1/1/2009,100,63.3,8.9,19.8,0
1/2/2009,100,68.1,10.8,19.2,0
1/3/2009,96.8,68.1,10,20.6,0
1/4/2009,100,67.1,9,20.5,0
1/5/2009,100,70.3,10.4,18.8,0
1/6/2009,98.3,64.1,9.6,20.6,0
1/7/2009,90.5,54.6,8.8,21,0
1/8/2009,93.5,55.7,9.6,20.4,0
1/9/2009,96.9,55.7,9.6,22.2,0
1/10/2009,97,55.3,10.4,21.5,0
1/11/2009,96.7,60.9,9.8,22.3,0
1/12/2009,96.9,68.2,11.8,21.4,0
1/13/2009,100,66.7,12,21,0
1/14/2009,94.2,70.1,12,21.6,0
1/15/2009,94,66.7,12,21.9,0
1/16/2009,90.5,74.5,13.2,22.9,0
1/17/2009,100,64.3,12.8,23.1,0
1/18/2009,100,72.1,12.4,23.6,0
1/19/2009,100,58.2,12.7,24.1,0
1/20/2009,94.1,63.6,13.6,24.6,0
1/21/2009,90.3,68,13.4,22.8,0
1/22/2009,97.3,62.7,14.2,23.6,0
1/23/2009,100,65.5,14,24.8,0
1/24/2009,97.6,58.3,15.2,23.5,0
1/25/2009,97.6,69.2,14.8,22.7,0
1/26/2009,98.8,47.5,11.8,24.2,0
1/27/2009,89.5,39.4,10.6,25.7,0
1/28/2009,91.4,53.9,12.6,25.8,0
1/29/2009,91.2,62.8,12.8,23.5,0
1/30/2009,100,48.6,12.6,25.5,0
1/31/2009,97.2,63.2,13.2,25.2,0
2/1/2009,95.6,51.2,12.6,24.3,0
2/2/2009,97.4,65.1,12,22.4,0
2/3/2009,100,70.2,12.2,22.2,0
2/4/2009,87,80.2,13.8,23,0
2/5/2009,100,59.2,13.6,23.8,0
2/6/2009,97.2,63.6,13.6,24.8,0
2/7/2009,96,51.3,14.6,24.4,0
2/8/2009,94.8,66.6,13.6,25.6,0
2/9/2009,96.3,64,14,25.2,0
2/10/2009,97.4,60.3,14.6,26.5,0
2/11/2009,95,54.7,12.2,20.5,0
2/12/2009,94.4,48.8,11.8,26,T
2/13/2009,91.9,60.9,13.8,26.4,0
2/14/2009,96.3,60.2,15.8,28.3,0
2/15/2009,97.3,55.8,14.2,27.5,0
2/16/2009,94.7,58.2,15.1,26.8,0
2/17/2009,94.9,38.9,15,27.2,0
2/18/2009,92.7,52.6,15.7,28.5,0
2/19/2009,91.4,54.7,15.4,28.2,0
2/20/2009,88,57,15.2,28.6,0
2/21/2009,90,32.3,12.6,26.3,0
2/22/2009,82.4,37,13.7,27,0
2/23/2009,79.1,36.9,12.4,26,0
2/24/2009,91.6,52,15.2,26.2,0
2/25/2009,87.7,39,12.4,25.7,0
2/26/2009,82.8,42.9,12.8,28.2,0
2/27/2009,78.9,31.2,12,27.5,0
2/28/2009,75.8,46.3,11,25.2,0
3/1/2009,72.4,42.3,12.4,25.2,0
3/2/2009,87.4,67.6,16.4,23.1,0
3/3/2009,68.3,46.5,14.1,25.7,0
3/4/2009,74.5,34.2,13.2,28.3,0
3/5/2009,81.2,46.1,15.8,30,0
3/6/2009,85.6,47.6,16.2,30.2,0
3/7/2009,87.1,35,15.4,30.1,0
3/8/2009,70.9,33.6,15.6,29.5,0
3/9/2009,67.9,36.5,13.4,23.2,0
3/10/2009,61.3,28,13.2,28.1,0
3/11/2009,68.8,25.7,11,27.7,0
3/12/2009,63.9,34.1,14.8,30.4,0
3/13/2009,66.4,38.3,14.6,28.5,0
3/14/2009,73.6,42.4,15.4,29.6,0
3/15/2009,71.8,52,14.2,25.5,0
3/16/2009,81.7,43.1,14.4,27.5,0
3/17/2009,73.3,33,13,29,0
3/18/2009,67.3,44.1,13.6,26.8,0
3/19/2009,81.5,43.2,15.2,28.5,0.6
3/20/2009,66.1,80.4,12.6,27,0
3/21/2009,76.8,67.7,13,27.5,1
3/22/2009,87,74.1,12.7,26.5,0.3
3/23/2009,83.7,50.9,15.2,28.5,0.2
3/24/2009,77.1,50.3,13.8,28.5,0
3/25/2009,70.2,58.5,14.2,28.8,0
3/26/2009,65.7,56.5,13.6,23.4,T
3/27/2009,69.8,60.2,13.2,25.6,T
3/28/2009,67.3,50.1,15.1,28,0
3/29/2009,85.4,51.1,16.4,27.6,0.1
3/30/2009,89,54.2,16,27.3,18.9
3/31/2009,85.4,80.3,14,27.9,7.3
4/1/2009,93.4,63.5,16.4,26.8,11
4/2/2009,70.3,69.1,16.4,27.8,0
4/3/2009,86.5,58.6,18,29.2,T
4/4/2009,80.8,61.8,17.4,30,1.2
4/5/2009,72.2,55.6,18.4,30,0
4/6/2009,73.3,63.4,17.8,29.2,0
4/7/2009,69.4,41.3,17.4,29.9,0
4/8/2009,50.5,37.6,15.4,30.4,0
4/9/2009,53.5,42.3,16,30.6,0
4/10/2009,61.9,37.6,15.4,29.3,0.9
4/11/2009,56,42.8,16.4,30.3,0
4/12/2009,68.5,38,18.5,30.9,0
4/13/2009,69.4,45,18.2,30.8,0
4/14/2009,71,58.6,18,31.8,T
4/15/2009,72.1,46.8,20.6,33,0
4/16/2009,63.8,52.7,19.8,33.7,0
4/17/2009,62.3,41.6,18.4,33.5,T
4/18/2009,77.2,35.1,17.2,32.5,5.5
4/19/2009,58.1,46.7,18,31.4,0
4/20/2009,63.8,51.7,18.8,31.6,0
4/21/2009,71.8,51.9,20,32.8,0
4/22/2009,81.1,21.5,16,33.4,2.7
4/23/2009,47.7,30.5,16.2,33.2,0
4/24/2009,44.7,25.9,16.4,35.2,0
4/25/2009,43.2,31.9,16.6,33.2,0
4/26/2009,52.7,31,16,32.9,0
4/27/2009,51.8,35.1,17.8,33.2,0
4/28/2009,50.5,34.8,17.1,32,0
4/29/2009,64.6,44.2,19.8,32,0
4/30/2009,71.3,70.6,20.4,31.4,0
5/1/2009,74.3,59.7,23,31.1,T
5/2/2009,76,58.4,21.4,33,0
5/3/2009,93.7,62.8,21.4,29.8,10
5/4/2009,71.8,68.7,19.6,30,3
5/5/2009,72.6,49.7,19.8,31.4,11.5
5/6/2009,61.2,38.7,19.1,31.4,1.4
5/7/2009,57.1,30.8,17.4,33,0
5/8/2009,50.9,26.9,16.2,33.5,0
5/9/2009,44.1,34.8,17,33.1,0
5/10/2009,58.3,51.4,17.6,32.1,0
5/11/2009,93.1,87.9,14.6,26.2,7.7
5/12/2009,73.9,60.1,14.4,27.5,16.5
5/13/2009,90.3,62.1,16.4,25.7,4.5
5/14/2009,66.9,61.9,17.5,29,5.7
5/15/2009,69.2,83.2,16.2,27.4,0
5/16/2009,67.5,62.3,18,28.2,1.6
5/17/2009,85.4,60.2,21,28.6,0.9
5/18/2009,76.7,63.1,21.1,29.9,T
5/19/2009,71.2,54.7,23,32.8,0
5/20/2009,87.5,50.5,20.6,29,T
5/21/2009,66.5,75.1,21.2,30.4,T
5/22/2009,77.3,67.6,19.8,27.5,6.5
5/23/2009,71.7,62.3,20.8,28,0.5
5/24/2009,75.2,59.7,20.4,29.9,0
5/25/2009,75,89.3,19.2,23.5,1
5/26/2009,96.2,78.8,20.2,23.4,37.8
5/27/2009,91,58.4,20.2,27.7,8.2
5/28/2009,69.9,56.2,20.2,28,0
5/29/2009,77.1,56.4,19.2,27.6,8.8
5/30/2009,74.5,75.4,19.4,28.8,0
5/31/2009,97,62,19,24,6.4
6/1/2009,70.1,58.2,20,28.5,0
6/2/2009,67.6,71.7,21,30.2,0
6/3/2009,75.8,69.6,22.8,28.7,0
6/4/2009,82.1,69.7,21,28.8,4
6/5/2009,80.6,76.3,21,29,23.5
6/6/2009,91,66.7,21.2,28.5,12.5
6/7/2009,72.3,54.2,23,31.9,0
6/8/2009,69.7,33.8,18.3,32.2,0
6/9/2009,68.6,37.9,19.4,31.8,0
6/10/2009,63.2,41.8,20,31.9,0
6/11/2009,69,50,21,31.1,0
6/12/2009,79.2,80.2,20.2,31.2,1.9
6/13/2009,75,60.4,21.9,30.7,3.3
6/14/2009,76.7,79.6,22,31.5,0
6/15/2009,67.8,53,22.2,32,0
6/16/2009,70.9,44.4,21.6,32.6,0
6/17/2009,58.7,50.1,23,33.6,0
6/18/2009,72.5,56.1,22.4,33.1,0
6/19/2009,61.5,58.9,22,32.1,0
6/20/2009,63.3,52.2,23.4,34.2,T
6/21/2009,70,55.5,24,33.5,0
6/22/2009,80.4,72.3,21,31.7,2
6/23/2009,79.2,71,23,28,T
6/24/2009,91.4,53.2,21.4,29.8,T
6/25/2009,69.7,89.4,22.8,31.5,0
6/26/2009,94.8,67.4,23,29.8,47.3
6/27/2009,90,89.9,21.6,26.5,9.5
6/28/2009,91.5,82.5,22,25.5,2.5
6/29/2009,81.1,83.9,26.2,30,9
6/30/2009,85.7,89.9,21.2,27.4,9.5
7/1/2009,94.8,84.1,22.6,26,39.5
7/2/2009,93,78.1,21.8,29.5,10.2
7/3/2009,83.8,73.2,22.6,30,T
7/4/2009,91.3,76.5,24,30.3,T
7/5/2009,77.6,82.9,23.2,30.3,7.2
7/6/2009,93.1,81.8,24,30.3,4.6
7/7/2009,92.1,79,23.6,30.5,30.6
7/8/2009,79.8,76.5,24,31.4,7.8
7/9/2009,83.9,64.4,22,31.6,T
7/10/2009,70.6,73.1,22.4,31,0
7/11/2009,87,91.7,22.2,29.2,1.7
7/12/2009,93.1,94.9,21.8,25.3,5
7/13/2009,80.1,83.2,24,30.4,21.8
7/14/2009,85.6,92,24.2,31.4,0
7/15/2009,95.7,81.1,24,31.4,7.6
7/16/2009,84.7,68.8,23.4,30.4,T
7/17/2009,80.6,71.4,23.8,31.2,0.2
7/18/2009,84.3,83.6,25.2,31.4,T
7/19/2009,79.7,93.7,25,31.4,14.4
7/20/2009,77.2,66.4,24.9,31.8,8.1
7/21/2009,79.6,74.7,23,31,0.6
7/22/2009,88.3,84.3,23,30.2,2.1
7/23/2009,88.3,73.1,22.4,30.4,1.2
7/24/2009,95.9,76.2,23.4,29.6,0
7/25/2009,71,66.2,24.6,31.5,T
7/26/2009,77.3,83.9,22,28.3,11.5
7/27/2009,96.5,76.9,22.1,25.1,59.2
7/28/2009,96.4,79.3,21.4,28,76.5
7/29/2009,85,81.3,22.6,25.6,1.2
7/30/2009,96.5,65.7,22.2,29.6,10.3
7/31/2009,92.3,86.8,21.4,29.5,5
8/1/2009,87,74.5,22.6,29.5,29.2
8/2/2009,77.4,80.6,22.7,31.7,T
8/3/2009,84.8,84.1,22.6,31.6,0
8/4/2009,80.7,71.7,24.3,30.2,0
8/5/2009,88.8,81.2,22.4,29.6,2.2
8/6/2009,86.2,94.7,20.4,27.6,2.8
8/7/2009,98.2,70,23.4,27.6,24.2
8/8/2009,87.1,88.5,22,30.5,4.1
8/9/2009,86.2,76.4,23.8,30.9,0.2
8/10/2009,89.4,77.5,23.4,28.3,1.8
8/11/2009,88.5,77.7,23.8,30.8,23
8/12/2009,96.6,71.8,24.4,29.6,14.4
8/13/2009,93.2,72.1,22.8,29.6,58.7
8/14/2009,93.2,81.5,23.2,26,4.4
8/15/2009,86,88.5,22.2,29.3,5
8/16/2009,87.4,88.6,22.6,27.2,3.5
8/17/2009,84,82.4,21.8,26.5,57.3
8/18/2009,89.8,90,21.8,27.8,6.2
8/19/2009,88.2,65.5,23.6,30.1,21
8/20/2009,92.2,74.2,22,27.3,17.7
8/21/2009,88.1,68.2,22.4,30.2,8
8/22/2009,85,67,22.4,31,0
8/23/2009,86.8,81.4,22.8,27.5,T
8/24/2009,94.7,78.3,22.2,25,30.3
8/25/2009,82,76.9,22,28.5,6.5
8/26/2009,81,86.9,22,28.6,14.3
8/27/2009,87.3,94.7,20.2,29.8,4.1
8/28/2009,91.4,69.6,22.8,29.8,28.2
8/29/2009,89.9,80.9,21.6,31.3,0
8/30/2009,91.5,67.4,23,29.8,15.5
8/31/2009,83.7,69.4,24.4,30.3,0.3
9/1/2009,91.4,76.9,22,30.4,2.5
9/2/2009,88.9,78,21.6,29.6,24.5
9/3/2009,88.9,70.5,22.2,28.4,T
9/4/2009,85,87.9,19.8,29.5,0
9/5/2009,89.4,70,21.4,29,5.6
9/6/2009,82.4,86.4,20.4,26.4,14
9/7/2009,96.4,75.5,22,27.9,7.6
9/8/2009,86.6,83.6,21,27.7,1
9/9/2009,91.2,85.4,19.8,26,7.9
9/10/2009,91.2,74.2,22,26.5,2.8
9/11/2009,80.8,68.3,22.6,29.5,8.4
9/12/2009,87,71.5,21.8,30.6,0
9/13/2009,80.6,67.9,23.8,30.6,0
9/14/2009,81.9,68.6,22.2,30,0
9/15/2009,79.9,73.1,22.4,29.5,T
9/16/2009,83.4,77,22.2,30,0
9/17/2009,86,72.2,23,30.3,0
9/18/2009,87.4,74.7,23,29.8,0
9/19/2009,83.6,71.4,21.6,29.1,0
9/20/2009,81.8,76.9,22,30.5,0
9/21/2009,83.2,69.7,21,28.4,T
9/22/2009,80.1,66.1,21.2,30,0
9/23/2009,84.7,72,20.6,29.5,0
9/24/2009,87.2,91.2,20,29.4,0
9/25/2009,87.4,85.8,18.6,28.8,36.4
9/26/2009,84.7,62.1,22,30.5,1.3
9/27/2009,74.5,73.3,20.4,31,0
9/28/2009,96.4,68.7,23.3,31,T
9/29/2009,86.4,88.2,18.2,30.2,0
9/30/2009,89.2,75.8,20,31.2,1.4
10/1/2009,83.8,83.2,20,29.8,0.5
10/2/2009,83,79.3,21.4,29.6,8
10/3/2009,92.8,73.4,20.6,25.7,0.7
10/4/2009,93.6,81.6,20,28.4,6
10/5/2009,88.7,83.8,21.6,27,T
10/6/2009,94.6,82.2,21.4,26,5.2
10/7/2009,95.5,91.2,19.8,24.2,3
10/8/2009,98.1,83.2,20,24.6,45.8
10/9/2009,89.2,77.2,20,29,2.3
10/10/2009,80.6,76.1,18,28.5,0
10/11/2009,90.7,77.8,18.4,27.5,0
10/12/2009,87.6,67.3,18.6,26,T
10/13/2009,92.3,75.2,19,28.1,T
10/14/2009,80.1,65.5,18.8,28.7,0
10/15/2009,53.9,60.9,17.8,29,0
10/16/2009,83.8,77.1,19.8,28.2,0
10/17/2009,87.2,65.7,19,29,0
10/18/2009,91.5,68,18.6,29,0
10/19/2009,87.6,66,17.8,27.7,0
10/20/2009,79.4,67.5,18,27.8,0
10/21/2009,97.9,71.8,18.2,27.4,0
10/22/2009,90.5,63.7,16.6,27.6,0
10/23/2009,93.8,62.9,16.5,26.1,0
10/24/2009,98.9,62.8,16.4,26.6,0
10/25/2009,93.8,70.5,16.4,26.9,0
10/26/2009,95,66.7,17,26.4,0
10/27/2009,97.9,67.1,17.4,25.9,0
10/28/2009,84.7,71,17,26.8,0
10/29/2009,78.2,72.7,17.4,26.7,0
10/30/2009,89.6,73.9,17,26.8,0
10/31/2009,95.9,76.4,16,27.3,0
11/1/2009,79.2,66.7,17,25.4,0
11/2/2009,95.7,67.6,16.4,27,0
11/3/2009,93.4,57.6,15.8,28.3,0
11/4/2009,83.2,58.1,15,27.4,0
11/5/2009,85.6,47.5,14.4,27,0
11/6/2009,82.2,52.8,13.8,27,0
11/7/2009,76.9,50.7,13.2,26,0
11/8/2009,83.9,59.5,13.8,26.4,0
11/9/2009,91.8,60.7,13.6,25.7,0
11/10/2009,91.8,63.1,14.6,24.7,0
11/11/2009,83.5,69.8,13.6,19.9,0
11/12/2009,84.8,81.8,13.4,22.5,0
11/13/2009,97.7,90.9,18.4,25,1
11/14/2009,80.3,73.4,16.2,25.4,0
11/15/2009,95.7,58.1,15,23.5,0
11/16/2009,91.7,75.8,15,21.5,0
11/17/2009,91.4,72.2,14.6,23.4,0
11/18/2009,95.5,68.2,13.6,23.9,0
11/19/2009,93.8,70.2,12.2,23,0
11/20/2009,93.4,69.1,11,21.5,0
11/21/2009,94.8,73.2,11.6,21.5,0
11/22/2009,96.3,63.9,12.4,23.2,0
11/23/2009,96.3,64.4,11.4,23.2,0
11/24/2009,92.2,58.3,11.6,23,0
11/25/2009,97.5,59.3,12.4,23,0
11/26/2009,97.5,63.4,12,21.4,0
11/27/2009,97.5,73.2,11.6,20.6,0
11/28/2009,90.4,72.6,13,23.5,0
11/29/2009,84.8,70.1,12,22,0
11/30/2009,97.6,72,12.2,22.6,0
12/1/2009,100,68.2,13.6,23.2,0
12/2/2009,94.1,72,12.2,22.4,0
12/3/2009,95.3,68.4,12,23.4,0
12/4/2009,97.7,76.1,13,22.6,0
12/5/2009,95.3,68.7,12.4,23,0
12/6/2009,95.1,69.1,11,21.5,0
12/7/2009,97.4,73.6,12,21.6,0
12/8/2009,94.7,69.1,11,20.5,0
12/9/2009,97.4,75,11.6,21,0
12/10/2009,97.4,73.1,11.4,19.9,0
12/11/2009,97.4,67,14,22,0
12/12/2009,97.4,72.3,12.6,21.5,0
12/13/2009,94.1,81,12,17,0
12/14/2009,97.4,67.8,11.4,20.6,0
12/15/2009,97.3,77.9,13,22.2,0
12/16/2009,98.6,55.3,10.4,21.6,0
12/17/2009,97.2,48.8,10,22.4,0
12/18/2009,94.6,60.2,10.6,22.5,0
12/19/2009,93.9,59.5,10,20.8,0
12/20/2009,94.1,62.8,11.4,21.6,0
12/21/2009,97,68,11.6,20.6,0
12/22/2009,100,73.1,11.4,19.8,0
12/23/2009,94.6,75.4,9.6,20.2,0
12/24/2009,94.7,69.2,9.2,18.7,0
12/25/2009,94,69.4,9.4,18.5,0
12/26/2009,100,75.7,10,18.6,0
12/27/2009,100,77.7,10,18.2,0
12/28/2009,100,69.6,9.6,19.1,0
12/29/2009,96.8,73,9.2,17.6,0
12/30/2009,100,70.1,10.2,17.3,0
12/31/2009,97.4,83,8.4,15,3.6
1/1/2010,67.9,96.9,19.5,2.6,0
1/2/2010,70.1,100,20,1.5,0
1/3/2010,49.9,96.6,22.8,0.7,0
1/4/2010,46.5,88.4,22.6,6,0
1/5/2010,64.6,93.4,21.7,3.2,0
1/6/2010,58,96.7,22,2.5,0
1/7/2010,59.3,96.8,22.5,2.6,0
1/8/2010,53.4,93.5,22.5,3,0
1/9/2010,52.4,89.8,22.4,2.5,0
1/10/2010,51.5,98.2,22.5,1.4,0
1/11/2010,47.4,92.8,22.6,0.5,0
1/12/2010,89,79,22.6,-0.2,0
1/13/2010,50.2,85.2,23.1,1.7,0
1/14/2010,77.4,97.1,22.4,6.2,1.9
1/15/2010,76.8,98.4,20.6,2.5,0
1/16/2010,70.8,100,21.5,4.1,0
1/17/2010,63.2,96.9,22.6,4,0
1/18/2010,51.5,96.9,23.8,3.2,0
1/19/2010,54.5,98.4,23,3.5,0
1/20/2010,47.9,96.7,22.5,2.8,0
1/21/2010,50.6,96.8,22.5,3,0
1/22/2010,57.7,95.3,22.2,3.3,0
1/23/2010,58,96.8,23,4,0
1/24/2010,59.6,95.5,20.6,4,0
1/25/2010,42.6,95.5,23.4,4.5,0
1/26/2010,51.5,97,23.4,3.3,0
1/27/2010,51.5,93.8,24,2.7,0
1/28/2010,53.9,93.7,23,3.5,0
1/29/2010,61.2,82.2,22.6,4.4,0
1/30/2010,55.9,97,22.6,4,0
1/31/2010,58,95.3,22.1,4.3,0
2/1/2010,51.8,91.8,22.3,6.7,0
2/2/2010,51.8,98.4,22.9,3.5,0
2/3/2010,42.7,89.7,22.8,2.5,0
2/4/2010,48.3,93.5,22.6,2,0
2/5/2010,60.4,93.6,22.1,1.6,0
2/6/2010,55.6,96.9,22.5,3.5,0
2/7/2010,59.6,97,22.5,5.2,0
2/8/2010,64.7,97,22,5.3,0
2/9/2010,97.2,97.4,11.5,8.6,0.9
2/10/2010,50.3,100,21.1,5,21.5
2/11/2010,30.2,93.6,24.2,3.4,0
2/12/2010,75.3,86.5,11.8,4.4,0
2/13/2010,39.8,98.3,23.5,3,0.9
2/14/2010,49.3,84.9,25.5,1,0
2/15/2010,41.7,86.2,26.1,2.5,0
2/16/2010,40,75.9,26.5,2.7,0
2/17/2010,46,96.9,25,3.5,0
2/18/2010,54.4,83.2,24.6,3.5,0
2/19/2010,62.9,96.9,24.6,4.3,0
2/20/2010,63.9,94.3,24.2,5.8,0
2/21/2010,71,94.7,22.9,6,0
2/22/2010,66,96.1,22.4,8.6,0
2/23/2010,54.7,97.4,24.8,8,0
2/24/2010,48.9,94.4,24.6,5,0
2/25/2010,43,91.4,26.6,5.5,0
2/26/2010,60.1,89.9,26.4,7.2,0
2/27/2010,66.2,87.8,25.5,9,0
2/28/2010,71.7,92.6,27.4,8.4,0
3/1/2010,71.8,97.6,26.2,10.8,0
3/2/2010,60.9,97.5,26.5,11,29.3
3/3/2010,60.3,86.6,26.2,10,0
3/4/2010,44.8,93.9,27.4,9,0
3/5/2010,41.9,90.2,28,9,0
3/6/2010,53.4,77.6,27.5,9.1,0
3/7/2010,37.8,74,28.7,8.8,0
3/8/2010,55.3,73.3,29.4,8.5,0
3/9/2010,39.2,84.2,28.4,8.5,0
3/10/2010,39.4,75.8,28.8,8.6,0
3/11/2010,45.9,82.1,28,9,0
3/12/2010,50.3,86,28,10.2,0
3/13/2010,50.2,83.6,28.5,9,0
3/14/2010,55.2,75.3,28,9.8,0
3/15/2010,45.9,72.7,26.5,9,1.5
3/16/2010,78.3,78.2,26.4,9.6,0
3/17/2010,58.4,89.3,26.8,11,0.5
3/18/2010,46.2,80.2,29.6,10.6,0
3/19/2010,44.4,79.7,31.5,11.1,0
3/20/2010,49.7,70.2,32.5,11.2,0
3/21/2010,48.5,76.4,32.9,13.6,0
3/22/2010,62.5,80.9,30.6,15.5,0
3/23/2010,44.4,84.5,31.6,15.6,0
3/24/2010,51.8,62.9,33,12.7,0
3/25/2010,37.5,73,31.6,14.2,0
3/26/2010,30,79.3,31.8,12.6,0
3/27/2010,47.8,59.7,31.7,12.4,0
3/28/2010,33.3,78.2,31.4,12.3,0
3/29/2010,60.9,65.4,29.7,12.5,0
3/30/2010,58.4,76.2,28.8,13,0
3/31/2010,38.3,86.9,28.1,9,4.4
4/1/2010,41.5,95.2,29.3,9.1,5.4
4/2/2010,36.3,72.4,31.5,10,0
4/3/2010,30.2,64.6,31.6,10,0
4/4/2010,23.4,57.7,32.4,11.8,0
4/5/2010,19.2,50.6,32.6,10.6,0
4/6/2010,26,63.5,31.8,10.5,0
4/7/2010,25,50.1,32.5,11,0
4/8/2010,44.4,56,31.1,12,0
4/9/2010,43.4,74.3,32.3,13.5,0
4/10/2010,37.5,64.3,32.5,14.5,0
4/11/2010,38.5,64.3,33.6,14.3,0
4/12/2010,38.1,78.6,33.7,15,0
4/13/2010,25.8,57.3,34.6,15.5,0
4/14/2010,38.3,61.7,32.5,11.3,2.8
4/15/2010,40,64.5,32.7,14,0
4/16/2010,56.2,78.6,29.3,18.6,0.2
4/17/2010,70.3,87.5,30.6,18.3,0
4/18/2010,72.4,85.2,29.5,17.3,5.8
4/19/2010,56.1,92.8,30.8,14.4,9.6
4/20/2010,48.8,72.8,32.5,14.6,0.7
4/21/2010,50.3,67,34.4,16.8,0
4/22/2010,30,64.9,32.6,15.8,0
4/23/2010,31.5,44.5,34,16,0
4/24/2010,22.6,46.2,33.3,15,0
4/25/2010,24.8,46.6,33,13.2,0
4/26/2010,52,39.5,33.3,13,0
4/27/2010,48.6,60.3,31.8,15,0
4/28/2010,59.4,66.2,30.1,18.2,0
4/29/2010,89.5,80.2,29.9,15.5,0
4/30/2010,57.8,93.7,27.5,13.3,20.8
5/1/2010,60.1,74.2,31.3,17.5,0
5/2/2010,65.4,97.9,29,15,52.2
5/3/2010,60.9,82.7,28.6,15.5,0
5/4/2010,64.5,81.4,30,16.4,0.8
5/5/2010,72.6,76.8,23.7,17.4,6.3
5/6/2010,93,87,27.4,15.6,0.4
5/7/2010,65.6,81.2,24.3,15.8,3.5
5/8/2010,67.5,84.3,28.4,16.6,0.5
5/9/2010,58.4,73.8,29.6,15,0
5/10/2010,47.6,73.4,32.1,15.6,0
5/11/2010,34,65.3,32.2,15.6,0
5/12/2010,32,57.7,33.5,14.5,0
5/13/2010,24.1,67.1,33.5,15.4,0
5/14/2010,26.1,52.3,33.7,14.8,0
5/15/2010,41.7,48.8,32.1,14.4,0
5/16/2010,47.1,59.9,32,15.8,0
5/17/2010,48.9,67.5,32.5,17,0
5/18/2010,84.9,84.9,29.6,20.6,0
5/19/2010,55.2,75.6,32.4,20.6,5
5/20/2010,34.6,80.8,33.5,17.2,1.6
5/21/2010,52.4,59.9,32,14,1
5/22/2010,53.1,61,31.7,18,0
5/23/2010,77.6,84,30.9,19.2,0
5/24/2010,67.5,91.9,26.7,16,47.5
5/25/2010,63.6,66.8,29.5,17.8,1.7
5/26/2010,52.4,87.2,30.2,18.9,0
5/27/2010,87.2,74.2,28.2,18.4,0
5/28/2010,52.2,88.9,29.2,17.4,26.1
5/29/2010,60.4,75,29.8,18.8,0
5/30/2010,47.6,75.4,30.2,17.9,0
5/31/2010,44,73.2,30.5,17.4,1.4
6/1/2010,54.3,74.3,31.3,18,0
6/2/2010,51,75.2,32,17.6,0
6/3/2010,59.3,83,31,17.6,17.7
6/4/2010,66,68.9,31.3,21.8,1.8
6/5/2010,63.3,89.1,30.3,18,8.3
6/6/2010,55.3,67,31.4,18.6,0
6/7/2010,47.1,71,31.2,17.8,0
6/8/2010,41.1,62.2,33,18.2,0
6/9/2010,41.8,56.4,33.6,20,0
6/10/2010,58.9,65,32.9,18,0
6/11/2010,59.2,51.2,33.5,19,0
6/12/2010,55.5,61.7,30.7,19.7,1
6/13/2010,54,93.2,30.7,18.5,26
6/14/2010,70.7,72.1,30.8,18,0
6/15/2010,57.6,70.5,32,18.4,0
6/16/2010,69.8,74.8,30,20.6,0
6/17/2010,63.8,89.6,29.6,21,5
6/18/2010,74.5,86.9,31,19.6,56.2
6/19/2010,70.1,70.1,32.7,20.9,0
6/20/2010,64.7,87.6,31,20.7,4.5
6/21/2010,72.5,79.6,30,20,0
6/22/2010,64.4,92.8,31,20.4,0.1
6/23/2010,86,78.9,29.8,20.4,0.4
6/24/2010,72.3,84.6,31.2,20.5,1.9
6/25/2010,83.2,83.3,30.3,19.8,0
6/26/2010,72.8,78.8,32.7,20.5,4.4
6/27/2010,72.5,83.3,31.8,20.2,1.6
6/28/2010,79.1,91.1,28.4,20.8,6.4
6/29/2010,86.4,86.2,30.2,20.2,1.4
6/30/2010,70,77.8,28,20.2,5
7/1/2010,69.9,83,29.7,20.5,5.5
7/2/2010,69.7,74.6,31.1,20.2,0
7/3/2010,63.6,75,32.4,21.3,0.2
7/4/2010,63.6,65.2,31.5,20.5,0.4
7/5/2010,83.2,70.9,31.6,21,0.3
7/6/2010,71.9,97.2,29.4,20.3,21.8
7/7/2010,75.8,70.5,30,20.9,5.8
7/8/2010,71.9,66.5,29.4,21.3,0
7/9/2010,75.8,91.9,26,20.5,11.4
7/10/2010,76.3,97.3,26,20.6,10.5
7/11/2010,67.6,97.2,27.6,20,42.5
7/12/2010,73,91.9,26,20.8,23.5
7/13/2010,76,82.9,28.2,20.6,1.7
7/14/2010,67.6,83.2,30.4,21,10.8
7/15/2010,72.9,81.6,31.5,20.6,0
7/16/2010,83.2,92.9,25.5,21.2,4.5
7/17/2010,76.8,95.4,28.7,20.6,11.5
7/18/2010,70,91.1,30.5,21.3,0.9
7/19/2010,91.2,86.2,29,20.5,27.2
7/20/2010,82.2,91,30,20.3,6.1
7/21/2010,92.9,78,31,20.4,3.2
7/22/2010,84.3,96.2,29,20,80.7
7/23/2010,83.9,83.1,27.6,21,3
7/24/2010,74.3,83.1,30.5,21.4,0
7/25/2010,84.9,88.1,30.7,21.4,4.3
7/26/2010,86.3,79.6,30.7,20.7,3.6
7/27/2010,84.3,92.8,28.8,20.5,5.3
7/28/2010,64.5,86,31.9,19.7,3.2
7/29/2010,91,94.6,29.2,21.4,6.2
7/30/2010,68.7,87.4,30,19.2,52.6
7/31/2010,77.1,87.6,29.6,19.6,8.2
8/1/2010,69.8,74,31.1,20.3,2.4
8/2/2010,67.5,78.1,30.1,20.4,10.5
8/3/2010,77,76.9,29.8,20,8.7
8/4/2010,75.8,71.1,30.5,19.6,0
8/5/2010,77.2,86,29.5,20.1,48.7
8/6/2010,78.2,88,30.7,20.8,7.1
8/7/2010,94.6,88,29.5,21.6,2.5
8/8/2010,82,93.1,30,20.5,8.8
8/9/2010,92.8,98.1,30,19.5,70.6
8/10/2010,96.4,90.3,30,20.4,37.5
8/11/2010,87.9,92.1,32.5,21,52.6
8/12/2010,73.4,94.6,29,20.6,3.6
8/13/2010,75.3,80.4,29.8,21,0
8/14/2010,83.4,91.2,30.5,20.5,13.2
8/15/2010,76.6,81.8,30,21.5,1.5
8/16/2010,72.2,89.6,29.3,21.1,3.2
8/17/2010,75.2,93.7,29.6,21,19.6
8/18/2010,84.9,86.3,32.6,21.2,1.5
8/19/2010,80.6,91.1,28.9,20.8,3.5
8/20/2010,77.4,87.8,28.7,20.5,45.8
8/21/2010,86.2,94.5,26,20,36
8/22/2010,91.1,94.6,27.2,20,4.6
8/23/2010,87.8,93.7,28.3,22.2,7.5
8/24/2010,85.7,96.2,22.8,20,37.5
8/25/2010,73.4,92.7,26.5,19.8,20.9
8/26/2010,80.1,86.5,30.8,20.2,2.7
8/27/2010,92.7,96.4,28,20.5,3.4
8/28/2010,78.9,94.6,27.5,20.2,21.5
8/29/2010,71,94.6,28.5,21,1.7
8/30/2010,76,89.3,28.8,20.4,8.7
8/31/2010,76.3,87.7,28.7,20.8,0.5
9/1/2010,83.3,94.5,27.7,21,12.4
9/2/2010,91.2,95.5,25.3,20.8,13.2
9/3/2010,92.7,96.3,22.8,20.5,24.7
9/4/2010,78.9,91.1,28.6,20,33.4
9/5/2010,72.5,82.4,30,19.2,1.9
9/6/2010,73.5,94.4,29.5,20.3,3.7
9/7/2010,75.8,96.2,28.4,20.4,70.1
9/8/2010,79.4,89.5,30.1,20,1.8
9/9/2010,76,84.3,31,18.4,0
9/10/2010,69.8,84.5,29.6,19.7,0.3
9/11/2010,75.7,78.4,31.4,19.5,0
9/12/2010,84.3,93.4,27,19.7,22.7
9/13/2010,69.4,78.2,31.1,19.7,3.6
9/14/2010,86,83,29.5,20,1.4
9/15/2010,87.4,90.9,28.5,19.8,2.3
9/16/2010,85.9,93.5,25,19.5,12.2
9/17/2010,84.3,95.3,27.2,19.4,3.3
9/18/2010,74,86,29.2,19.2,4
9/19/2010,76.2,90.2,30.5,18.9,2.6
9/20/2010,81.1,82.6,28.8,19,0
9/21/2010,75.6,88.1,28.5,18.2,3.1
9/22/2010,81.1,84.8,25.7,19.9,0
9/23/2010,83.9,94.2,23.5,19.5,0
9/24/2010,75.1,92.4,29.4,18.4,0.4
9/25/2010,68.3,85.6,29.2,18,0
9/26/2010,72.7,81.3,30.5,19,0
9/27/2010,65.3,73.8,30.2,17.5,0
9/28/2010,68.3,80.6,30.4,16.6,0
9/29/2010,70,77.1,30.1,16.7,0
9/30/2010,78,91.6,29.5,17.6,0
10/1/2010,75,76,30,16.7,1.6
10/2/2010,75,77.6,30.1,16.5,0
10/3/2010,64,82.3,30.2,15.6,0
10/4/2010,70.4,79.6,29.7,15.4,0
10/5/2010,74.6,74.3,30.3,17.2,0
10/6/2010,67.5,80.3,30.5,15.8,0
10/7/2010,72,79.5,29.3,15.9,0.3
10/8/2010,66.7,88.5,27.5,17,0
10/9/2010,66.2,81.6,28.5,16.8,0
10/10/2010,71.7,78.8,28.5,15.1,0
10/11/2010,71.1,86.2,29.1,15.2,0
10/12/2010,69.3,74.6,29.2,13.4,0
10/13/2010,61,85.3,29.6,13.8,0
10/14/2010,81.3,93.6,24.9,13.8,0
10/15/2010,64.5,84.9,29.6,16.6,1.4
10/16/2010,92,90.5,21.5,18.4,0
10/17/2010,90.4,86.8,25.5,17.3,14.8
10/18/2010,74.6,90.5,26.5,17.2,1.2
10/19/2010,72.1,94,29.9,15.8,0
10/20/2010,66.4,94,30.2,16.5,0
10/21/2010,73.9,95.9,24.9,15.4,5.2
10/22/2010,69.5,81.1,28.6,15,0
10/23/2010,65.8,67.8,28.2,15.8,0
10/24/2010,62.6,89.5,28.4,11.6,0
10/25/2010,76.4,95.6,28.8,12.6,0
10/26/2010,73.2,75.4,28.4,14.2,0
10/27/2010,69,89.5,27.6,12,0
10/28/2010,62.2,85.7,27,10,0
10/29/2010,73.5,82.2,26.3,10.4,0
10/30/2010,72.5,87.2,27.5,10.6,0
10/31/2010,69,89,21.5,13.2,0
11/1/2010,70.5,88.9,26.6,13.3,0
11/2/2010,64.4,71.8,26.2,10.2,0
11/3/2010,64.6,77.9,25.6,9.8,0
11/4/2010,80.8,89.2,27.4,10.2,0
11/5/2010,67.3,96.7,28,11,0
11/6/2010,69.3,95.4,27.5,10.5,0
11/7/2010,75.7,80.6,26.8,12.4,0
11/8/2010,67.6,89.3,26.1,11.6,0
11/9/2010,66.4,81.3,26.2,9.6,0
11/10/2010,73.3,79.1,26.7,10.2,0
11/11/2010,71.8,100,26.6,11.2,0
11/12/2010,75,95.5,26,10.9,0
11/13/2010,76.4,85.9,24,12.3,0
11/14/2010,75.7,88.8,24.5,10.8,0
11/15/2010,68.5,94.2,24.2,9.6,0
11/16/2010,74.3,96.3,23.2,10.2,0
11/17/2010,70.8,96.3,23.4,9.5,0
11/18/2010,76.2,97.7,20.6,11.6,0
11/19/2010,70.8,88.7,24.8,12.2,0
11/20/2010,66.3,96.3,24.2,7.9,0
11/21/2010,68,87.8,23.5,7.8,0
11/22/2010,70.8,95,22.7,7.4,0
11/23/2010,76.8,88.2,24.3,9.7,0
11/24/2010,69,93.8,25.5,9,0
11/25/2010,75.3,97.5,22,9,0
11/26/2010,66,93.1,24.4,11.5,0
11/27/2010,69,96.2,24.4,8.6,0
11/28/2010,73,95.1,23.8,10.2,0
11/29/2010,48.3,95.8,23,5.5,0
11/30/2010,68,94.3,23,3.6,0
12/1/2010,74.6,92.9,21,5.3,0
12/2/2010,56.9,100,21.2,4,0
12/3/2010,61.4,98.6,22.7,4.4,0
12/4/2010,66.2,98.6,22,4.4,0
12/5/2010,48.9,90.6,22.6,3.2,0
12/6/2010,55.5,95.2,22.5,3,0
12/7/2010,42.6,85.8,24,2.5,0
12/8/2010,55.5,91.1,23.2,3.2,0
12/9/2010,62.3,81.1,23.2,4,0
12/10/2010,54.2,97,22.2,4.6,0
12/11/2010,67.6,97.1,21.7,4.1,0
12/12/2010,66.9,94.4,20.4,5,0
12/13/2010,66.7,95.6,20.3,4,0
12/14/2010,72.4,100,19.5,3.7,0
12/15/2010,64.1,100,20,3.2,0
12/16/2010,63.2,96.7,20.5,3.4,0
12/17/2010,63.2,96.9,22,3,0
12/18/2010,63.1,96.8,21,2.8,0
12/19/2010,55,96.9,20.3,2,0
12/20/2010,54.7,93.5,19.7,1,0
12/21/2010,65.8,95.3,18.8,2,0
12/22/2010,69.7,96.6,19.2,1.6,0
12/23/2010,65.8,98.3,19.4,2,0
12/24/2010,64.5,100,19.2,1,0
12/25/2010,70.3,96.3,18.2,0.8,0
12/26/2010,65.3,96.7,18.5,2.8,0
12/27/2010,65.8,100,19.5,1.6,0
12/28/2010,66.9,96.6,19.8,1.4,0
12/29/2010,56.5,96.4,20.4,1.2,0
12/30/2010,58.8,96.5,22.5,2,0
12/31/2010,57.7,95.1,20.7,2,0
1/1/2011,80.4,97.4,19.5,7.6,3.7
1/2/2011,65.8,97.2,18.6,6,0
1/3/2011,59.8,98.4,18,3.2,0
1/4/2011,65.8,98.3,19.1,2.8,0
1/5/2011,62.5,96.6,20.2,2.1,0
1/6/2011,58.6,96.8,20,2,0
1/7/2011,58,96.7,20,2.2,0
1/8/2011,59.1,96.5,20.7,2,0
1/9/2011,58.6,96.7,20.2,2,0
1/10/2011,55,98.2,19,0.5,0
1/11/2011,52.2,94.8,19.6,0.7,0
1/12/2011,55,96.5,19.5,1.2,0
1/13/2011,55.6,96.3,19.5,0.6,0
1/14/2011,50.5,93.3,20.4,0.5,0
1/15/2011,39.4,86.4,22.7,1.2,0
1/16/2011,85.3,89.4,18.3,3.2,0
1/17/2011,68.5,98.2,15.5,1.5,2.5
1/18/2011,66.6,96.6,17.2,2.3,0
1/19/2011,70.6,96.8,17.4,2.7,0
1/20/2011,69.6,96.6,16.5,2.6,0
1/21/2011,62.8,93.8,17,4,0
1/22/2011,60.4,93.7,18.7,4,0
1/23/2011,56.5,100,20,3,0
1/24/2011,56.8,96.5,21.2,1.2,0
1/25/2011,36.7,96.6,22.5,1.3,0
1/26/2011,48.3,86.8,20.5,1.6,0
1/27/2011,56.5,93.6,21,1,0
1/28/2011,58,92.2,20.8,2.5,0
1/29/2011,60.1,95.1,20.9,2.6,0
1/30/2011,49.9,96.5,21.2,1.9,0
1/31/2011,50.2,95.4,22.5,3.9,0
2/1/2011,58,93.1,21.5,2.9,0
2/2/2011,59.3,96.9,21,4.5,0
2/3/2011,46,100,24.6,3,0
2/4/2011,49.8,90.7,26.5,4,0
2/5/2011,53.8,87.5,24.6,4.2,0
2/6/2011,49.2,97.2,24.9,5,0
2/7/2011,31.3,94.5,26.5,5.5,0
2/8/2011,29.1,82.5,26.7,5,0
2/9/2011,34.5,90.7,26,5,0
2/10/2011,42.9,94.2,25.2,5,0
2/11/2011,51.5,90.2,25.5,5.5,0
2/12/2011,61.7,93.1,22.8,5.4,0
2/13/2011,62.9,87.6,24.6,10.8,0
2/14/2011,35.6,97.3,27.5,7,0
2/15/2011,59.2,97.5,21.7,9.4,2.7
2/16/2011,94.3,94.6,10,8,14.4
2/17/2011,76.8,100,22.5,3.6,31.3
2/18/2011,61.5,95.6,23.1,4,0
2/19/2011,58.2,95.6,22.6,5.5,0
2/20/2011,61,95.5,23.7,5,0
2/21/2011,86.9,95.7,24,6.2,0
2/22/2011,51,97.1,23,3.5,6.5
2/23/2011,52.6,97.2,25.4,4.7,0
2/24/2011,54.8,100,25.7,5.3,0
2/25/2011,58.2,82.8,19.7,7.4,0
2/26/2011,42.9,81.4,24.5,4.5,0
2/27/2011,35.2,87,25,3.8,0
2/28/2011,37.1,88.2,26.3,4.2,0
3/1/2011,39,64.4,28.2,4.8,0
3/2/2011,40.8,75.7,28.3,7.6,0
3/3/2011,43,74.1,28.3,8.5,0
3/4/2011,33.2,73.3,25.5,8,0
3/5/2011,24.9,77.4,28.3,6.4,0
3/6/2011,23.1,69.7,29.7,6.6,0
3/7/2011,40.7,65.5,30,6.7,0
3/8/2011,49.3,80.9,28.5,8.6,0
3/9/2011,58,80.7,16,9.4,0
3/10/2011,24.5,80.9,27.4,4.5,0
3/11/2011,31.3,68.6,24.2,5,0
3/12/2011,41.5,68.5,26.5,5,0
3/13/2011,39.8,72.7,27,6.4,0
3/14/2011,49,76,24.4,7.8,0
3/15/2011,48.6,87.6,30,8.3,0
3/16/2011,34.4,78,30,9.1,0
3/17/2011,57,71.2,27.9,10.4,0
3/18/2011,63.3,81.8,22.4,14.5,0.4
3/19/2011,54.3,93.3,27.1,12.9,2.1
3/20/2011,39.2,89,28.7,12.6,0
3/21/2011,39.2,79,27.7,9.3,5.8
3/22/2011,36.2,68.2,31,9,0
3/23/2011,37.8,66.6,30.3,10.1,0
3/24/2011,26,62.2,29.1,10.6,0
3/25/2011,32.5,53.4,29.5,9.5,0
3/26/2011,45.9,59.7,28.8,9.4,0
3/27/2011,53.8,66.8,24.7,10.8,0
3/28/2011,85.3,78.7,19.6,7.5,0.7
3/29/2011,76.2,80.9,22.6,13,7
3/30/2011,49.3,81,27.9,11,0.4
3/31/2011,70.8,80.8,27.5,11,0
4/1/2011,62.6,85,27.4,11.5,2.7
4/2/2011,47.2,73.5,28.9,11,0
4/3/2011,54,77,28.4,11,0
4/4/2011,56.5,81.1,27.6,11,0.7
4/5/2011,55.5,69,28.4,9,0
4/6/2011,68.3,60.9,27.7,9,0
4/7/2011,27,47.8,29.9,9,0
4/8/2011,22.3,52.9,29.5,11.4,0
4/9/2011,39.8,41.3,31,10.4,0
4/10/2011,68.1,54,28.7,12.3,0
4/11/2011,43.2,74.2,29.5,10,1.8
4/12/2011,68.3,65.8,27.6,11.7,0
4/13/2011,71.8,95.3,24.5,11.8,12.9
4/14/2011,56.5,97.6,24.5,11.2,2.4
4/15/2011,62.2,69.1,26.7,9.9,0.2
4/16/2011,42,69.9,30.2,13.4,0
4/17/2011,50.1,55.9,31.5,15,0
4/18/2011,40.5,66.7,30.5,15.6,0
4/19/2011,78.2,63,24.6,14.6,0.2
4/20/2011,35,68,29.5,11.3,5
4/21/2011,22.3,47.4,30.6,11,0
4/22/2011,23.1,41.1,30.5,10.6,0
4/23/2011,34.8,42.8,30,10,0
4/24/2011,34.4,58.7,29.4,12.5,0
4/25/2011,83.9,66.3,27.4,13.4,0
4/26/2011,46.2,82.9,29,10.3,4.2
4/27/2011,76.2,62.9,30.4,13.4,0
4/28/2011,73.2,67.2,30.9,14.3,1
4/29/2011,58.8,87.4,29.5,16.1,16.2
4/30/2011,63.3,90.1,25.7,16.7,9.5
5/1/2011,63,67.6,29.2,15,15.7
5/2/2011,47.2,82.3,29.5,14.7,11.8
5/3/2011,81.3,73,29,15.7,0
5/4/2011,73.9,70.5,29,15.1,2
5/5/2011,90.8,71.7,30.6,16.2,0.5
5/6/2011,61,76.4,29.5,16.1,12.5
5/7/2011,67.3,76.4,27,15,27.7
5/8/2011,76.6,72.3,28.7,12.8,0.3
5/9/2011,53.3,91.9,30,12.3,12.3
5/10/2011,63.9,79.2,29.4,15.4,0
5/11/2011,80.2,71.1,27.3,15.4,1
5/12/2011,77.7,92,25.5,15,23.5
5/13/2011,60.4,96,30,16.2,9.5
5/14/2011,60.7,70.3,28.5,15.1,0
5/15/2011,51.7,68.5,30.8,16,0
5/16/2011,48.8,71.3,31.4,17.5,0
5/17/2011,64,70.8,31.2,19.4,0
5/18/2011,88.4,77.6,29,18.8,0
5/19/2011,81.8,86.4,27.5,15,15.8
5/20/2011,70.3,88.5,28.5,16.7,13.4
5/21/2011,62.6,72.1,28,15.8,16.3
5/22/2011,45.9,66.7,29.5,17,0
5/23/2011,48.3,67,30.2,16.5,0
5/24/2011,69,88.8,28.4,17.7,0
5/25/2011,63.6,80.1,29,19,0
5/26/2011,59.9,93.5,27.2,20,0
5/27/2011,69.5,73.5,30.5,12.3,0
5/28/2011,50.9,93.2,28.5,17.8,2
5/29/2011,70.5,85.1,28.5,16,0
5/30/2011,65,79.8,27.2,18.2,0.4
5/31/2011,74.7,82.2,27,17.7,2.7
6/1/2011,50.6,76.1,29,16.7,5.3
6/2/2011,48.3,82.8,30.8,19.4,3.9
6/3/2011,51.2,70,30.6,18.5,0.3
6/4/2011,46.4,67.7,30.5,17,0
6/5/2011,65.1,63.4,31,17.1,0
6/6/2011,54.8,66.5,32.4,18,0
6/7/2011,67.5,76.2,28.5,16.8,5.6
6/8/2011,69.5,71.5,28.3,16.2,0
6/9/2011,57.6,79,27.2,17.3,3.2
6/10/2011,50.8,68.2,28.7,17.5,0
6/11/2011,60.9,86.3,29.8,17,0
6/12/2011,86,63.1,31,19.1,0
6/13/2011,69,82.7,29.5,19.5,10.8
6/14/2011,69.3,91.1,30.5,18.5,33.9
6/15/2011,67.6,89.4,30.5,19.5,0.2
6/16/2011,91.2,77.9,30.8,19,40.8
6/17/2011,62,89.4,31.2,20.5,34.4
6/18/2011,80.9,96.3,25.3,20.2,23
6/19/2011,92.7,95.4,23,20,5.3
6/20/2011,65.1,91,30.5,20,13.7
6/21/2011,68.4,65.7,31.2,19.4,0
6/22/2011,67.6,65.5,30.9,20.2,0
6/23/2011,67.2,72.4,30.5,20.8,0
6/24/2011,86.2,80.3,30.2,21.6,0.5
6/25/2011,92.8,95.4,28.7,19.6,34.9
6/26/2011,87.8,83.1,30.5,21,20.3
6/27/2011,74.2,79.8,30.2,19.2,15.4
6/28/2011,71.6,82.2,28.2,20.2,22.3
6/29/2011,87.7,81.6,27.6,20,10.6
6/30/2011,91,78.6,25.6,20,21.6
7/1/2011,75,96.3,27.3,19.2,64.6
7/2/2011,78.4,96.3,28.5,20.5,40.1
7/3/2011,87.9,95.4,28.5,20.6,7.8
7/4/2011,73.4,83,28.2,20.6,12.4
7/5/2011,81.7,94.5,26.7,20.7,2.8
7/6/2011,82.8,79.7,27.5,19.6,4.5
7/7/2011,87.7,96.3,25,20,11.3
7/8/2011,71.2,72.8,29.7,19.9,8.4
7/9/2011,67.3,72,30.6,20,0
7/10/2011,81,80.1,31.3,21,0
7/11/2011,84.4,69.6,29.7,21,4.2
7/12/2011,75.2,80,29.8,20.5,26.4
7/13/2011,85.5,78.8,27.2,20.9,0
7/14/2011,75.1,99.1,28,20,64.5
7/15/2011,77.1,79.7,30.4,20.3,23.2
7/16/2011,76.1,84.9,29.6,20.3,14.2
7/17/2011,65.8,78.9,31.2,19.6,0
7/18/2011,70.4,79.8,30.8,20,1.2
7/19/2011,83.3,83.3,29.6,21.2,1.2
7/20/2011,83.6,95.5,26.2,20.7,73.4
7/21/2011,74.2,86.5,30,20.7,0.5
7/22/2011,86.9,86.6,28.6,21.1,2.5
7/23/2011,69,83,29.2,20.2,1
7/24/2011,82,82.9,29,20.4,0.3
7/25/2011,83.2,74.5,31,20.9,0
7/26/2011,86.1,93.7,27,21,6.7
7/27/2011,86,96.3,26.5,20.8,5
7/28/2011,87.9,82.2,26.7,20.4,14.7
7/29/2011,83.4,94.5,26,20.5,37.2
7/30/2011,76.2,89.6,28,20.8,7
7/31/2011,63.6,89.5,29.5,20.8,2.7
8/1/2011,83.6,80.1,31.7,20.3,0.7
8/2/2011,85.8,89,28.1,21.8,0.8
8/3/2011,65.7,91.2,31,20.4,9.8
8/4/2011,83.6,84.6,29.8,21,0
8/5/2011,75.8,89.7,30.5,20.6,24.6
8/6/2011,87.9,91.3,30.2,20,17.8
8/7/2011,89.7,87.9,29.4,20,38.4
8/8/2011,69,83.2,29,20.5,10.5
8/9/2011,80.5,65.2,30.2,20.2,7
8/10/2011,76.5,91.1,30,21,0
8/11/2011,89.6,92,27.7,19.6,7.8
8/12/2011,78.9,94.5,29.7,19.7,16.5
8/13/2011,86.5,87.9,30.6,19,6.1
8/14/2011,82,86.1,29.6,19.8,2.5
8/15/2011,72,79.7,28.7,19.5,1.8
8/16/2011,74.3,89.3,30,20.2,1.5
8/17/2011,87.6,74.8,26,20,0.4
8/18/2011,86,74.6,27.3,19.5,6.7
8/19/2011,87.5,96.2,25,19.2,14.5
8/20/2011,86.9,94.4,29.8,19.2,13.7
8/21/2011,65.9,83.3,32.1,20,3
8/22/2011,80,91,28.5,20,1.7
8/23/2011,83.2,94.3,26,19.5,20.2
8/24/2011,76,88.7,29.6,20.2,14.9
8/25/2011,60.2,90.9,31.4,20.4,6.4
8/26/2011,71.9,85.4,29.8,19.4,19.7
8/27/2011,74.9,82.9,31,19.6,6.4
8/28/2011,81.4,87.7,31,19.4,3.5
8/29/2011,82.7,79.7,30.6,20.2,5.8
8/30/2011,78.1,78.4,31,20.1,0
8/31/2011,73.3,83.2,30.4,19.6,2.7
9/1/2011,75.8,75.1,30.7,19.5,3.1
9/2/2011,63.8,79,31.4,19.6,0
9/3/2011,75.1,84.3,31.2,18.5,0
9/4/2011,90.8,87.7,31.3,19,1.2
9/5/2011,70.3,91.6,30.2,18.3,10.5
9/6/2011,83.2,90.8,29,18.6,0
9/7/2011,72.5,87.5,26.5,19.6,27
9/8/2011,71.2,90.2,29.2,19.6,6.3
9/9/2011,91,89.5,28.8,20.5,3.4
9/10/2011,81.3,86.8,30,20,3
9/11/2011,72.5,89,30.2,18.4,0
9/12/2011,67.3,83,31,19.4,15
9/13/2011,86.6,81.6,29.4,20,0.5
9/14/2011,75.3,91.1,30,20,2.8
9/15/2011,62.8,79.8,29,20,0
9/16/2011,73,85.1,29.2,20,0
9/17/2011,75.1,90.9,30.3,19.2,6.6
9/18/2011,92.7,82.8,30.4,19.8,0
9/19/2011,83.9,86.5,27.5,19,43.5
9/20/2011,85.7,92.6,24.4,19.8,5.2
9/21/2011,82.8,97.2,24,19.6,4
9/22/2011,80.6,79.6,28.7,18,1
9/23/2011,96.3,91,27,19.7,2.5
9/24/2011,87.7,91.8,23.7,19,7.5
9/25/2011,85.4,90.9,27.5,19.7,8.4
9/26/2011,95.9,95.9,18.3,17.4,57
9/27/2011,82.3,72.7,26.5,17,38
9/28/2011,90.5,93.3,27.8,18,38.8
9/29/2011,86.9,83.9,28.5,17.9,27.5
9/30/2011,74,83.8,30,17,5.2
10/1/2011,81.3,81.7,31.2,16.6,0.7
10/2/2011,88.1,96.1,29.5,15.8,0.1
10/3/2011,74.9,84.8,27.3,16.3,8.9
10/4/2011,62.1,93.9,29.2,15,0.1
10/5/2011,69.9,90.1,30,16,0
10/6/2011,63.4,80.9,30.3,16.5,0
10/7/2011,61,80.8,29.8,15.4,0
10/8/2011,63,78.1,29.6,15.7,0
10/9/2011,59.5,72.8,29.6,14,0
10/10/2011,52.2,84.8,29.4,14.4,0
10/11/2011,62.6,89.5,29.4,13,0
10/12/2011,60.1,72.7,30,13.6,0
10/13/2011,67.5,82,30,14.3,0
10/14/2011,68.3,88.4,30,17,0
10/15/2011,74.3,73.9,29.3,17.5,0
10/16/2011,64.9,81.7,28,17.6,0
10/17/2011,72.7,82.3,28.8,16,0
10/18/2011,73.9,97.8,28,15,0
10/19/2011,63,78,28,14.6,0
10/20/2011,65.3,75.1,26.5,12.6,0
10/21/2011,72.2,86.9,26,15.9,0
10/22/2011,80.1,89.5,26.7,11.4,0
10/23/2011,58.2,74.3,26.4,11.6,3.1
10/24/2011,65.1,89.3,26.4,11.7,0
10/25/2011,72.5,87.3,27.2,11.8,0
10/26/2011,72,80.2,26.3,13.4,0
10/27/2011,62.9,80.7,25.3,10.4,0.1
10/28/2011,70.9,90.1,25.9,11.5,0
10/29/2011,73.5,95.5,25.8,11.6,0
10/30/2011,71.7,96.5,25.5,12,0
10/31/2011,77.7,88.8,24.5,11.5,0
11/1/2011,48.7,84.3,23.3,10.4,0
11/2/2011,75.7,82.5,19,9.2,0
11/3/2011,77.7,89.7,22.5,12.2,0
11/4/2011,77.7,90.7,22.5,11.6,0
11/5/2011,86.7,86.2,23.3,11,0
11/6/2011,67.5,96.4,21.6,10.8,0
11/7/2011,83.7,91,21.5,12.7,9
11/8/2011,62.9,95.2,25.6,8.8,0
11/9/2011,62.9,96.4,27,8.7,0
11/10/2011,70.8,84.3,25.6,8.5,0
11/11/2011,74.3,74.8,24,11,0
11/12/2011,85.2,90.9,24,12,0
11/13/2011,87.3,94.3,18.3,13.4,0.4
11/14/2011,78.2,95,21.5,9.6,0
11/15/2011,75.3,96.3,21.8,10.5,0
11/16/2011,74.2,81.1,20.5,10.4,0
11/17/2011,84.5,96.4,18,11.7,3.5
11/18/2011,70,92.7,18.5,10.9,0
11/19/2011,73.9,94.9,21.6,8.6,0
11/20/2011,62.2,96.3,23.6,7.3,0
11/21/2011,60.6,93.8,23.5,7,0
11/22/2011,60.6,95.9,23.5,6.8,0
11/23/2011,61.7,97.3,24.2,7.1,0
11/24/2011,57.2,97.5,23.6,8,0
11/25/2011,60.1,96.2,23,7,0
11/26/2011,60.7,92,22.3,6.2,0
11/27/2011,69,95.8,23.3,7,0
11/28/2011,73,90.7,22,7,0
11/29/2011,68.8,96.1,21.8,8.4,0
11/30/2011,68.2,93.9,22,10.1,0
12/1/2011,64.7,96.2,22.7,9.7,0
12/2/2011,54.8,98.7,22.3,7.6,0
12/3/2011,66,94.6,17.8,6.5,0
12/4/2011,72.1,95.8,20.4,6.7,0
12/5/2011,74.8,96.1,20.9,8.2,0
12/6/2011,75.8,96.1,20.5,8.6,0
12/7/2011,72.6,98.6,20.7,6.6,0
12/8/2011,69,97.2,20.5,6.6,0
12/9/2011,78.3,100,20.7,7,0
12/10/2011,51.5,98.6,18.7,6.7,0
12/11/2011,65.8,95.2,18.5,3.8,0
12/12/2011,62.5,96.9,17.7,2.6,0
12/13/2011,69.1,90.7,17.3,2.7,0
12/14/2011,64.5,96.5,17,2.5,0
12/15/2011,66.6,96.9,17,3,0
12/16/2011,70.7,96.8,17.6,3,0
12/17/2011,74.7,96.8,16,3,0
12/18/2011,67,96.9,17.3,3.8,0
12/19/2011,63.6,96.8,18.2,3,0
12/20/2011,16.3,95.2,18,2.7,0
12/21/2011,65.8,96.5,18,2.2,0
12/22/2011,59.3,96.8,17.4,1.5,0
12/23/2011,62.5,98.4,18.5,1.5,0
12/24/2011,55.9,90.6,19.3,2.7,0
12/25/2011,65.8,100,17.9,2,0
12/26/2011,58.3,95.3,18.5,2.4,0
12/27/2011,56.5,96.8,18.7,2.7,0
12/28/2011,56.5,94,18.8,3.2,0
12/29/2011,56.5,95.1,18.8,2.6,0
12/30/2011,40.6,95.1,18.8,1.8,0
12/31/2011,32.4,89.7,20.3,1,0
1/1/2012,63.2,89.1,12.7,3.2,0
1/2/2012,80.7,97.2,14.9,7,9.9
1/3/2012,80,94.2,13,6.8,0.3
1/4/2012,76,81.8,16.2,3.9,0
1/5/2012,76,100,16.2,3,0
1/6/2012,73.9,97,17.2,5,0
1/7/2012,76,96.7,17.5,3.5,0
1/8/2012,55.6,96.7,15.5,3.4,0
1/9/2012,88.7,92.2,17.7,4,0
1/10/2012,75.1,98.4,15.4,4.7,7.6
1/11/2012,63.2,96.5,17,2,0
1/12/2012,68.7,96.6,15.3,1.7,0
1/13/2012,61.8,96.5,15.6,1.5,0
1/14/2012,62.9,89.3,16.8,0,0
1/15/2012,60,96.4,17.5,0.6,0
1/16/2012,74.7,98.4,13,2,0
1/17/2012,51,94.8,18,2.7,0
1/18/2012,50.5,96.4,17.2,0.8,0
1/19/2012,40.5,79.7,18,1,0
1/20/2012,67.3,87.7,18.2,2.7,0
1/21/2012,55.2,95.1,17.9,2,0
1/22/2012,61.6,96.5,19.5,1,0
1/23/2012,51.5,85.3,19.2,4.2,0
1/24/2012,56.5,90.1,19.8,1.4,0
1/25/2012,59.4,93.9,20,3.8,0
1/26/2012,34.2,93.2,20.7,2.4,0
1/27/2012,62.5,93.2,20.2,2.7,0
1/28/2012,48.6,95.1,19.7,2.5,0
1/29/2012,55.9,94.8,20.5,1.7,0
1/30/2012,50,95,20.5,1.4,0
1/31/2012,45.7,95,20.5,2,0
2/1/2012,50.5,95,20.5,2.3,0
2/2/2012,48.3,96.4,20.5,1.3,0
2/3/2012,63.5,82.8,21.2,2.7,0
2/4/2012,56.7,96.8,22.2,3.8,0
2/5/2012,43.4,95.4,23.2,5.4,0
2/6/2012,31.4,90,23.8,4.5,0
2/7/2012,31.8,85.7,25.7,3.5,0
2/8/2012,97.4,94.8,11.5,9.6,12.2
2/9/2012,69.1,97.1,18.6,6,29.3
2/10/2012,52.1,100,21.7,3,0
2/11/2012,75.4,94.1,20.4,4.2,0
2/12/2012,52.7,95.4,21,2.8,0
2/13/2012,76,97,18.5,3.5,0
2/14/2012,50,93.7,21.2,3.8,0.3
2/15/2012,48.9,87,20.6,7.8,0
2/16/2012,49.9,94.1,20,4.3,0
2/17/2012,42.8,76.2,23.8,6.3,0
2/18/2012,46,92,24.5,6.2,0
2/19/2012,55.7,85.8,25.2,4.8,0
2/20/2012,66.8,97.3,23.5,6.4,0
2/21/2012,60.1,95,24,8.6,0
2/22/2012,41.3,96,24.8,6.7,0
2/23/2012,20.7,89.5,28,6.4,0
2/24/2012,27.7,80.3,26.5,5.5,0
2/25/2012,19,62.9,27.5,5,0
2/26/2012,22.9,60.3,26.8,5.5,0
2/27/2012,52.4,58.8,26.6,5.5,0
2/28/2012,41.2,89.8,24.9,7.2,0
2/29/2012,47.4,78.2,23.8,7.5,0
3/1/2012,40.6,83.7,23.5,6,0
3/2/2012,43,70.5,23.8,4.5,0
3/3/2012,39.6,74.2,22.7,5,0
3/4/2012,51.5,83.5,24.4,5.3,0
3/5/2012,52.9,85,25,7.3,0
3/6/2012,31,83.6,27,7.8,0
3/7/2012,36.3,74.7,26.2,8,0
3/8/2012,33.3,62.9,26,6.5,0
3/9/2012,32.3,71,24.8,5.5,0
3/10/2012,29,44.3,24.8,5,0
3/11/2012,12.1,55.6,27.5,2.8,0
3/12/2012,27.3,44.7,25.8,3.5,0
3/13/2012,57.3,53.4,21.6,11.7,0
3/14/2012,54.3,94.8,24.2,6.2,7.8
3/15/2012,50.2,89.4,23.5,6.5,0
3/16/2012,49.9,82.3,24.5,5.4,7.4
3/17/2012,54.7,80.7,25.2,7.2,0
3/18/2012,58.9,81.7,23.7,8.6,0
3/19/2012,50.9,73,26.3,10,0
3/20/2012,44.9,79.6,28.6,10.4,0
3/21/2012,26.1,82.6,29.8,10.5,0
3/22/2012,34.7,61.3,31.4,10.3,0
3/23/2012,49.7,71.9,30.8,10.6,0
3/24/2012,53.6,72.8,27,11.2,0
3/25/2012,54.3,70.7,27,12.8,0
3/26/2012,47.1,73.2,28.4,12.3,0
3/27/2012,35.6,72.2,30.4,12.2,0
3/28/2012,47.3,66.2,32.2,12,0
3/29/2012,44.5,54.7,30,11,0
3/30/2012,32.7,69.3,29.4,11,0
3/31/2012,44.3,65.7,29.6,12,0.4
4/1/2012,45,70.5,30.2,12.4,0
4/2/2012,47.2,69.9,29.6,14.5,0
4/3/2012,93.3,85.3,27.2,14.4,0
4/4/2012,63.6,95.7,27.2,13.2,19.2
4/5/2012,62.9,73.6,29,11.8,0.2
4/6/2012,59.8,88,25,11,19.4
4/7/2012,51.4,75.9,26.6,11.4,0
4/8/2012,46.7,79.9,27.7,12.8,0
4/9/2012,65.6,79.3,26.3,12.5,8.2
4/10/2012,71.2,93.2,23.4,12,21.8
4/11/2012,58,95.6,24.4,14,8.3
4/12/2012,51.1,78.5,28.5,14,0.5
4/13/2012,46.4,62.7,29,11,1
4/14/2012,35.3,58.7,29.6,14.5,0.5
4/15/2012,49.9,63.9,23.4,12.1,0
4/16/2012,35.9,72,28.6,10.2,0.6
4/17/2012,31.7,62.9,30,11.4,0
4/18/2012,32.9,56.5,30.6,12.6,0
4/19/2012,40.7,52.1,29.5,14,0
4/20/2012,66.4,64.9,30.8,13.5,0
4/21/2012,53.1,75.6,29.2,17,0
4/22/2012,40.2,71.8,30.5,15,0
4/23/2012,29.6,55.9,29.9,12.8,0
4/24/2012,26,46.5,31.7,12.8,0
4/25/2012,24.3,57.7,30.5,13,0
4/26/2012,36.5,52,31.5,13.2,0
4/27/2012,33.1,60.3,30.4,13.5,0
4/28/2012,67.4,52.6,29.5,14,0
4/29/2012,26.5,79.3,29.5,11,0.4
4/30/2012,30,43,30.3,13,0
5/1/2012,43.1,40.6,30.6,11.8,0
5/2/2012,34.2,50.5,30,10,0
5/3/2012,37.9,55.1,28.6,12,0
5/4/2012,53.1,59.2,28.3,10,3
5/5/2012,44.1,67.9,26.2,14.4,0.6
5/6/2012,50.5,62.9,29,11.5,0
5/7/2012,42.3,55.9,31.5,12.5,0
5/8/2012,50.3,68.5,31.5,15,0
5/9/2012,80.1,56.4,29.8,15.6,0
5/10/2012,91.9,83.1,29.2,16,7.4
5/11/2012,54.7,80.5,30.5,13.3,17.3
5/12/2012,55.1,64,31.4,16,0
5/13/2012,56,77.7,31.2,15.4,1.3
5/14/2012,53.3,70.4,32.2,16.5,0
5/15/2012,63.8,70.3,32.6,16,0
5/16/2012,63.6,67.5,30.6,15.5,0
5/17/2012,66.9,54.3,33,15.5,0
5/18/2012,80.2,77.8,33,17.6,0
5/19/2012,69.5,74.3,31.6,16.6,0.6
5/20/2012,46.4,66.7,31.7,16.3,6.2
5/21/2012,45,66.2,33,16.4,0
5/22/2012,40.6,73,33.6,17.6,0
5/23/2012,35.2,72.1,33.3,16.4,2.4
5/24/2012,51.7,55.8,34,17,0
5/25/2012,57.3,71,34,19,0
5/26/2012,83.3,90.9,30.2,21,1
5/27/2012,57.6,73.2,31.2,20.6,2.4
5/28/2012,41.8,82.1,32.7,21,0
5/29/2012,61.1,70.1,33.2,19.6,0
5/30/2012,59.6,68.2,33.2,20.3,0
5/31/2012,61,72.2,31.8,21,0
6/1/2012,74.3,76.1,31,20.4,9.2
6/2/2012,58.4,80.6,29.8,17.8,12.4
6/3/2012,42.7,91.2,32.4,19.9,0
6/4/2012,44.5,61.2,32.2,16.7,1.8
6/5/2012,57.2,72.1,32.6,16.6,0
6/6/2012,51.7,59,32.2,17.2,0
6/7/2012,45.9,60.2,32.4,19,0
6/8/2012,49.5,62.6,34.2,19.8,0
6/9/2012,58,66.6,32.4,20.4,0
6/10/2012,41.7,62.5,33,19.6,0
6/11/2012,42.8,59.5,34.2,19.2,0.8
6/12/2012,43.7,56.8,34,19.8,0
6/13/2012,40.9,59.5,35.2,21.5,0
6/14/2012,55.2,61.7,33.2,20.2,1.6
6/15/2012,48.1,67.8,34.6,21.5,1.2
6/16/2012,69,69.7,34.4,21.6,0
6/17/2012,79,80.9,30.2,21.4,7.4
6/18/2012,87.9,74.4,28.2,21,3
6/19/2012,82.1,91.3,30.6,20.6,11.3
6/20/2012,69.4,89.8,31.4,21.6,5.7
6/21/2012,73.3,76.6,30.5,21,0
6/22/2012,83.2,85,28,21.5,7.5
6/23/2012,86.3,96.3,25.6,21.2,8.3
6/24/2012,78.9,94.5,25.5,20.4,38.5
6/25/2012,73.6,94.6,28.5,20.3,30.9
6/26/2012,75.3,79,30.5,21.4,0
6/27/2012,69.6,74.6,29.5,20.2,1.7
6/28/2012,69.8,86.9,29.9,19.6,0
6/29/2012,62.4,90.9,29.7,21.2,7.9
6/30/2012,80.9,76.8,31.5,20.4,0
7/1/2012,83.4,91.3,32,21.4,0.9
7/2/2012,70.1,83.3,31.4,20.8,4.8
7/3/2012,91,92.7,29,19,53.9
7/4/2012,91.1,92,27,20.5,16.4
7/5/2012,83.3,94.6,28,20.8,14.2
7/6/2012,85.9,91.1,26,20.2,2.3
7/7/2012,91.2,91.2,30.2,20.3,4.2
7/8/2012,70.6,66.9,30,20,1.4
7/9/2012,75,85.4,30.5,20.5,7.7
7/10/2012,69,78.6,30.8,20.4,0
7/11/2012,72.5,85.6,29.2,21.3,4.3
7/12/2012,83.4,84.7,30.5,21,3.4
7/13/2012,83.2,92.9,26.4,21.5,2.5
7/14/2012,83.6,81.8,30.5,20,6.2
7/15/2012,75.8,94.5,27,20.6,67.5
7/16/2012,81.2,96.4,26.6,20.5,19.5
7/17/2012,74,84.8,29,20.6,22.3
7/18/2012,79.2,94.6,27,21,4.3
7/19/2012,94.6,98.1,22.8,21,12.6
7/20/2012,83.7,91.3,29,20.6,12.4
7/21/2012,83.7,83.4,31.3,20.6,4.6
7/22/2012,87.7,79.6,27.7,20.6,13.5
7/23/2012,74.8,91.1,29.5,20.8,15.4
7/24/2012,92.9,92.9,27.4,20.6,32.5
7/25/2012,80.2,81.4,28.5,21,24.9
7/26/2012,76.8,76.6,30.5,20,0.5
7/27/2012,77.2,89.7,29,20.5,27.6
7/28/2012,87.9,80.4,28.3,20.5,18
7/29/2012,94.6,83.4,30.4,20.8,12.7
7/30/2012,96.3,87,29.6,21,9.6
7/31/2012,83.2,82.6,28.8,21.4,32.2
8/1/2012,83.2,91.1,25.5,21.2,1
8/2/2012,87.9,88.7,28.2,20.5,0.4
8/3/2012,94.5,97.2,26.3,20.3,35.6
8/4/2012,75.8,89.3,29.5,20.2,18.2
8/5/2012,94.6,81,30.4,20,0
8/6/2012,81.7,83.4,30.6,21,23.3
8/7/2012,80.3,76.3,29.5,20.2,0
8/8/2012,94.4,83,29.6,20.4,0
8/9/2012,91,96.2,24.5,19.6,18.8
8/10/2012,81.7,74.4,31.2,19,5.1
8/11/2012,94.6,91.2,31,20,3.7
8/12/2012,91.3,68.6,29.4,19,18.7
8/13/2012,70.7,82.8,30.3,19.4,5
8/14/2012,91.2,83.1,30.7,20,0
8/15/2012,95.4,83.4,29.6,20.8,1
8/16/2012,91.3,88,31.2,20.6,22.2
8/17/2012,78.1,96.5,31,21.2,0.4
8/18/2012,86.6,83.1,30.3,20.4,22.8
8/19/2012,83.3,91.2,31,21,1.1
8/20/2012,84.7,93.6,27.2,20.4,14.2
8/21/2012,94.5,83.1,28.7,20.3,2.3
8/22/2012,94.5,87.9,28.2,19.8,30.3
8/23/2012,91.9,83.3,29,19.5,7
8/24/2012,94.6,83.3,29.6,20,1.6
8/25/2012,84,87.9,30.2,20.5,4.5
8/26/2012,80.1,90.9,31,19.2,1.4
8/27/2012,82.2,83.1,30.5,19.4,0.8
8/28/2012,77.3,77.2,31.1,19.8,0
8/29/2012,83.4,92.8,29,21.2,1.3
8/30/2012,81.9,69.8,30.3,20,9.9
8/31/2012,88.4,91.1,29.8,20.5,39
9/1/2012,74.6,92.7,29.4,20.6,1.6
9/2/2012,83.2,90.9,28.4,19.4,22
9/3/2012,80.1,75.8,30.6,18.5,0
9/4/2012,82.8,83.2,30.4,20,10
9/5/2012,94.5,82.8,31.1,19.5,7
9/6/2012,92.6,80.6,29.2,19,11.4
9/7/2012,76.3,87.9,30.3,19.5,0
9/8/2012,98.1,61.9,32.3,19.5,0
9/9/2012,84.6,89,30.5,20,50
9/10/2012,98.1,82.9,28.8,20.2,1.7
9/11/2012,86.4,87.7,29.3,19.4,39
9/12/2012,98.2,83.2,29.8,19.8,38
9/13/2012,91.1,87.7,28.5,19.6,12.6
9/14/2012,96.3,78.6,29.5,19.5,75
9/15/2012,94.4,85.5,27.5,19.8,7.4
9/16/2012,94.5,96.3,26,19.5,37.2
9/17/2012,98.1,90.6,20.5,19.5,23.5
9/18/2012,92.3,94.4,24.6,19,23.5
9/19/2012,83.2,95.2,29,18,1.3
9/20/2012,74.4,80.9,30.1,18.5,0
9/21/2012,75.8,90.2,30.5,18.9,0
9/22/2012,77.2,82.8,30.4,18.5,0
9/23/2012,83.2,75,30.6,18.5,0
9/24/2012,82.6,81.3,29.7,18,0
9/25/2012,82.4,78.1,31,17.6,0
9/26/2012,75.2,76.2,29.6,17,1
9/27/2012,73.3,78.2,30.5,18.5,0
9/28/2012,78.9,68.7,31.2,19,0
9/29/2012,75.2,76.7,31.3,18,0
9/30/2012,72.6,72.5,30.5,18,0
10/1/2012,78.4,82.2,30,18,0
10/2/2012,78.4,74,29.7,18.5,0
10/3/2012,72.9,74.4,29.7,17.4,0
10/4/2012,71.7,73.9,29.5,16,0
10/5/2012,72,77.5,29.5,16,0
10/6/2012,74.7,72.6,28.4,16.2,0
10/7/2012,79.4,72.3,29.6,15.5,0
10/8/2012,65.1,81.3,29.4,15.3,0
10/9/2012,90.2,83.1,26,14.8,0
10/10/2012,79.9,89.8,27.5,15.4,13.2
10/11/2012,72.1,80.3,28,15.7,0
10/12/2012,80.8,87.9,28.9,13.6,0
10/13/2012,77.6,84.1,27.4,13.4,0
10/14/2012,75.7,80.2,27.2,13.3,0
10/15/2012,79,72.9,26,12,0
10/16/2012,72.5,75.3,26.5,12.6,0
10/17/2012,77.8,85.2,26.5,12,0
10/18/2012,75.7,85.2,26.8,11.4,0
10/19/2012,72.3,79.1,27,12,0
10/20/2012,72,89.7,26.2,11.4,0
10/21/2012,71.8,83.1,26,11,0
10/22/2012,75.7,73.6,27,12,0
10/23/2012,67.7,83.3,26.5,11,0
10/24/2012,70.8,77.5,25.8,10.6,0
10/25/2012,63.8,83.3,24.6,8.8,0
10/26/2012,69.4,77.1,24.3,8.4,0
10/27/2012,70.5,72.8,24.8,9,0
10/28/2012,61.7,78.3,25.6,8,0
10/29/2012,64.9,76.2,26.2,8.3,0
10/30/2012,55.7,69.2,27,8,0
10/31/2012,62.9,69.4,27.4,7.6,0
11/1/2012,50.1,78,25.7,8,0
11/2/2012,42.7,64.6,24.8,7.5,0
11/3/2012,62.4,65.5,24.7,7.4,0
11/4/2012,77.1,73.6,24.5,7.6,0
11/5/2012,73.7,82.9,24.5,10,0
11/6/2012,69.8,75.4,23.6,9.5,0
11/7/2012,70.8,82,23.4,8,0
11/8/2012,78,92.7,22.5,6.8,0
11/9/2012,75.6,83.7,22.2,7.4,0
11/10/2012,75.8,79.2,21.5,9,0
11/11/2012,74.5,70.1,23,7.3,0
11/12/2012,85.4,79,22.4,7.5,0
11/13/2012,58,81.5,22.7,6.2,0.7
11/14/2012,62.7,73.7,22.9,4.9,0
11/15/2012,77.6,76,23,5,0
11/16/2012,58.2,70.8,23,6,0
11/17/2012,64.4,72.9,24.6,5.5,0
11/18/2012,66.6,74.4,24.2,6,0
11/19/2012,66.8,95.9,23.2,5.8,0
11/20/2012,66,81,22.7,5.8,0
11/21/2012,52.4,86.3,22,5,0
11/22/2012,82,80.8,22.2,4.8,0
11/23/2012,77.6,72.1,21.2,7,0
11/24/2012,74.8,83.2,21.2,8.5,0
11/25/2012,76.8,97.1,20.3,5,0
11/26/2012,79.2,87.1,19.6,4.8,0
11/27/2012,76.5,100,19.3,4.9,0
11/28/2012,71.8,97,19.5,5,0
11/29/2012,74.6,97,20,5,0
11/30/2012,63.6,89.5,20.3,4.9,0
12/1/2012,67.5,91.3,19.7,3.5,0
12/2/2012,85.7,96.9,19.5,3.8,0
12/3/2012,72.9,93.9,20,4,0
12/4/2012,45.2,96.9,21.6,3.6,0
12/5/2012,74.4,88.4,20.6,3.5,0
12/6/2012,88.5,97,20.3,5.2,0
12/7/2012,77.6,85.3,20.6,8.5,0
12/8/2012,77.6,87.8,20.5,9.4,0
12/9/2012,83.9,94.6,19.8,8,0
12/10/2012,81.3,85.8,20,8,0
12/11/2012,59.2,100,20.5,5.8,0
12/12/2012,51.2,88.2,19.8,3.6,0
12/13/2012,76,94.4,19.4,4.5,0
12/14/2012,53.9,96.9,19.2,3.3,0
12/15/2012,48.1,95.1,20.5,2.6,0
12/16/2012,69.5,87.5,19,2,0
12/17/2012,77.1,81.1,20.7,3,0
12/18/2012,77.4,88.7,19.3,4.2,0
12/19/2012,82.7,94.2,18,5,0
12/20/2012,76,91.6,19,6,0
12/21/2012,76,94,16.6,3.2,0
12/22/2012,79.3,82.6,16.7,4.4,0
12/23/2012,65.5,96.9,19,2.3,0
12/24/2012,61.4,90.5,20,1.5,0
12/25/2012,69.4,87.6,18.5,1.6,0
12/26/2012,71.1,90,17.5,1.6,0
12/27/2012,53.4,90.3,17.2,1.5,0
12/28/2012,64.5,93.5,18.5,1.9,0
12/29/2012,66.8,96.7,18.5,1.6,0
12/30/2012,64.5,96.6,18,1.3,0
1/1/2013,64.8,95.7,19.5,5.2,0
1/2/2013,65.5,93.5,18,2.4,0
1/3/2013,68,83.7,19,0.8,0.2
1/4/2013,66.8,96.6,18.5,2.4,0
1/5/2013,77.6,96.5,17.6,2,0
1/6/2013,61.5,89.6,18.2,0.7,0
1/7/2013,63.2,98.2,17.5,0.2,0
1/8/2013,63.4,96.2,16.5,-0.7,0
1/9/2013,51,81.1,16.7,-1.1,0
1/10/2013,50.7,73.9,16,-2,0
1/11/2013,60.3,88.9,15,-0.9,0
1/12/2013,61.8,96.2,16,-1,0
1/13/2013,53.4,89.2,18,0.2,0
1/14/2013,62.9,96.3,18.5,0.9,0
1/15/2013,71,96.3,18,1.5,0
1/16/2013,76,96.8,18.2,1.8,0
1/17/2013,55.4,98.2,21.2,1,0
1/18/2013,44.8,81.9,22.6,2,0
1/19/2013,79.2,78.6,18.7,5.5,0
1/20/2013,66.9,94.7,19.9,8.5,11.3
1/21/2013,66.2,96.6,19,2.2,0
1/22/2013,49.4,96.7,19.7,1.1,0
1/23/2013,68,83.7,19,0.8,0
1/24/2013,65,98.3,19.2,1.4,0
1/25/2013,55,85.4,19.6,2,0
1/26/2013,43,84.2,18.7,0.5,0
1/27/2013,50.7,77.4,19.6,1,0
1/28/2013,44.6,76,19.2,1,0
1/29/2013,60.6,73.1,20.2,1.8,0
1/30/2013,54.4,80,20.7,4.7,0
1/31/2013,60.1,82.4,20.6,3.5,0
2/1/2013,57.4,80.9,25,5,0
2/2/2013,58,83.8,25.5,5.5,0
2/3/2013,56.5,76.7,23.4,5.7,0
2/4/2013,53.1,72.1,25.7,6,0
2/5/2013,53.6,79.1,25,4.5,0
2/6/2013,85.6,94.8,14,8.5,1.5
2/7/2013,82.8,97.3,17.4,8,0.7
2/8/2013,49.2,94.9,23.8,9.5,2.5
2/9/2013,61,91.5,23.7,4.5,0
2/10/2013,58,86.4,24.5,4.7,0
2/11/2013,64.9,54,24.2,4.2,0
2/12/2013,46.4,85.3,26.2,4,0
2/13/2013,43.4,76.8,23,4.3,0
2/14/2013,48.6,72.6,27,3.5,0
2/15/2013,51,74.5,27.5,4.1,0
2/16/2013,52.7,79.1,19,6.5,0
2/17/2013,94.8,75.5,18,8.5,0.4
2/18/2013,82,83,22,7.9,30.6
2/19/2013,69.3,96.8,20.4,3,9
2/20/2013,66,84.3,22.8,4.4,0.4
2/21/2013,68.4,76.3,24,7,0
2/22/2013,60.6,79.8,24.5,5.3,0.2
2/23/2013,52.4,93.3,26.5,6.3,0
2/24/2013,53.2,74.4,25.4,7.2,0
2/25/2013,67.7,81.2,19.4,11.2,0
2/26/2013,48.3,87.3,26.2,5.6,0.1
2/27/2013,49,90.9,28,7.5,0
2/28/2013,42,92.3,28.7,7.5,0
3/1/2013,19.3,70.4,29.2,7,0
3/2/2013,52.4,61.7,30,6.5,0
3/3/2013,65.8,73.3,27.2,8.4,0
3/4/2013,58,88.2,27.6,9.5,0
3/5/2013,61,92.7,28.4,10.7,0
3/6/2013,52.1,85,28,12.2,0
3/7/2013,61.9,75.6,28.8,10.2,0
3/8/2013,89.1,68.2,27.2,10,0
3/9/2013,63.7,97.5,27,9.9,22.8
3/10/2013,67.6,88.9,26.6,10.8,0
3/11/2013,83.6,70.4,26.2,10.5,0
3/12/2013,45.4,64.7,26,8,3
3/13/2013,59.4,78.9,28,8.5,0
3/14/2013,58.2,86.5,28.2,10.8,0
3/15/2013,52.6,72.5,28.6,11,0
3/16/2013,43,70,30,10.8,0
3/17/2013,35.4,56,28.7,10.8,0
3/18/2013,39.8,54.5,24.3,10.5,0
3/19/2013,53.8,62.5,27,7.5,0
3/20/2013,52.4,68.4,27.6,8.4,0
3/21/2013,59.5,70.8,27,10.1,0
3/22/2013,90.2,78.3,24.7,11.5,0
3/23/2013,56.8,73.1,27,6.5,1.5
3/24/2013,58.2,73.8,28.7,11,0
3/25/2013,47.4,88.8,29.3,10.4,0
3/26/2013,33.4,61.5,31,10,0
3/27/2013,40.4,52.1,30.2,10.4,0
3/28/2013,55.7,56.8,30.2,10.5,0
3/29/2013,43,81.5,27,12.8,0
3/30/2013,30.7,58.9,31,12,0
3/31/2013,43,60.8,31,12,0
4/1/2013,43.3,57.4,29.2,10.5,0
4/2/2013,40.4,54.3,29.4,10,0
4/3/2013,50.1,66.8,30.1,11,0
4/4/2013,30.2,57.4,31,10.4,2
4/5/2013,31.8,54.6,30.2,9.7,0
4/6/2013,36.6,49.2,31,10.5,0
4/7/2013,45.5,52.4,29.5,9.4,0
4/8/2013,39.6,60.6,29.2,10.8,0
4/9/2013,45.9,57.9,30.2,12,0
4/10/2013,52.2,58.2,31.8,13,0
4/11/2013,45.5,61.3,33.2,14,0
4/12/2013,26,55.7,33.2,13,0
4/13/2013,26.3,42.2,33.4,12.8,0
4/14/2013,33.7,47.2,33.2,12.4,0
4/15/2013,56.4,43,31.3,13,0
4/16/2013,37.9,75.4,29.2,12.3,0
4/17/2013,57.3,55.6,30,12,0
4/18/2013,54.9,67.6,28.2,12.4,3.4
4/19/2013,59.6,72.4,29.2,11.3,0.7
4/20/2013,54,58.5,30,11.5,0.5
4/21/2013,88.8,85.6,22.5,13.2,13.1
4/22/2013,79,91.2,16.2,12,6.6
4/23/2013,88.4,91,21.6,13,16
4/24/2013,81.7,72.3,27,12.2,1.5
4/25/2013,65.8,73.3,24.6,12,0.1
4/26/2013,22.8,79.3,28,13,0.6
4/27/2013,63,72.5,29,15,0
4/28/2013,54.2,67,31.8,10.5,0
4/29/2013,67.2,64.8,31.2,15.5,0
4/30/2013,56.6,68.5,32,17,0
5/1/2013,55.8,66.6,32.2,17,0
5/2/2013,40.5,58.6,32.5,16.5,0
5/3/2013,27.9,60.3,33.4,15.5,0
5/4/2013,29.5,36.9,32.1,12.8,0
5/5/2013,35.6,38,30.7,11.5,0
5/6/2013,49.6,49.6,31,13,0
5/7/2013,58.3,68.5,31,15.3,0
5/8/2013,79.6,76.1,30.1,17.6,0
5/9/2013,77.4,88.5,26,16.4,4.3
5/10/2013,62.4,73.1,31.4,18,0
5/11/2013,56.6,68.9,33,17,0
5/12/2013,53.1,71.4,32.6,18,0
5/13/2013,32.8,53.4,33.2,14.5,2
5/14/2013,46.7,52.2,33.2,18.6,0
5/15/2013,55.3,49.8,33.3,15,0
5/16/2013,72.9,73.1,30.6,15.4,1.4
5/17/2013,64.9,72.3,29,14.5,2.8
5/18/2013,51.8,72.6,30.1,14.9,33
5/19/2013,69.5,74,26.7,16.5,1.2
5/20/2013,64.1,67.5,31,18,0.2
5/21/2013,75.8,71.5,25.5,19.5,0.5
5/22/2013,87.9,79.8,29.8,18,53
5/23/2013,82.1,85.1,28,20.1,1
5/24/2013,96.1,86,29.1,19.6,0.5
5/25/2013,83.9,73.9,28.7,18,100.5
5/26/2013,75.2,73.3,31.2,20,0
5/27/2013,76.1,75.8,29.4,21,0
5/28/2013,56.5,96,28.8,18.4,20.5
5/29/2013,71.1,78.4,30.2,20,0.4
5/30/2013,67.2,81.5,30.7,19,6.8
5/31/2013,83.1,82.6,24.2,19,0
6/1/2013,83.6,92.2,23.4,17.4,50.5
6/2/2013,73.1,81.9,27.2,18.6,1.7
6/3/2013,69.4,79.7,30,17.6,0
6/4/2013,65.1,75.4,30.2,18.4,0.3
6/5/2013,75.8,78.4,31,19.2,0
6/6/2013,80.9,73,31,20.5,0.2
6/7/2013,68.3,92.7,30.6,20.4,32.8
6/8/2013,66.5,80,29.2,20.5,1
6/9/2013,65.2,68.6,29.7,20,50.2
6/10/2013,100,71.9,31,21.2,0
6/11/2013,76.6,83.2,31.2,21.4,0
6/12/2013,83.5,76.9,31.3,21.2,1.4
6/13/2013,83.5,72.5,31.3,21.2,2.6
6/14/2013,75,71.8,31,18.4,19.5
6/15/2013,77.8,78.4,30.8,19,0
6/16/2013,81.8,90.9,30.6,20,1.4
6/17/2013,82.9,98.1,28.2,19.5,20.5
6/18/2013,92.7,91,27.3,19.9,0.7
6/19/2013,92.5,98,24.4,19.2,38.5
6/20/2013,92.8,75.9,27.6,18,20.2
6/21/2013,75.5,91,30.4,20.4,3.7
6/22/2013,93.7,83.2,30.4,21.4,0
6/23/2013,79.3,92.9,30.2,20.4,60
6/24/2013,91.2,83.6,32,21,0.6
6/25/2013,75.7,83.9,32,20.6,12
6/26/2013,79.2,78.4,30.5,20.3,16.5
6/27/2013,88.8,76,30.5,21.7,0.4
6/28/2013,88.4,91.2,30,20.9,4.1
6/29/2013,98.3,85.1,29.6,20.4,2.3
6/30/2013,78.9,92.9,29.6,20.4,4.5
7/1/2013,76.9,83.3,30.6,20.6,4
7/2/2013,77.8,89.6,30.6,20.6,1.6
7/3/2013,90.4,72.8,29.7,20.4,0
7/4/2013,80.2,82.8,29.7,17.6,1.1
7/5/2013,78.3,80.5,30.1,21,0.5
7/6/2013,83.2,84.9,30.1,20.6,4.5
7/7/2013,76.9,94.6,28.8,21.4,2.7
7/8/2013,80.4,83.9,28.8,20.2,15.6
7/9/2013,79.6,87.2,26.6,20.9,8.6
7/10/2013,77.4,91,26.8,20.4,1.8
7/11/2013,76.2,93.8,27.9,20.4,24.2
7/12/2013,76.6,91.1,28.2,20.4,9.5
7/13/2013,80.9,82.2,28.5,20.4,0.2
7/14/2013,93,67.7,30.2,19.8,0
7/15/2013,69,77.3,30.2,20.4,8.2
7/16/2013,80.6,79.2,29.3,20.4,44.9
7/17/2013,88.1,83.2,29.2,21.2,0
7/18/2013,80.4,89.5,29.8,20.6,4.3
7/19/2013,86.4,95.5,29.8,21.2,1
7/20/2013,91.2,96.2,26.4,20.2,9
7/21/2013,87.9,73.5,30.5,19.8,1.2
7/22/2013,80.8,86.4,30.2,21,0.5
7/23/2013,70.2,87.8,30.2,20.6,56.5
7/24/2013,77.8,91,29.6,19.8,12.6
7/25/2013,91.3,83.6,30,20.5,24.8
7/26/2013,90.5,84.6,30,20,75
7/27/2013,80.8,82,30.6,20.2,64.8
7/28/2013,88.1,80.9,30.6,21.2,5
7/29/2013,81.9,92.8,29.2,20.6,11.2
7/30/2013,91.4,88.4,29.5,21.4,3.6
7/31/2013,98.1,88.3,29.5,20.2,3.4
8/1/2013,85,83.2,29.5,20.3,32.2
8/2/2013,92.8,88.1,29.5,20.8,25.6
8/3/2013,84.9,87.9,29.3,20.6,8.2
8/4/2013,87.9,96.3,30.4,20.3,15
8/5/2013,79.5,94.6,31.2,21,10.2
8/6/2013,86.1,85,31.2,20.8,20.3
8/7/2013,92.7,75.4,28.6,19.4,2.2
8/8/2013,91.2,91,28.6,19.7,8.7
8/9/2013,87.8,83.5,28.2,19.2,22.2
8/10/2013,75.9,86.2,28,20.2,4.6
8/11/2013,87.7,89.3,29,20.2,0
8/12/2013,91,96.4,29,20.4,16.8
8/13/2013,92.6,92.9,29.3,20,40
8/14/2013,82.8,89.4,29.4,19.2,64.7
8/15/2013,75.2,75.6,29.2,19.8,10
8/16/2013,79.9,81.9,30,19.6,0
8/17/2013,82.9,96.3,30.2,19.8,2
8/18/2013,84.3,83.4,30.2,20.4,70.3
8/19/2013,82.8,91.2,30,19.6,4.3
8/20/2013,86,86.5,30,20,1.9
8/21/2013,87.8,77.5,30,19.5,44
8/22/2013,87.7,96.3,30,20.6,2.5
8/23/2013,89.5,77.2,29.5,19.8,5.2
8/24/2013,89.5,87.9,31.2,19.8,0.3
8/25/2013,83.2,91.4,31.2,21.2,0.3
8/26/2013,86.2,79.3,31,20.6,16.8
8/27/2013,80.6,72,30.8,20.2,26.4
8/28/2013,84.3,78.6,28,20,0.4
8/29/2013,82.9,91,28.7,20.2,2
8/30/2013,80.7,85.4,28.5,22.4,2.3
8/31/2013,91,96.4,29.3,19.2,3.1
9/1/2013,83.3,83.2,29.3,20.8,21.1
9/2/2013,91,83.2,28,21,1.4
9/3/2013,82.1,89.5,23.5,21.2,0.4
9/4/2013,87.5,80.8,25.4,19.8,3.3
9/5/2013,82.7,78.1,28.5,19.6,67.2
9/6/2013,71.2,74.9,31,19.2,0
9/7/2013,82.8,86.4,31,18.2,0
9/8/2013,91.3,94.7,30.3,18.8,0
9/9/2013,82.8,74.4,29.5,19,0
9/10/2013,80.8,79.7,29.5,18.2,10.7
9/11/2013,73,76.3,30.7,18.5,0
9/12/2013,96.3,68.7,30.7,18.2,1.3
9/13/2013,78.4,68.9,29.2,19.2,0.4
9/14/2013,74,62.1,31,19.2,0
9/15/2013,80.3,70.9,32.2,19,19.3
9/16/2013,74.6,71.2,31.5,17.2,6.2
9/17/2013,85.3,71.1,30,15.5,0
9/18/2013,73.6,68,30.5,17.4,0
9/19/2013,98.1,76.5,30.6,18.2,0
9/20/2013,75.7,95.4,30.6,19.3,0
9/21/2013,77.1,78.5,30.5,18.8,2
9/22/2013,76.8,84.5,30.5,20.4,0
9/23/2013,79.9,97.2,30.4,19.8,0
9/24/2013,75,77.8,30.4,19.8,46.7
9/25/2013,78.5,77.4,30.5,19,25
9/26/2013,79.2,77,30.2,19.2,0
9/27/2013,79.9,79.3,30,18.1,0
9/28/2013,77.5,82.4,30.5,19,0
9/29/2013,90.2,98,30.5,18.8,0
9/30/2013,94.2,80.8,29.6,17.5,33.4
10/1/2013,83.9,78.8,27.6,19,0
10/2/2013,89.6,76.7,28.3,18.6,0
10/3/2013,89.1,80.2,28.3,19.1,0.7
10/4/2013,95.1,86.9,25.2,17.5,6.2
10/5/2013,95.1,90.8,25.5,18,7.5
10/6/2013,71.6,93.2,25.5,18.4,3.3
10/7/2013,78.6,85.7,26.6,17,3.1
10/8/2013,84,76.7,28.5,17,2.5
10/9/2013,78.1,81.2,28.5,19.4,0
10/10/2013,80.4,79.4,30.3,18.5,0
10/11/2013,77.1,74.4,30.3,18,0
10/12/2013,74,66.7,30.5,17.5,0
10/13/2013,89.7,63.2,30.5,16.4,0
10/14/2013,95.8,94.9,29.5,15.6,0
10/15/2013,95.9,96.8,20.1,15.4,27.8
10/16/2013,84,94.1,19.6,15.7,42
10/17/2013,73,76.2,25,17.5,0.4
10/18/2013,90.5,89.5,28,17.7,0
10/19/2013,70.2,81.1,28,17.5,2.2
10/20/2013,80.6,79.4,27.5,16.5,0
10/21/2013,77.2,77.6,26.3,14.4,0
10/22/2013,77,78.4,26,13.1,0
10/23/2013,80.4,74.1,26.5,13.3,0
10/24/2013,88.6,72.8,26.5,12.6,0
10/25/2013,84.2,78,27,13.8,0
10/26/2013,79,77.1,27,14.9,0
10/27/2013,83.1,86.8,25.6,14.4,0
10/28/2013,89.6,79.1,25.6,14,0
10/29/2013,73,71.4,25.2,15.8,0
10/30/2013,82.1,35.9,25.2,11.4,0
10/31/2013,73.6,85.6,24,12.3,0
11/1/2013,89.3,82.4,24,13,0
11/2/2013,95.2,83.2,23,11,0
11/3/2013,79.6,69.6,23.4,10.2,0
11/4/2013,82,63.1,23.4,0.9,0
11/5/2013,88.5,75,23.3,8.8,0
11/6/2013,85.9,89.3,23,9.5,0
11/7/2013,96.3,74.3,24.2,9.3,0
11/8/2013,86.5,75.9,24.2,9,0
11/9/2013,79.6,79.5,24.2,10,0
11/10/2013,97.6,75.6,23.6,13,0
11/11/2013,71,59.6,23.5,9.8,0
11/12/2013,82,67,23.5,6.7,0
11/13/2013,80,63.7,23.4,6.2,0
11/14/2013,72.4,62.2,23,6,0
11/15/2013,83.3,69,22.5,6.4,0
11/16/2013,89.6,69.6,23,6,0
11/17/2013,81.8,75.7,23.5,6,0
11/18/2013,83.8,66.2,23.5,6,0
11/19/2013,79.6,70.6,23.5,5,0
11/20/2013,92.1,74.5,22.5,7.2,0
11/21/2013,88.2,78,21.5,7,0
11/22/2013,85.1,69,21,6.8,0
11/23/2013,94.9,82.3,21,6.2,0
11/24/2013,95,79.8,19.5,8.2,0
11/25/2013,97.3,82.6,21,8,0
11/26/2013,91,78.3,21,8,0
11/27/2013,85.4,68.6,22,7.7,0
11/28/2013,93.6,75.3,22,8,0
11/29/2013,92.4,73,22,8,0
11/30/2013,97.3,78.3,21.2,9.4,0
12/1/2013,95,80.3,21,7.4,0
12/2/2013,94.6,88.2,21,9,0
12/3/2013,92.1,75,21.6,7,0
12/4/2013,97.2,82.3,22,6.8,0
12/5/2013,86.1,77.4,20.6,6.4,0
12/6/2013,97.2,77.6,20,6.5,0
12/7/2013,95.8,77.9,21,6.9,0
12/8/2013,97.2,71.9,21,7,0
12/9/2013,97.2,77.7,20,6.5,0
12/10/2013,94.6,75.1,20.5,7,0
12/11/2013,83.7,76.5,19.5,6.5,0
12/12/2013,97.2,88.2,19.5,5.5,0
12/13/2013,97.1,78.2,19.2,7,0
12/14/2013,89.2,92.5,18,6.5,0
12/15/2013,100,73.9,17.2,7,0
12/16/2013,93.5,65.5,18,4,0
12/17/2013,91.2,65,19,2.5,0
12/18/2013,86.1,75,16,4,0
12/19/2013,91.1,83.2,15.5,6,0
12/20/2013,83.6,75.1,16.3,6,0
12/21/2013,96.5,70.7,16,5.5,0
12/22/2013,96.5,85.2,16,3,0
12/23/2013,93.5,63.2,17,1.5,0
12/24/2013,96.8,62.3,18.1,2.5,0
12/25/2013,93.1,60.9,18.5,2.5,0
12/26/2013,96.5,48,20,2,0
12/27/2013,89.9,57.8,21.4,2,0
12/28/2013,88.1,84.6,18,3.2,0
12/29/2013,96.6,62.5,18.5,4,0
12/30/2013,92.7,68.4,18.3,1.7,0
12/31/2013,83.7,64.2,18.3,0.5,0
1/1/2014,85.3,66.3,16.6,1.8,0
1/2/2014,87.1,53.9,20,2.5,0
1/3/2014,96.5,62.3,19,2,0
1/4/2014,87.9,69.7,18,1.8,0
1/5/2014,90.3,75.1,17,4.4,0
1/6/2014,96.6,58.4,18.2,4,0
1/7/2014,96.6,64.5,17,2.2,0
1/8/2014,96.5,64.5,17.5,1,0
1/9/2014,96.4,74.2,16.3,1.5,0
1/10/2014,96.5,67.7,16.5,1.5,0
1/11/2014,84.6,53.6,18.8,1.5,0
1/12/2014,90.6,67.3,17.1,4,0
1/13/2014,96.7,63.5,16.5,4.5,0
1/14/2014,100,74.4,18.2,3,0
1/15/2014,97,76.3,18.5,4,0
1/16/2014,100,66.5,18.8,4,0
1/17/2014,97.1,70.1,18.5,3,0
1/18/2014,89.1,67.1,19,5.5,0
1/19/2014,100,97.1,12.6,7.8,0
1/20/2014,92.1,59.8,18,2.5,4.2
1/21/2014,85.3,59.7,19,3.6,0
1/22/2014,89.1,71.5,20.3,3.6,0
1/23/2014,92.3,69,20.6,7.5,0
1/24/2014,94.4,63.5,19.2,10,0
1/25/2014,91,67.4,19,7,0
1/26/2014,84,46.5,19.8,4,0
1/27/2014,78.9,59.1,20.8,2.5,0
1/28/2014,74.6,61,20.8,4,0
1/29/2014,94.2,64.4,20.7,3.5,0
1/30/2014,97,63.9,20.1,5,0
1/31/2014,97,27.4,20.6,4.5,0
2/1/2014,76.5,58.2,20.5,5.1,0
2/2/2014,93.9,59.1,21,4.5,0
2/3/2014,77.4,38.8,22.5,4.5,0
2/4/2014,73.4,34.1,23.9,5,0
2/5/2014,75.4,43.4,23.5,5.3,0
2/6/2014,93.8,68,22.2,4.5,0
2/7/2014,84,59.3,21.5,4.5,0
2/8/2014,90.7,47.9,22,6,0
2/9/2014,72.9,34.1,21.5,4.5,0
2/10/2014,78.6,58.4,23.4,4,0
2/11/2014,77,26.8,22.2,3,0
2/12/2014,73.3,42.2,20.3,7.4,0
2/13/2014,87.6,54.5,20.5,2.5,0
2/14/2014,92,54.6,22,2.7,0
2/15/2014,97.2,76.2,15,8.6,3
2/16/2014,100,86.9,16.6,7.5,6.5
2/17/2014,100,83.8,11.9,5,8.5
2/18/2014,83.9,61.4,16.8,3.5,8.7
2/19/2014,97,71.3,22.4,2.5,0
2/20/2014,97.3,67,21.6,4,0
2/21/2014,94.4,61.7,22.5,6.5,0
2/22/2014,98.8,68.1,22.5,6.5,0
2/23/2014,97.2,77.4,17.4,10.5,0
2/24/2014,77.5,60,23.5,6.7,0
2/25/2014,89.5,57.7,23,6,0
2/26/2014,89.9,67,21.9,6.6,0
2/27/2014,84.9,57.9,21,8.5,0
2/28/2014,76.3,65.3,18.5,8.5,0
2014-02-29,82.7,68.4,23,8.5,0
3/1/2014,100,92.4,19,9.8,7
3/2/2014,91.8,67.2,21.1,7.5,15.6
3/3/2014,76,65.1,22.5,5.5,0
3/4/2014,70.8,68.9,23,7,0
3/5/2014,77.5,67,24.2,8.5,0
3/6/2014,82,62,24,6.2,0
3/7/2014,85,62,23.5,6.5,0
3/8/2014,84.4,57.7,24.2,6.7,0
3/9/2014,81.2,62.2,24.3,7,0
3/10/2014,74.8,62.2,24.6,9,0
3/11/2014,72.4,52.4,26,7.5,0
3/12/2014,62.2,32,26.5,7.7,0
3/13/2014,66,49.4,26.8,7.6,0
3/14/2014,69.2,56.8,27.2,8.3,0
3/15/2014,64.7,61.6,27.5,10.5,0
3/16/2014,79,56.8,28,11,0
3/17/2014,74,65.8,28.5,12.5,0
3/18/2014,74.3,60,28.5,12.3,0
3/19/2014,71.5,41.5,27,9.4,1
3/20/2014,72.2,64.3,25.4,9,0
3/21/2014,80.7,60.8,25.2,9.4,1.5
3/22/2014,84.9,87.4,23.5,9,18.5
3/23/2014,88.4,68.1,22.2,8,12
3/24/2014,77.5,67.7,22.4,11,0
3/25/2014,93,71,26.7,10,0
3/26/2014,77,50.2,27,9.5,3.1
3/27/2014,59.9,37.5,28,10.2,0
3/28/2014,54,40.5,30.2,11.5,0
3/29/2014,60.9,39.5,29.8,12,0
3/30/2014,62.2,32.7,31.5,12.5,0
3/31/2014,56.4,40.5,30.5,10.7,0
4/1/2014,52.1,43,29,10,0
4/2/2014,60.6,45.7,28.4,9.5,0
4/3/2014,79.2,80,21.4,9.8,0
4/4/2014,58.7,45.1,27.5,8.5,2.1
4/5/2014,80.4,73.3,24.7,11.6,0
4/6/2014,75.2,60.9,25.5,15,0
4/7/2014,64.8,46.1,29,13,0
4/8/2014,56.5,28.3,29.7,10.8,2.5
4/9/2014,54.6,44.8,31,11.5,0
4/10/2014,51.8,37.3,29.5,11.8,0
4/11/2014,62.6,36.6,28.2,10,0
4/12/2014,63.6,37.9,28,10.7,0
4/13/2014,62,56.9,25.4,9,0
4/14/2014,49.4,44.2,24.6,9.5,1
4/15/2014,56.3,32.8,30.3,9,0
4/16/2014,52.6,31.8,31,11.5,0
4/17/2014,50.3,41.9,31,13.6,0
4/18/2014,45.9,33.7,30,12.5,0
4/19/2014,44.8,34.4,31.2,15.5,0
4/20/2014,40,35.6,31,13.5,0
4/21/2014,49.8,35.9,32.5,11.4,0
4/22/2014,40.2,35.7,31.5,12.8,0
4/23/2014,48.2,23.5,32.6,12.5,0
4/24/2014,51.6,41,31.2,13.5,0
4/25/2014,45.8,37.5,32.5,9,0
4/26/2014,51.7,35,32.1,10.5,0
4/27/2014,56.1,52,33.5,14.5,0
4/28/2014,52.8,37.4,32.3,13.5,0.4
4/29/2014,58.6,53.1,31.7,15.4,0
4/30/2014,73.9,52.9,32,17,0
5/1/2014,93.4,75.3,30.5,17.5,0
5/2/2014,66.3,61.5,22.5,14.5,20.3
5/3/2014,77.8,67.7,28.5,14,28.2
5/4/2014,97.8,97.8,25,15.4,0.5
5/5/2014,58.4,82.6,21.5,13,42.1
5/6/2014,73.6,64,27.5,15,0.2
5/7/2014,71.7,62.4,29,15.5,0.5
5/8/2014,64.5,55.8,30.5,17.2,0
5/9/2014,53.6,40.4,31.2,18.2,0
5/10/2014,50,31.9,31.5,15.5,0
5/11/2014,63.9,33,31.7,16,0
5/12/2014,58.4,32.6,31.5,15.8,0
5/13/2014,54.1,35,32,15.8,0
5/14/2014,52.6,30,32,15.5,0
5/15/2014,51.7,39.1,31.5,15.6,0
5/16/2014,45.7,42.9,31.5,15.5,0
5/17/2014,52.2,45.8,32,15.5,0
5/18/2014,70.5,59.7,32.7,16.2,0
5/19/2014,72.1,62.1,32,19.6,0
5/20/2014,62.8,63.5,33,19.4,0
5/21/2014,41.3,34.3,33.2,18,0
5/22/2014,52.9,46.5,33,15.6,0
5/23/2014,56.6,52.2,32.8,17,0
5/24/2014,74,68.5,31.1,18.5,0
5/25/2014,91.7,65.5,31,17.5,4.5
5/26/2014,86.7,88.3,21,15.5,52.3
5/27/2014,75.4,82.6,23.5,17.1,1.7
5/28/2014,66.5,60.7,30.2,16.6,0.5
5/29/2014,69,90.5,29,17.4,0
5/30/2014,80.2,60.6,29.5,16,2.7
5/31/2014,71.4,61.6,29.8,19,0
6/1/2014,68.5,83.1,31.5,17.6,0
6/2/2014,66.6,60.9,31,16,1.5
6/3/2014,76.7,67.2,30.5,18.4,0
6/4/2014,66.1,63.9,31.5,19.5,0
6/5/2014,94.4,60.5,32,19,0
6/6/2014,90.8,73.7,31,21.2,2.7
6/7/2014,72.6,76.8,26.8,21,1.5
6/8/2014,76.3,75,31,21.5,2
6/9/2014,66,77.4,30.8,19.5,5.9
6/10/2014,70.2,67.6,32,20.5,0
6/11/2014,83.3,70.4,31.5,18.5,13.5
6/12/2014,44.2,63.4,31,20,0
6/13/2014,65.2,62.4,31.5,19,0
6/14/2014,75,96.2,31,19.5,0
6/15/2014,76.3,65.2,30,18.8,29.8
6/16/2014,91,66,32.3,20.8,0
6/17/2014,64.6,73.4,31.2,19.6,3
6/18/2014,86.1,80.4,30.5,21,0
6/19/2014,86.4,83.3,29.5,21.3,7.3
6/20/2014,89.7,84.9,29.5,21,12.8
6/21/2014,91,94.5,26.6,20.5,48.2
6/22/2014,75.8,78.5,29.5,20,12.8
6/23/2014,73.6,77.8,29.5,21,1.8
6/24/2014,69.1,63.4,31.5,21.4,0
6/25/2014,75.9,71.6,30.7,20.5,0
6/26/2014,74.6,76.3,30.5,21.5,0
6/27/2014,98.2,78.7,31,21.4,0
6/28/2014,81.6,72.4,30,20.5,23
6/29/2014,91.1,73.6,30,21,0
6/30/2014,75.4,92.8,30,21,0
7/1/2014,81.9,75.8,30,19,93.1
7/2/2014,84.7,84.6,29.2,21,0
7/3/2014,92.6,72.8,29.5,21,3.4
7/4/2014,84.9,80.7,28,21.2,1
7/5/2014,83,78.9,28.7,21.6,1.5
7/6/2014,67.5,76.9,29,21.5,1.5
7/7/2014,76.6,71.5,29.4,20.6,0
7/8/2014,88,82.3,30.4,21.5,0.2
7/9/2014,80.6,91.4,31.5,21,38.1
7/10/2014,98.1,85.5,30.5,21.2,0.4
7/11/2014,80.4,79.3,29.5,20.5,19.6
7/12/2014,83.2,88.5,31.1,22,3.6
7/13/2014,86.9,74.2,30.5,20.4,60
7/14/2014,84,96.4,29.8,21.3,0.5
7/15/2014,89.5,89.8,27.5,21,44.5
7/16/2014,87.8,77.9,29.2,21,9.9
7/17/2014,84.9,84.9,29,20.5,14.1
7/18/2014,73.1,81,30.5,21.5,0
7/19/2014,85.2,73.6,30.5,20.5,2.5
7/20/2014,98.2,86.8,29.5,21.4,14.6
7/21/2014,71.7,84.4,31.5,20.2,16.4
7/22/2014,87.8,93.1,30.2,21.5,4.3
7/23/2014,94.5,86.6,27.5,21,15.8
7/24/2014,89.4,91.2,24.4,20.5,28
7/25/2014,87.6,84.7,27.2,20,39.2
7/26/2014,87.9,87.8,30,20,15.4
7/27/2014,70,78.1,30.5,20.5,0.6
7/28/2014,72.4,93,31.2,20.6,0
7/29/2014,87.7,84.9,30.5,21,12.4
7/30/2014,88.5,80.9,29.8,20.5,19
7/31/2014,88,91.1,30.4,21.5,2.3
8/1/2014,90.4,71.8,30.5,21,8.2
8/2/2014,89.6,83.6,30.5,22,2.1
8/3/2014,83,94.6,27.8,21.5,9.5
8/4/2014,80.5,89.8,29.9,20.6,8.8
8/5/2014,81.6,76.4,31.2,22,9.5
8/6/2014,71.6,80.4,30.4,20.2,0
8/7/2014,77.8,83.6,30.5,21,0.3
8/8/2014,79.3,86.4,31,21,26
8/9/2014,96.4,83.5,30.6,21,3
8/10/2014,84.8,89.8,29,21,5.2
8/11/2014,84.8,83.6,30,21.5,1.6
8/12/2014,96.4,80.7,30,20.4,7
8/13/2014,94.5,98.2,28.5,21.6,14.3
8/14/2014,96.2,96.3,22.5,21.2,15.2
8/15/2014,75.3,84.2,24.5,19.4,30
8/16/2014,86,84.9,30,19.4,6.6
8/17/2014,79.5,91.1,30.5,20,0
8/18/2014,88.1,83.3,30.5,21.5,1.6
8/19/2014,89.3,84.9,28.3,21.5,1.2
8/20/2014,87.6,94.5,28,21,2
8/21/2014,83.1,84.8,28.7,20.2,1.2
8/22/2014,86.3,80.6,30.2,20.5,2.2
8/23/2014,84.6,94.5,29.5,20.5,12.4
8/24/2014,96.3,81.9,30,20.4,40
8/25/2014,96.3,84.9,28,21,3.6
8/26/2014,91,82.4,29.5,19.9,3.5
8/27/2014,92.6,83.7,29.5,19.5,11.3
8/28/2014,81.1,82.1,29,19.4,42
8/29/2014,85.7,83.3,30.2,20,1.2
8/30/2014,98.2,82.8,30.5,19,5
8/31/2014,87.6,96.2,30,19.5,20
9/1/2014,79.4,83.2,29.8,21,14
9/2/2014,76.9,76,31,19,0
9/3/2014,71,66.8,30.8,19.4,0
9/4/2014,73.5,79.7,30.2,19.4,0
9/5/2014,75.3,76.4,30.5,20.2,0
9/6/2014,77.2,79.8,30.8,20.8,0.5
9/7/2014,91.4,85.2,30,20,14.8
9/8/2014,93.5,87.6,30.2,20.4,0.5
9/9/2014,82,81.2,28.8,20,35.8
9/10/2014,90.8,84.4,27.5,19.4,10.1
9/11/2014,76.7,89,28.5,19.2,26
9/12/2014,93.5,89.3,29,19.2,0
9/13/2014,92.6,76.8,25.5,19.8,19.7
9/14/2014,84,87.6,23.4,19.4,12.8
9/15/2014,82.8,86,25.5,19,1.1
9/16/2014,79.8,84.7,28.8,19.7,0
9/17/2014,78.7,69.7,30.5,19.4,0.2
9/18/2014,86,75.3,31.8,19.2,0
9/19/2014,87.5,94.4,30.5,19,70.5
9/20/2014,80.2,94.4,28,19.6,13
9/21/2014,98.1,94.4,27,19,44.5
9/22/2014,84.2,85,25.3,19.4,6.8
9/23/2014,84.1,87.6,26.2,18,2.5
9/24/2014,87.2,80.6,27.5,19.2,2.1
9/25/2014,80.6,82,25.5,19,0
9/26/2014,81.8,73.2,28,18,0
9/27/2014,83.4,82.8,28.6,16,0
9/28/2014,80.2,77.4,28.5,17,0
9/29/2014,80.5,82.2,27,17.4,2.5
9/30/2014,76.2,80.7,27,15,2
10/1/2014,80.6,67.8,28.5,14,0
10/2/2014,80.8,60.1,28.5,15,0
10/3/2014,81.8,72.1,28,15.5,0
10/4/2014,77.4,74.3,28.5,15.8,0
10/5/2014,90.5,75.4,29.5,16.3,0
10/6/2014,87.6,88.9,29,17.6,0
10/7/2014,81.3,82,29.6,15.5,8.2
10/8/2014,76.6,78.9,28.3,15.5,2.4
10/9/2014,80.1,70,28.5,15.2,0
10/10/2014,76.3,82.7,28.2,15.5,0
10/11/2014,84.5,76.8,28.2,16.4,0
10/12/2014,88,75.2,28,15,0
10/13/2014,95.7,95.8,28,14.6,0
10/14/2014,97.7,95.6,17,15.4,12.6
10/15/2014,74.9,89,26.8,13.2,62.7
10/16/2014,70.5,76.5,27,16.2,0.5
10/17/2014,73.5,83.1,26.5,10.5,0
10/18/2014,79.6,76.6,26.2,13.3,0
10/19/2014,81.8,80.9,25.5,13,0
10/20/2014,77,77.4,25.5,13,0
10/21/2014,74.4,85.1,26.5,13.4,0
10/22/2014,77.9,68.3,25.5,11.2,3
10/23/2014,79.9,71.3,26,11.5,0
10/24/2014,76.4,77,26,12.3,0
10/25/2014,71,71.2,25.7,12.4,0
10/26/2014,76.4,79.1,25.2,12,0
10/27/2014,84.2,70.8,24.1,10.5,1.8
10/28/2014,80.9,72.7,24,10.2,0
10/29/2014,72.6,74.4,23.4,10.2,0
10/30/2014,82.6,71,24,11.4,0
10/31/2014,93.1,82.1,24.3,12.4,0
11/1/2014,70,64.6,24.2,12,0
11/2/2014,85.2,80.1,25,10.5,0
11/3/2014,88.8,85.6,24.5,12.5,0
11/4/2014,88.8,77.7,24,12.2,0
11/5/2014,86.6,79.3,24,11.5,0
11/6/2014,93.3,79.8,24,11,0
11/7/2014,83.4,71,25,12.5,0
11/8/2014,88.9,74.9,24.6,11.2,0
11/9/2014,88.7,80.6,23.8,11.5,0
11/10/2014,89,85.8,23,10,0
11/11/2014,78.6,93.8,23,12.5,0
11/12/2014,84.2,95.9,25.2,13,0
11/13/2014,93,85.7,22.5,10.5,0
11/14/2014,90,95.7,21.8,11.5,0
11/15/2014,90.5,87.3,21.6,10.3,0
11/16/2014,90.2,76.4,18.6,10.5,0
11/17/2014,90.6,82.9,21.8,8.4,0
11/18/2014,88.1,76.1,21,10.6,0
11/19/2014,79.5,83.9,21.2,9.3,0
11/20/2014,97.4,74.5,21,9,0
11/21/2014,92.4,89,21,8.6,0
11/22/2014,83.6,80.6,21.5,8.8,0
11/23/2014,85.3,70.8,20,10.5,0
11/24/2014,89.8,81.5,19.6,8.5,0
11/25/2014,89.4,69,20,8.8,0
11/26/2014,87.7,79.6,19.5,7.2,0
11/27/2014,92.3,80.7,19.3,7.4,0
11/28/2014,94.5,67.1,18.6,9,0
11/29/2014,91.8,79.4,18.6,7,0
11/30/2014,100,79.9,19.5,7.2,0
12/1/2014,92.3,77.3,19.6,7,0
12/2/2014,98.6,74.2,21,7,0
12/3/2014,94.7,73.6,22.4,7,0
12/4/2014,92.4,70.4,24,8.5,0
12/5/2014,94.8,93.3,22.5,9,0
12/6/2014,97.3,74.2,20.8,7.5,0
12/7/2014,94.5,70,22,7.8,0
12/8/2014,97.3,71.7,19.4,7.2,0
12/9/2014,100,75.9,22.2,8.5,0
12/10/2014,84,58.6,21.6,5,0
12/11/2014,70.9,58.1,19.8,3.5,0
12/12/2014,89.4,60,21.4,1.7,0
12/13/2014,97.3,73.7,16.5,4.5,0
12/14/2014,97,97.4,16,9.2,7.8
12/15/2014,94.5,72.7,20,5,11
12/16/2014,98.4,86.3,14.5,7.6,16.2
12/17/2014,93.6,72.5,18.2,3.5,1.7
12/18/2014,87.6,66.3,21.2,2.7,0
12/19/2014,93.2,41.7,20.5,2,0
12/20/2014,93.7,50.8,20.6,1.8,0
12/21/2014,95.3,72.9,19.4,3.4,0
12/22/2014,94,71.6,20.4,3.5,0
12/23/2014,93.9,71.6,19.6,3.5,0
12/24/2014,96.8,71.2,19.2,3.6,0
12/25/2014,96.9,75.1,19,3,0
12/26/2014,96.8,70.7,19.2,3,0
12/27/2014,96.8,75.1,18,2.5,0
12/28/2014,96.8,66.3,19.5,2.6,0
12/29/2014,93.5,57.8,21,2.5,0
12/30/2014,93.4,58.7,21,2.5,0
12/31/2014,NA,53.2,21.2,2.4,0
1/1/2015,78.1,63.6,16,3.5,0
1/2/2015,94.6,79.1,19,9.2,1.6
1/3/2015,90.1,90.4,17.5,8.5,0
1/4/2015,97.4,88,20.5,10,1
1/5/2015,93.9,77.9,20.5,5.8,0
1/6/2015,82.4,67.7,19,7,0
1/7/2015,83.5,71.8,19,8,0
1/8/2015,85.3,64.5,18,4,0.8
1/9/2015,87.6,60.9,20.1,3.5,0
1/10/2015,93.3,55.9,21.1,1.5,0
1/11/2015,89.9,57.5,20.6,2.4,0
1/12/2015,93.4,59,20.5,2.4,0
1/13/2015,93.5,65.8,21.5,3,0
1/14/2015,96.8,59,20.5,3.2,0
1/15/2015,90.6,62.8,20.5,3,0
1/16/2015,93.6,65.8,22.5,3.2,0
1/17/2015,88.2,65.8,19.7,4.5,0
1/18/2015,93.7,63.6,19.7,3.4,0
1/19/2015,90.5,58.7,21.5,3,0
1/20/2015,78.4,53.2,21.5,2.6,0
1/21/2015,84.5,57.4,22.3,3,0
1/22/2015,88,56.5,21.5,3.8,0
1/23/2015,77.5,59.1,21,7.8,0
1/24/2015,91.2,48.8,21,4,0
1/25/2015,93.5,58.9,21.6,3,0
1/26/2015,86.5,70.4,18,7.5,0
1/27/2015,86.8,46.8,20,6.5,0
1/28/2015,84.6,41,21.6,2.5,0
1/29/2015,84.6,57.7,21,4.4,0
1/30/2015,93.5,66.3,19.2,0,0
1/31/2015,80.8,67.5,19,1.4,0
2/1/2015,88.1,53.7,19.6,3.5,0
2/2/2015,87.1,55.1,21,2.8,0
2/3/2015,88,43.3,24.2,4,0
2/4/2015,91.8,43.7,21.5,6,1
2/5/2015,88.1,69.4,22.5,4,0
2/6/2015,87.7,67.8,21.3,6.5,0
2/7/2015,94.2,49.6,21.4,5.5,0
2/8/2015,81.1,60.4,20.6,5,0
2/9/2015,78.6,65.5,22.5,5,0
2/10/2015,84,50.8,23,5,0
2/11/2015,85.7,61.9,22,5,0
2/12/2015,86.2,61.9,22,5.5,0
2/13/2015,91.6,63.5,21.6,7.4,0
2/14/2015,84.2,66.2,21,6,0
2/15/2015,84.7,69.4,20,8.5,0
2/16/2015,86.7,68.8,21.7,7.5,0
2/17/2015,84.6,62.7,23.2,7.5,0
2/18/2015,84.6,69,23,7.5,0
2/19/2015,86.4,65.5,22.2,6.5,11
2/20/2015,89.4,69.4,23,7,0
2/21/2015,85.4,68.6,24,9.5,0
2/22/2015,87.9,66,25.2,8.5,0
2/23/2015,82.4,66.5,25.2,12.5,0
2/24/2015,88.6,65.2,23.8,13,0
2/25/2015,88.6,74.7,22.6,10.6,0
2/26/2015,88.9,94.8,15.2,10.2,0
2/27/2015,87.9,41.5,24.1,9,23.2
2/28/2015,75.1,48.9,24.5,7,0
3/1/2015,79.4,94.9,16.6,10.7,0
3/2/2015,94.7,88.1,14,9.5,37.2
3/3/2015,94.9,72.8,21.5,9.2,10.2
3/4/2015,92.4,66.9,21.2,6,0
3/5/2015,84,63.8,22.5,6,0
3/6/2015,71.6,57.4,23.5,6.5,0
3/7/2015,73.6,57.4,24,6.8,0
3/8/2015,68,59.4,24.5,8.2,0
3/9/2015,74.4,29.4,26.2,8.5,0
3/10/2015,56.5,28.7,25.5,6.5,0
3/11/2015,66.8,54.2,28,6.5,0
3/12/2015,69.4,55.9,27.5,8.5,0
3/13/2015,80,49.3,28,9.8,0
3/14/2015,62.6,59.6,27,12.1,0
3/15/2015,60.8,65.3,22.4,11.2,0
3/16/2015,90.5,59.6,24.5,10.8,2.3
3/17/2015,71.7,42.5,25.5,8.8,0
3/18/2015,69.6,57.2,25.3,9,0
3/19/2015,63.5,47.2,24.8,7.5,0
3/20/2015,60,58.9,27,8.4,0
3/21/2015,69.8,56.9,27.1,10.5,0
3/22/2015,77,58.9,28.2,11.4,0
3/23/2015,71.5,87.4,27.5,12.5,0
3/24/2015,76.2,60.9,27.5,11.5,7
3/25/2015,75.4,65.8,28.6,13.5,1.4
3/26/2015,75.6,93.6,28,14,0
3/27/2015,97.8,80.2,22.8,14.4,27.8
3/28/2015,71,61.3,27.3,11.8,1.3
3/29/2015,78.6,69.6,27.6,14.5,0
3/30/2015,85.7,88.1,17.7,12,0
3/31/2015,78.3,55.4,24,10.5,11.5
4/1/2015,78.3,52.4,26.8,11,0
4/2/2015,79.1,51.4,26.3,12.2,0
4/3/2015,67,97.8,27.3,12.5,0
4/4/2015,73,88.3,27.2,10.5,7.5
4/5/2015,66.6,60.1,27,9,3.3
4/6/2015,54.2,57.5,27.5,10.2,0
4/7/2015,75.6,49.2,25,11.5,0
4/8/2015,60.8,40.8,28.5,10.2,0
4/9/2015,62,46.5,28.5,10.5,0
4/10/2015,55.9,46.2,29,11,0
4/11/2015,60.9,43.1,29.4,12,0
4/12/2015,66.6,67.4,26.2,12,0
4/13/2015,90.9,81.5,18,13.5,7.2
4/14/2015,83.2,54.1,25,12.4,2.7
4/15/2015,85.7,89.6,25,13.5,0
4/16/2015,85.3,48.5,27.8,12.2,1
4/17/2015,79.6,76,24.5,13,0
4/18/2015,77.7,68.6,25.7,13,10.2
4/19/2015,75.2,68.4,28.6,13,0
4/20/2015,75.4,67.7,29,16.8,0
4/21/2015,72.8,62.8,29.5,17.5,0
4/22/2015,72.5,61.7,28.6,13.5,2.9
4/23/2015,62.9,55.8,29.4,11.2,0.3
4/24/2015,66.3,63.3,26.8,13,0
4/25/2015,61.3,71.3,22.2,14.5,0
4/26/2015,74.4,61.6,25.6,14,0
4/27/2015,71.4,60.7,25.8,12,4.3
4/28/2015,72.6,85.6,23.5,14.5,0
4/29/2015,72.7,72.4,24.4,11.6,3
4/30/2015,100,68.8,24.4,14.7,8.6
5/1/2015,73.1,51.9,29.2,13.4,0.5
5/2/2015,75.2,56.2,29.6,15.6,0
5/3/2015,57,48.1,29.8,12.4,0
5/4/2015,53.9,40.3,31,12.4,0
5/5/2015,56.8,38.3,30.8,13,0
5/6/2015,58.4,39.3,30.5,13.4,0
5/7/2015,57.3,71.2,31,17,0
5/8/2015,72.3,66.2,28.2,16.5,0
5/9/2015,80.3,73.6,26.3,18.2,0.5
5/10/2015,74.6,62.8,28.9,16,5.1
5/11/2015,64.8,34.7,30.7,16,115.5
5/12/2015,70.5,47.9,29.8,14.5,17
5/13/2015,71.2,59.4,30,17.9,0
5/14/2015,69.5,47.4,31,17.6,0
5/15/2015,73.6,49,29.8,20,0
5/16/2015,66.7,80,29.5,18.5,0
5/17/2015,66.3,63.2,29.8,16.5,2
5/18/2015,67.3,55.5,29,17.8,0
5/19/2015,66.6,64.2,30,16.6,0
5/20/2015,72.1,59.8,32,20,0.2
5/21/2015,67,59.8,31,20.2,0
5/22/2015,62.4,40,32.5,16.8,0
5/23/2015,55.4,61.6,33,17.5,0
5/24/2015,60.7,41.2,32.5,13.5,4.4
5/25/2015,60.4,48.6,32.3,17,0
5/26/2015,61.9,51.3,31.2,15.2,7.3
5/27/2015,64.4,42.8,31.2,15,3.4
5/28/2015,63.2,53.3,31.2,16.5,0
5/29/2015,64.7,61.3,31,19.5,0
5/30/2015,66.1,60.3,31.5,19.8,0
5/31/2015,63.2,48,33,19.5,0
6/1/2015,60.7,31.7,33.5,18.4,0
6/2/2015,57.8,34.3,33.5,18,0
6/3/2015,60.9,37.6,33.5,18.5,0
6/4/2015,92.5,58.6,29.5,20,1.5
6/5/2015,62.1,43.6,32,18.5,0.5
6/6/2015,60.6,39.2,35,18.9,0
6/7/2015,47.9,41.7,34.5,18.5,0
6/8/2015,49.1,30.9,34.3,19,0
6/9/2015,58.7,36,34.6,21,0
6/10/2015,68.4,73.1,32,20,6
6/11/2015,75.7,69,32,20,0.5
6/12/2015,67.1,61.9,31,20.2,5.6
6/13/2015,70.4,64.2,30.5,17.4,15.5
6/14/2015,83.6,56,30.2,19,1.6
6/15/2015,68.2,58.2,31.2,18.5,0
6/16/2015,71,72.9,29,19,2.9
6/17/2015,72.9,52.4,30.8,19.5,5.5
6/18/2015,75.8,60.6,32,20.8,0.5
6/19/2015,86.1,68.7,31.5,20.7,2.6
6/20/2015,79.8,74.9,31,20.2,29
6/21/2015,78.1,77.4,31.3,21,19.4
6/22/2015,66.1,76.2,29.2,20.2,0
6/23/2015,74.4,73,31,20.5,1.8
6/24/2015,89.4,65.1,30,20,2.3
6/25/2015,87.8,72.3,31.5,20,4.5
6/26/2015,69,94.5,31.5,21.4,5
6/27/2015,81.5,91.1,28.4,20.4,14.4
6/28/2015,87.8,73.8,27.5,20.5,6.5
6/29/2015,68.6,73.4,30.4,19,0
6/30/2015,73.3,70.9,30.6,21,0
7/1/2015,77.5,80.2,29,19.4,13.8
7/2/2015,75.8,84.9,29,20.5,58.4
7/3/2015,76.3,72.3,30.2,20,2.2
7/4/2015,82,96.4,29.5,21.2,0
7/5/2015,82.1,94.5,29,21.2,16.6
7/6/2015,94.6,96.2,28.6,20,28.5
7/7/2015,89.5,94.6,28,19.5,28
7/8/2015,86.3,90.9,30.2,20.2,7.8
7/9/2015,89.3,69.7,29.5,20,11
7/10/2015,83.4,66.3,28.6,20,11.7
7/11/2015,79.6,70.5,29,20.5,0.2
7/12/2015,69.3,68.2,31,20,0
7/13/2015,77.4,65.4,32.4,21.4,0
7/14/2015,76.7,75.1,30.4,21.8,0
7/15/2015,94.7,88.1,27.5,21.7,3.4
7/16/2015,81.7,91.3,27.7,21.4,85.2
7/17/2015,75.3,84.6,29.8,21,1.4
7/18/2015,79.8,92.7,29.5,19.2,22.4
7/19/2015,75.6,91.1,29.5,20,13.4
7/20/2015,76,93.7,28.9,12.5,37.8
7/21/2015,84.3,84.9,29.2,19,13
7/22/2015,81.3,88,28.5,19,14.1
7/23/2015,86.4,75.6,29.7,20.4,1.4
7/24/2015,86,74,30.2,20.3,8
7/25/2015,80.2,91.1,29.7,20,13.4
7/26/2015,76.9,69.3,29.8,18.5,16.2
7/27/2015,86.6,62.1,31.5,18.2,0
7/28/2015,71.2,77.5,34.6,19.5,3.1
7/29/2015,74.7,86.1,30.8,20.2,0
7/30/2015,77.5,91.1,31,19,25.5
7/31/2015,88.8,85.3,23.6,19,34.1
8/1/2015,96.2,92.8,25,19.5,4.3
8/2/2015,90.9,81.2,27,18.5,30.8
8/3/2015,78.1,81.6,30,18.8,0.2
8/4/2015,79.9,80.7,28.5,20.2,0.7
8/5/2015,82.8,81.6,29,18.8,3.3
8/6/2015,78.5,92.8,26,21,0
8/7/2015,96.2,96.3,27.5,19.4,63.2
8/8/2015,94.3,75.8,27.8,19.8,20.8
8/9/2015,82.8,76.2,29.6,20.5,0.3
8/10/2015,73.7,80.3,32.1,21.5,0
8/11/2015,84.7,73.6,30.2,19.8,27.2
8/12/2015,82.2,92.9,29.5,20.2,12.7
8/13/2015,86,81.4,29.3,20.5,25.8
8/14/2015,87.9,83.5,30,20,3.1
8/15/2015,79.4,87.9,30.5,20.8,0
8/16/2015,71.5,84.6,31.5,20.5,0.5
8/17/2015,81.8,86.4,30.2,20.4,67
8/18/2015,80.5,84.6,28.6,21,1.5
8/19/2015,93.7,91.3,28,20.6,17
8/20/2015,92.9,91.3,27.3,21,6.5
8/21/2015,84.3,83.2,28.2,19,50.6
8/22/2015,79.7,81.1,30.5,20,4.4
8/23/2015,85.9,78.2,27,19.4,23.2
8/24/2015,84.7,75,30.5,20.4,0
8/25/2015,88,98.2,30.6,21.4,0.3
8/26/2015,91.2,91,30.2,19.5,36.3
8/27/2015,81.5,80.3,29.6,19.5,21.8
8/28/2015,84.2,70.2,29,19.8,10
8/29/2015,91.1,75.4,29.2,20.5,0.7
8/30/2015,88,70,30,20.7,2.2
8/31/2015,86.2,72.4,30,20,17.6
9/1/2015,79.9,76.1,29.8,19.5,0
9/2/2015,81.7,89,30,19.5,7.5
9/3/2015,89.1,67.7,26,19.4,35.6
9/4/2015,76.3,72,30.2,18.5,0
9/5/2015,77.4,72.9,29.8,18.6,0
9/6/2015,76.3,78.1,30,17,0
9/7/2015,80.8,74.3,29.5,18.4,0
9/8/2015,87.7,77.5,29.8,20,9.2
9/9/2015,78.6,78.8,30.2,19.9,3.4
9/10/2015,91.2,94.4,30.4,20,0
9/11/2015,87.8,98.1,30,19,12.5
9/12/2015,96.1,78.7,26,18.8,54
9/13/2015,81,71.6,30.2,18.6,8.3
9/14/2015,84.5,87.3,30,19,0
9/15/2015,81.6,87.5,27.6,19.4,28
9/16/2015,79.4,83.1,30,18.5,0
9/17/2015,84,85,29,18,0
9/18/2015,78.2,82.8,30.5,17.9,0.5
9/19/2015,77.3,77.4,31.2,19.2,3
9/20/2015,81.3,80.6,30.4,19,7.5
9/21/2015,85.7,84.5,28,19,12.5
9/22/2015,84.5,78.5,28.3,20.4,0
9/23/2015,89.2,75.3,29.4,19.4,0
9/24/2015,83.2,81,29.6,20,0.3
9/25/2015,84.2,82.8,29.2,18.5,2.5
9/26/2015,82.2,75.7,28.8,19.5,0
9/27/2015,72.6,76,28.2,17.4,0
9/28/2015,78.4,73.4,29.5,19,4.6
9/29/2015,79.4,76.4,29.5,18,0
9/30/2015,77.8,79.8,30.5,16.8,0
10/1/2015,81.4,74.4,30.5,18.6,0
10/2/2015,81.1,65.1,30,18.5,0
10/3/2015,80.6,59.3,29.2,15.5,0
10/4/2015,74.5,65.6,28.8,12.5,0
10/5/2015,76.1,69.6,29.8,13,0
10/6/2015,78.1,68.4,30.2,14.6,0
10/7/2015,74.6,66.7,31.5,13.5,0
10/8/2015,67,52.2,29.8,13.5,0
10/9/2015,69.5,57.5,29,12.8,0
10/10/2015,73.8,68.7,29.5,13,0
10/11/2015,77.1,100,27.1,15,0
10/12/2015,87.6,82.7,23,15.5,46.6
10/13/2015,76.9,74.6,27.3,13.5,0
10/14/2015,88.3,87.9,26.9,11,1.5
10/15/2015,91.8,78.7,26.6,14.6,4.6
10/16/2015,80.6,86.2,25.5,13.5,0.3
10/17/2015,82.1,71.7,26.2,12.4,0.8
10/18/2015,80.7,79,27,13.5,0
10/19/2015,84.1,75.3,28,14.2,0
10/20/2015,80.7,76.8,27.4,14,0
10/21/2015,79.4,77.8,27.7,14.4,0
10/22/2015,80.8,79.7,26.7,13.5,0
10/23/2015,82.2,67.8,27,13.3,0
10/24/2015,82.7,73.3,25.5,13.2,0
10/25/2015,73.6,79.4,26.5,13,0
10/26/2015,84,65.8,26.7,13,0
10/27/2015,81.6,73.3,27,11.9,0
10/28/2015,81.4,71.7,25.5,12.8,0
10/29/2015,93,91,17.2,13.4,10.7
10/30/2015,86.7,68.6,23.4,12.2,3.1
10/31/2015,76.5,65.8,26.2,10.4,0
11/1/2015,83.1,74.6,25.6,11.5,0
11/2/2015,83.2,69.7,24.8,11.8,0
11/3/2015,84.9,71.2,25,11.2,0
11/4/2015,78.5,72.7,24.8,10,0
11/5/2015,78.3,75.3,24,9.5,0
11/6/2015,84.2,66.3,23.7,9.5,0
11/7/2015,78.6,61.2,23,6.9,0
11/8/2015,85.1,68.2,24,9.2,0
11/9/2015,86.3,72,25,9.8,0
11/10/2015,81.8,73.3,23.8,9.2,0
11/11/2015,81.6,74,23.5,8.5,0
11/12/2015,84,79.3,24.4,9.6,0
11/13/2015,90.7,75.9,24.5,10,0
11/14/2015,92.9,64.3,24,10.2,0
11/15/2015,81.8,83.9,23.5,9.7,0
11/16/2015,86.1,80.9,22.4,10.5,0
11/17/2015,90.6,71.2,23.2,10.2,0
11/18/2015,87.9,76.4,22.7,8.5,0
11/19/2015,94.9,77,24,9,0
11/20/2015,92.6,69,25.2,8.2,0
11/21/2015,87.6,79,23.9,8,0
11/22/2015,92.7,79.1,23.9,8.5,0
11/23/2015,90.7,78.3,23.6,10.6,0
11/24/2015,87.6,82.9,23,10.5,0
11/25/2015,90.5,78.6,22.8,9.6,0
11/26/2015,97.5,76.8,23,10,0
11/27/2015,87,74.3,21.5,9.4,0
11/28/2015,82,68,20.3,8,0
11/29/2015,87.6,74.2,22.3,9,0
11/30/2015,96,72.1,22.2,7.5,0
12/1/2015,97.1,82.6,21.5,6.9,0
12/2/2015,81.5,77.1,20,10.3,0
12/3/2015,97.3,67.4,21,7,0
12/4/2015,97.1,77.4,22.3,6.2,0
12/5/2015,94.8,83.2,18.4,8.5,0
12/6/2015,94.9,71.9,20.3,7.8,0
12/7/2015,94.8,77.6,20.5,8,0
12/8/2015,94.6,73.1,20.3,7,0
12/9/2015,93.2,66.9,20.2,6.2,0
12/10/2015,92,72.9,20.5,7.5,0
12/11/2015,92,46.5,21.6,5.6,0
12/12/2015,75.8,76.1,21.4,6.5,0
12/13/2015,97,83,19,5.5,0
12/14/2015,86,80,18.2,6,0
12/15/2015,91,79.1,16.8,3.4,0
12/16/2015,93.6,72.4,17,3.4,0
12/17/2015,96.6,64.8,16.8,2.8,0
12/18/2015,96.7,81.1,16.5,2,0
12/19/2015,91.9,76.1,17.4,2,0
12/20/2015,96.8,76.3,17,2.4,0
12/21/2015,96.8,73.4,15.5,3,0
12/22/2015,96.6,64,16,1.5,0
12/23/2015,96.5,67.3,16.8,0.9,0
12/24/2015,96.4,68,16.5,0,0
12/25/2015,86.7,57.1,16.8,2,0
12/26/2015,89.4,54.2,17.5,0.2,0
12/27/2015,93.1,56.6,19.2,1.5,0
12/28/2015,90.1,57.5,19.6,2,0
12/29/2015,93.5,62.7,19.2,2.2,0
12/30/2015,93.6,67.3,19.5,2.5,0
12/31/2015,96.8,63.8,19.5,3.2,0
1/1/2016,93.9,73.7,18.8,4.2,0
1/2/2016,96.8,67,19.4,3.5,0
1/3/2016,81.9,71.4,19.5,4,0
1/4/2016,96.9,70.1,19.2,3.5,0
1/5/2016,98.5,69.7,19.4,4,0
1/6/2016,97,61.4,19.5,4.8,0
1/7/2016,100,67.7,19.2,4.5,0
1/8/2016,95.5,62.8,19.4,4.5,0
1/9/2016,93.7,68.6,18,3.5,0
1/10/2016,96.7,77.4,18.1,3.5,0
1/11/2016,85.8,75.8,18.5,7,0
1/12/2016,91.3,75.5,18.6,5.5,0
1/13/2016,88.6,61.7,17.6,5.5,0
1/14/2016,95.3,62.5,18.1,3.5,0
1/15/2016,96.8,69.7,18.5,4.2,0
1/16/2016,98.3,71.4,19,2.5,0
1/17/2016,96.7,67.5,19.2,3,0
1/18/2016,100,59,20,2.5,0
1/19/2016,79.3,79.5,15,3.5,0
1/20/2016,86.1,64.8,16,5.5,0.4
1/21/2016,88.6,87.4,14.2,7,0
1/22/2016,96.8,72.7,18,3.4,0
1/23/2016,87,61.4,18.2,2.2,0
1/24/2016,92,57.8,19,2.5,0
1/25/2016,92.2,68.4,18.5,3.6,0
1/26/2016,96.8,64.8,17.5,2.5,0
1/27/2016,85.1,60.9,16.2,4.5,0
1/28/2016,88,67.9,16.2,4,0
1/29/2016,89,62.7,18,3.8,0
1/30/2016,95.2,58.9,19.5,3.6,0
1/31/2016,93.7,72,19.5,4.2,0
2/1/2016,100,42.6,20.8,3.8,0
2/2/2016,85.3,54.8,21.1,3.6,0
2/3/2016,90.9,63.2,21,3.4,0
2/4/2016,97,56.9,21,4.3,0
2/5/2016,94.1,65.7,21,4.8,0
2/6/2016,93.1,66.6,19.5,6,0
2/7/2016,100,50.6,23.5,5,0
2/8/2016,94.8,74.6,17.2,9,2.5
2/9/2016,94.4,58.2,21.5,6,1.2
2/10/2016,92.7,65.7,21.5,5.6,0
2/11/2016,94.1,58.8,22.5,5.5,0
2/12/2016,96.8,55.5,23.2,4.8,0
2/13/2016,86.9,43.7,24.3,4,0
2/14/2016,80.1,43,24.8,4.4,0
2/15/2016,76.8,39,24.8,3.5,0
2/16/2016,74.8,47.1,23.6,3.5,0
2/17/2016,91.8,35.9,26.5,5.5,0
2/18/2016,75.4,46.9,26.4,5.2,0
2/19/2016,75.3,58.4,27.6,7.4,0
2/20/2016,85.9,63.5,21,11.5,0
2/21/2016,87.9,60.8,27.5,9,0
2/22/2016,84.9,61.4,27.2,7.4,0
2/23/2016,87.1,72,25.8,7.3,0
2/24/2016,83.2,79.2,23,8.6,0
2/25/2016,89.5,67.6,24.5,6.5,0
2/26/2016,85,60,23.5,7.2,0
2/27/2016,84.4,73.3,24.2,8,0
2/28/2016,83.4,64.4,23.8,10,0
2/29/2016,86.1,68.6,25.5,10.5,21.6
3/1/2016,87.4,87.2,26.5,8.6,0
3/2/2016,83.2,71.7,25.5,9,0.6
3/3/2016,87.8,72.9,25.4,9.2,0
3/4/2016,79,57,26,10.6,0
3/5/2016,88.5,43.3,26.5,10.8,0
3/6/2016,90.2,46.4,25.2,10.2,0
3/7/2016,76.3,30.7,26.3,8,0
3/8/2016,67.8,32.1,27.6,10.4,0
3/9/2016,66.4,35.9,27.7,9.7,0
3/10/2016,63.8,47.4,29.4,9,0
3/11/2016,69.4,40.1,29,10,0
3/12/2016,72.8,40.4,28.4,11.2,0
3/13/2016,65.5,59.9,25.5,13.6,0
3/14/2016,78,78.6,22.5,10.5,0
3/15/2016,82.7,54,25.2,8,5.6
3/16/2016,66,51,26,7.5,0
3/17/2016,74.6,54.2,25.4,9,0
3/18/2016,71.5,31.2,26.6,10.2,0
3/19/2016,35.9,48.8,28,9.7,0
3/20/2016,67.2,52.4,28.8,10.6,0
3/21/2016,64.3,49.3,28.5,11.5,0
3/22/2016,54.1,53.7,28,8.8,0
3/23/2016,65.7,56.1,26.2,9.5,0
3/24/2016,71.9,50.6,26.8,9.8,0
3/25/2016,76.4,49.7,28.6,11.3,0
3/26/2016,75.4,53.2,29,12.6,0
3/27/2016,77.8,62,26.1,13.4,0
3/28/2016,78.5,79.1,28.2,13,0
3/29/2016,66.5,48.6,27.2,9.5,0.1
3/30/2016,59.7,53.9,28.6,11.5,0
3/31/2016,70.3,88.7,26.8,12.5,0
4/1/2016,86.8,67.7,25,12.6,7.5
4/2/2016,79.4,67.5,23.5,15.2,0
4/3/2016,84.1,58.2,28,16.5,0
4/4/2016,72.2,63,27.3,14.5,0
4/5/2016,74.2,54.3,29.8,15.4,0
4/6/2016,44.5,33.2,31.4,15.5,0
4/7/2016,60.3,39,32.4,13.5,0
4/8/2016,52.9,36.3,30.5,12.5,0
4/9/2016,48.7,30.3,31.5,12,0
4/10/2016,45.7,28.9,32.5,12.5,0
4/11/2016,40.6,32.6,32.4,14.3,0
4/12/2016,46.8,39,31.5,13.8,0
4/13/2016,53.2,25.9,30.5,12.5,0
4/14/2016,48.2,39.6,30.5,14,0
4/15/2016,53.4,46.2,31,14.2,0
4/16/2016,59.3,55.1,30.4,15,0
4/17/2016,69.2,64.1,28.5,17,0
4/18/2016,64.6,59.9,32.7,16,0
4/19/2016,65.4,46.4,31.7,13,3.5
4/20/2016,57.3,50.2,33.5,15.5,0
4/21/2016,62.1,53.3,32.5,16.8,0
4/22/2016,57.5,36.5,33.4,15.3,0
4/23/2016,48.9,47.4,33,14.8,0
4/24/2016,53.1,26.6,32.3,13,0
4/25/2016,30.1,30.3,32.5,12.6,0
4/26/2016,73.4,24.9,34.2,12.4,0
4/27/2016,46.9,25.2,33.2,13,0
4/28/2016,49,12,32.7,14.4,0
4/29/2016,49.7,13.3,33.6,13.5,0
4/30/2016,40.5,25.2,33.2,13.5,0
5/1/2016,39.5,42.5,33.5,14,0
5/2/2016,65.8,61.4,30.8,15.9,0
5/3/2016,73.5,63.9,29.2,16.8,0
5/4/2016,61.8,95.6,29,14.2,0
5/5/2016,79.6,63.2,27.5,14,4.2
5/6/2016,74.4,60,28.5,15,0
5/7/2016,82.2,67.3,27.8,14,1.2
5/8/2016,73.5,71.8,30.5,14,0
5/9/2016,76.4,64.1,30.4,15.2,0
5/10/2016,75,82,29.8,17.6,0.6
5/11/2016,72.8,76.7,28,16,6
5/12/2016,86.6,70.5,27.2,16,0
5/13/2016,87.8,78,27.6,15.5,11
5/14/2016,84.7,78.9,28.5,17,5.9
5/15/2016,87.3,79.2,30.5,18,1.3
5/16/2016,74.3,76.3,30.8,18,0.3
5/17/2016,70.8,95.7,31.8,16.4,0
5/18/2016,68.5,63.1,31,14.2,8.9
5/19/2016,71.2,94.3,30.7,17.6,0
5/20/2016,74.3,92.2,27.8,16.5,10
5/21/2016,81.6,77.9,27,17,3.6
5/22/2016,74,55.5,28.5,17.2,0.3
5/23/2016,67.6,63.3,30.5,20,0
5/24/2016,62.3,64.9,29.5,18.2,0
5/25/2016,72.4,74.5,27.4,16,4
5/26/2016,65.1,60.9,28.6,15.2,3.5
5/27/2016,63.8,75.7,28.5,16.4,0.5
5/28/2016,81.7,81.5,26.4,18,12.6
5/29/2016,96,70.9,22.5,17.5,3
5/30/2016,66.2,62.8,28,14.5,4.2
5/31/2016,93.8,64.4,28.1,16.5,11.2
6/1/2016,69.2,63.5,28,17,0.3
6/2/2016,64.1,81.4,29.1,19,0
6/3/2016,72.9,69.8,31.3,19.8,17.6
6/4/2016,75.8,69.6,28.8,13.5,0
6/5/2016,72.7,76,29.2,19.5,0
6/6/2016,72.6,71.9,28.6,19.5,17.6
6/7/2016,76.8,64.3,30.3,19.4,17.8
6/8/2016,90.5,64.9,30,18,2.6
6/9/2016,71.4,74.3,29.5,19,9.7
6/10/2016,71,81.4,29,19.5,0
6/11/2016,67,65.4,30.5,18,32.2
6/12/2016,90.8,69.7,29,17.5,34.2
6/13/2016,81.6,71.9,29.8,20.4,3.3
6/14/2016,86.3,72.7,30.7,21,0
6/15/2016,78.7,92.9,28.6,20,1.4
6/16/2016,83,80.2,26,20,21
6/17/2016,76.7,80.3,30,19.5,9.5
6/18/2016,77.4,84.7,30.1,20,3.5
6/19/2016,69.1,89.6,29.5,20.8,0
6/20/2016,84.7,83.2,28.4,20.5,31.8
6/21/2016,89.5,87.3,26.5,20.2,31.8
6/22/2016,86,81.6,25.5,19.5,28.8
6/23/2016,75.4,75.8,28.5,19.5,9.5
6/24/2016,86,79,26.7,20.5,0
6/25/2016,79.9,82.5,29.5,21,0
6/26/2016,84.7,72.2,31,20.6,0.8
6/27/2016,79.8,77.2,30.8,20,0.9
6/28/2016,85.1,88.3,31.5,22,0
6/29/2016,91.1,100,31.5,21,1.3
6/30/2016,90.8,98.1,28.4,20,94.6
7/1/2016,96.3,94.4,22.2,19.1,22.8
7/2/2016,91,94.6,27.4,19.8,59.4
7/3/2016,76.3,83.3,30.2,20,5.6
7/4/2016,86.3,84.1,30,20,19
7/5/2016,85.2,81,28.5,21,3.8
7/6/2016,85.6,83.8,29.2,20.8,0
7/7/2016,79.3,96.4,30.5,21,0
7/8/2016,82.1,87.2,30.2,21.6,6.5
7/9/2016,76.1,88.1,30.5,21,0
7/10/2016,83.2,85,30.1,20.5,2.5
7/11/2016,89.5,91.4,28.8,20.7,7.3
7/12/2016,83.3,88.5,30.5,21,2.2
7/13/2016,81.9,90,29.4,20.4,0.9
7/14/2016,87.9,94.8,29.8,20,29.1
7/15/2016,75.5,91.4,29.6,21.4,24
7/16/2016,76.1,88.2,28.2,21,20
7/17/2016,91.4,94.6,26.8,20.6,10.9
7/18/2016,86.4,88.2,27.5,20,46.3
7/19/2016,89.7,78.2,30.1,21.2,0.5
7/20/2016,84.8,89.1,26.5,21,24
7/21/2016,96.4,83.3,25.3,21.3,12.4
7/22/2016,94.5,91,23.4,20.2,9
7/23/2016,94.5,80.3,29.4,19.6,31.4
7/24/2016,85.4,78.9,29.5,19.5,0.5
7/25/2016,91.2,91.2,26,20.2,25.2
7/26/2016,94.4,80.1,26.5,19.5,86.9
7/27/2016,82.8,87.6,28.1,20.1,2.3
7/28/2016,86.1,86.4,26.6,20,0.5
7/29/2016,84.4,78.7,27.2,19.5,11.4
7/30/2016,89.4,78.7,27.2,19.8,11.6
7/31/2016,87.5,77,25,20.4,1.8
8/1/2016,91.4,89.6,28.5,20,3.6
8/2/2016,78.8,87.8,29.6,19.5,8.3
8/3/2016,86.1,79.4,29.8,19.5,1
8/4/2016,83.5,84.5,31.4,19.8,0.5
8/5/2016,82,83.6,31.5,21.4,7.2
8/6/2016,82.3,83.6,29.3,20.2,13
8/7/2016,79,80.4,31,21.2,0.3
8/8/2016,86.9,87.6,30.5,20.2,1.8
8/9/2016,76.4,84.6,29.6,19.8,2.3
8/10/2016,83.2,89.4,28,20.6,0.2
8/11/2016,94.5,74.7,28.8,20.1,11
8/12/2016,80.6,84.6,28.8,20.5,0
8/13/2016,79.3,87.7,29.7,20.6,6
8/14/2016,80.3,83.6,29.5,21.5,4.5
8/15/2016,77.8,85.2,30.1,21,1.2
8/16/2016,78.9,94.4,30.3,20,3.1
8/17/2016,72.6,77.7,29.2,19.2,21
8/18/2016,78.8,83.6,30.3,21,0
8/19/2016,78.6,84.8,30.8,17.9,0.2
8/20/2016,86.4,72.7,30.4,19.5,0.5
8/21/2016,75.5,94.5,31.2,19.8,0
8/22/2016,82.8,89.6,27.2,20.5,10.3
8/23/2016,58.6,77.3,28.8,19,3.4
8/24/2016,75.6,82.7,30.8,20.8,0
8/25/2016,71.5,67.5,32.2,18.8,0
8/26/2016,86,82.9,29,19,15.2
8/27/2016,76.4,59.7,32.4,21,0.2
8/28/2016,73.9,75.8,31.5,20.5,0
8/29/2016,79.8,80.5,29.7,19.5,0
8/30/2016,84.8,81,29.4,20.4,1
8/31/2016,81.5,82.9,31,19.2,11
9/1/2016,84.5,72.7,30.2,20,4.2
9/2/2016,72.3,74.3,30,20.5,0
9/3/2016,80.3,89.4,30.2,19.6,62.3
9/4/2016,92.6,77.2,26.2,19.2,19
9/5/2016,86.3,81.8,29.2,20,0.2
9/6/2016,89.3,83.1,28.5,20.5,0
9/7/2016,94.6,84.4,29.5,20.8,8.2
9/8/2016,89.4,78.2,29.5,20.5,2.4
9/9/2016,83.7,80.4,29.3,20.5,0
9/10/2016,92.7,89.6,26,20.6,2.3
9/11/2016,92.5,98.1,27.5,20,14.1
9/12/2016,96.2,92.4,21.4,19.5,66.8
9/13/2016,94.3,76.3,25.5,18.5,20.4
9/14/2016,77.1,86.2,30,19,0
9/15/2016,78.9,83.3,30.2,19.5,24
9/16/2016,81.3,81.1,30.2,20,0
9/17/2016,73.2,80,29,20,1.5
9/18/2016,96.1,73.1,27.8,18.4,16
9/19/2016,81.1,76.8,30,19,0.8
9/20/2016,74.8,74.7,29.5,19.5,0
9/21/2016,96.1,92.8,26.5,18.5,24
9/22/2016,79.1,79.4,28,18.2,0.8
9/23/2016,89.1,80.5,27.8,18.8,0
9/24/2016,89,94.3,24.5,18.5,4.5
9/25/2016,90.6,88.9,23.5,18,9.5
9/26/2016,90.6,82.7,27.2,17.5,0
9/27/2016,77.7,75.6,30.2,19,0
9/28/2016,87.4,87.4,25.5,18,0.4
9/29/2016,90.7,82.4,25.5,19,0.3
9/30/2016,79.2,89.3,29.7,18.4,0
10/1/2016,98.1,87.4,29.5,19,17
10/2/2016,81.3,84.5,30.6,19.5,6.2
10/3/2016,70.1,83.3,30,20.5,0
10/4/2016,82.8,73.8,29,19.4,37.8
10/5/2016,87.4,79.3,27.8,19.5,1.8
10/6/2016,82.5,74.7,28,19.2,1.4
10/7/2016,88.9,82.4,28.5,18.5,0
10/8/2016,87.5,82.1,28.5,19,0
10/9/2016,79.3,80.6,27.5,18.9,0
10/10/2016,85.1,74.7,29.4,18.2,0.3
10/11/2016,85.4,75.9,28.2,16.5,0
10/12/2016,80.1,77.5,28,17.4,0
10/13/2016,83.3,79.1,28.5,16,0
10/14/2016,72.3,81.2,26.5,17,0
10/15/2016,84.1,78.6,26,17,0.5
10/16/2016,85,75.2,28,16.5,0
10/17/2016,76.4,69.7,28,15.4,0
10/18/2016,98,86.3,27,14,0
10/19/2016,81.1,72.8,25.5,14.5,26
10/20/2016,71.8,68.5,26.5,13,0
10/21/2016,70.4,54.5,27.3,12.5,0
10/22/2016,69.9,77.6,26.5,12.5,0
10/23/2016,73,77.6,26.8,12,0
10/24/2016,87.6,79.7,26.8,13.5,0
10/25/2016,87.5,67.3,27.3,13,0
10/26/2016,80,84.8,27,12,0
10/27/2016,81.4,71.8,26.5,12,0
10/28/2016,79.4,58.4,25.5,11.5,0
10/29/2016,70,69.2,25.2,10,0
10/30/2016,86.5,73.8,25.8,10.5,0
10/31/2016,79,64.4,25,11,0
11/1/2016,65.6,61.1,26.5,10,0
11/2/2016,69.6,62.9,26.5,10.4,0
11/3/2016,74.6,67.7,26.4,10,0
11/4/2016,82.1,53.5,26,9.5,0
11/5/2016,76.8,61.3,24.5,8.2,0
11/6/2016,86.1,71.5,24.5,9.5,0
11/7/2016,79.8,62,23.2,9,0
11/8/2016,75.1,69.6,23.5,8.6,0
11/9/2016,83.9,71.7,24.4,8.8,0
11/10/2016,81.6,70.5,25,9,0
11/11/2016,86.5,65.4,24.8,10.2,0
11/12/2016,83.9,70.1,24.5,9.5,0
11/13/2016,88.2,73.8,24,9.5,0
11/14/2016,97.4,46.2,24,8.2,0
11/15/2016,81.9,61.2,24.6,5.6,0
11/16/2016,84.6,70,23.5,6.5,0
11/17/2016,87,74.2,22.8,6.4,0
11/18/2016,92.2,70.2,22.5,7,0
11/19/2016,94.8,78.3,22,7.5,0
11/20/2016,92.4,80.6,22,7.6,0
11/21/2016,86.2,68.6,23,10.5,0
11/22/2016,89.9,72.3,23,8,0
11/23/2016,95,80.4,22.4,8.3,0
11/24/2016,90.2,76.4,21.8,8,0
11/25/2016,94.7,78.3,21.5,8,0
11/26/2016,87.9,80.7,21.2,8.2,0
11/27/2016,97.4,82.3,22.4,8.3,0
11/28/2016,94.8,74,21.5,9.5,0
11/29/2016,94.8,69.4,22.2,7.8,0
11/30/2016,92.5,80.7,22.2,8.5,0
12/1/2016,94.8,80.6,22,8,0
12/2/2016,94.8,72.3,21.5,8,0
12/3/2016,97.4,72.3,20.7,7.8,0
12/4/2016,97.3,61.7,22.5,6.8,0
12/5/2016,91.8,71.9,22.6,6,0
12/6/2016,97.1,68.8,21.5,6,0
12/7/2016,97.1,63,22.6,5.3,0
12/8/2016,93.9,56.8,22,4.5,0
12/9/2016,93.9,57.4,22.6,4.4,0
12/10/2016,86,54.1,22.6,4.4,0
12/11/2016,91.1,63.2,22,5,0
12/12/2016,88.6,75.3,21.5,5,0
12/13/2016,97,84.1,20.2,5.2,0
12/14/2016,97,80.4,19.5,5,0
12/15/2016,89.5,85.9,19.5,7.4,0
12/16/2016,98.5,86.3,20.5,5,0
12/17/2016,95.7,88.4,19.6,5,0
12/18/2016,97.1,66.2,20.5,5,0
12/19/2016,97,72.4,20,5,0
12/20/2016,97.1,76.8,19.6,5.8,0
12/21/2016,94.6,80.5,20.5,7.2,0
12/22/2016,94.5,71.9,21.4,7.5,0
12/23/2016,94.8,66.4,20.5,8.5,0
12/24/2016,97.3,73.3,20.6,6.6,0
12/25/2016,97.3,67,20.8,6.6,0
12/26/2016,91.5,68.4,19,5.8,0
12/27/2016,97,68.8,19.5,5,0
12/28/2016,97,78.3,19.5,4.5,0
12/29/2016,100,74,18.5,4.6,0
12/30/2016,100,70.6,20.2,5.5,0
12/31/2016,97,80.8,19.5,4.5,0
1/1/2017,94.2,82.4,14.5,5,0.1
1/2/2017,96.6,59.4,19,2.6,0.1
1/3/2017,100,60,19,3,1.5
1/4/2017,100,54.1,19,2.8,0
1/5/2017,93.4,54.1,19.5,3,0
1/6/2017,93.3,64,18.8,2.8,0
1/7/2017,93.3,63.7,18.5,2.8,0
1/8/2017,87.1,57.8,18.6,3,0
1/9/2017,93.3,53,18.5,2.8,0
1/10/2017,93.6,67.9,18.5,3.5,0
1/11/2017,93.5,61.8,17.2,2.4,0
1/12/2017,96.6,73.4,16.5,2.6,0
1/13/2017,81.8,56.6,16.5,1.2,0
1/14/2017,96.3,59.7,16.6,0.4,0
1/15/2017,92.9,60.9,17.5,0.5,0
1/16/2017,96.5,43.7,19.5,0.7,0
1/17/2017,83.7,54.4,20,1.5,0
1/18/2017,84,NA,20.2,1.6,0
1/19/2017,32.4,96.7,22,2,0
1/20/2017,27.2,74.7,22.4,1.5,0
1/21/2017,49.8,73.8,21.5,2,0
1/22/2017,59.4,87.6,21,2.5,0
1/23/2017,64.8,93.9,21.8,3.5,0
1/24/2017,59.7,88.6,21,4.5,0
1/25/2017,52.4,91.4,23,5,0
1/26/2017,50.9,86.2,24,5.2,0
1/27/2017,92.1,84.8,14,9.4,0
1/28/2017,53.2,93.9,18.6,4.8,11.6
1/29/2017,70.1,88.1,20.5,2.8,0
1/30/2017,71.3,97.1,20.8,5,0
1/31/2017,61.2,87,21,7.8,0
2/1/2017,67.8,92,20.8,7.2,0
2/2/2017,66,93.2,21.5,6.8,0
2/3/2017,62.2,97.2,21.3,6,0
2/4/2017,58.7,94.6,24,6.5,0
2/5/2017,56.4,87.1,24.8,7.4,0
2/6/2017,49.4,91.8,23.5,7,0
2/7/2017,52.1,86.4,24.2,6,0
2/8/2017,54.7,86.7,25.2,8.6,0
2/9/2017,60.3,94.3,25.5,6,0
2/10/2017,50.5,85.4,23.2,4.5,0
2/11/2017,53.6,83.1,23.5,4.5,0
2/12/2017,50.6,86.4,23,6.2,0
2/13/2017,47.3,88.1,22.7,4.5,0
2/14/2017,59.6,75,22.5,4.5,0
2/15/2017,60.6,89.1,22.5,5.2,0
2/16/2017,53,94.5,23.4,5.8,0
2/17/2017,55.2,76.5,24.2,7.5,0
2/18/2017,60.7,87.8,25,9,0
2/19/2017,60.4,92.5,23.5,9.5,0
2/20/2017,60.4,87.7,25.5,8.8,0
2/21/2017,38,87.5,25.8,9,0.5
2/22/2017,51.2,76,25.8,8.2,0
2/23/2017,60,82.4,26.2,7,0
2/24/2017,57.9,81.1,25.6,5.8,0
2/25/2017,61.5,84.3,22,6.5,0
2/26/2017,57.5,80.3,22.6,8.5,0
2/27/2017,51.5,89.5,23.5,7,0
2/28/2017,63.3,87,23.2,7.5,0
3/1/2017,47.3,88,25.5,9.5,0
3/2/2017,76.2,80.8,26.5,8.4,0
3/3/2017,26.8,75.1,26.5,7.5,1.5
3/4/2017,31.9,66.6,26.2,7,0
3/5/2017,31.4,72.3,25.5,6.3,0
3/6/2017,38,73.8,26,5,0
3/7/2017,41.7,72.7,24.6,6.5,0
3/8/2017,34.9,68.7,25.5,7,0
3/9/2017,52.7,69.9,24,8.5,0
3/10/2017,95.2,89.6,21.5,8,0
3/11/2017,90.3,100,17,8,35.7
3/12/2017,53.9,89.1,20,5.5,65
3/13/2017,67.8,78.7,23,4.6,0
3/14/2017,57.5,80.7,22.5,7.4,0
3/15/2017,51.8,64.6,23.5,6.4,0
3/16/2017,57.9,72.2,24.2,7,0
3/17/2017,97.5,74.9,23.5,8,0.1
3/18/2017,76,62.2,23.2,6.5,2
3/19/2017,69,87.2,21.8,6.4,4.9
3/20/2017,75.9,70.4,21.2,8.4,0
3/21/2017,70.3,80.8,23,6.5,0.4
3/22/2017,74.3,82.1,23.5,9.4,0
3/23/2017,67.5,83,25.8,13.5,0
3/24/2017,68.2,78.3,23.5,12.6,0
3/25/2017,69.3,88.9,27,10,15.5
3/26/2017,67.7,87.8,27.5,14.6,0
3/27/2017,76.6,90.2,27,15.5,0
3/28/2017,80.2,83,22.5,16.5,0
3/29/2017,88.6,100,20.5,16.5,2.7
3/30/2017,80.8,98,26.5,17.5,7.2
3/31/2017,75.7,90.5,28.5,17.5,0
4/1/2017,77.2,76.8,28.4,16.5,0
4/2/2017,73.5,83.4,28,11.8,6.2
4/3/2017,65.8,63.5,29.5,12.4,0
4/4/2017,64.3,78.3,28,12,6.5
4/5/2017,69.5,83,28,14.2,0
4/6/2017,53.8,84.6,29,13,0
4/7/2017,41,71.2,30.8,14,0
4/8/2017,44.3,65.8,29.3,11.4,5
4/9/2017,28.4,62,29.8,11,0
4/10/2017,41,57.2,29.5,10.5,0
4/11/2017,45.4,58.2,28.3,9.8,0
4/12/2017,48.9,64.4,27.5,10.8,0
4/13/2017,57.2,70.3,28,12,0
4/14/2017,64.3,69.2,28.2,12.5,0
4/15/2017,61.3,95.3,28.8,12.8,2.5
4/16/2017,63.4,78.6,28.5,12.5,0.3
4/17/2017,62.4,74.2,29.6,13.4,0
4/18/2017,66.7,75.6,29,15.6,0
4/19/2017,80.5,84.9,26.5,18,0
4/20/2017,81.7,96,23,14,0.7
4/21/2017,74.1,100,27.5,16.5,12.2
4/22/2017,87.3,90.7,23.2,18,1.2
4/23/2017,83.5,95.9,23.5,15.3,24
4/24/2017,66,84.1,28,13.5,0.5
4/25/2017,52.6,74.2,29.2,15.4,0
4/26/2017,43.8,59.3,29.8,12.8,0
4/27/2017,38.1,58.2,29.5,13.8,0
4/28/2017,57,60.9,29.6,13,0
4/29/2017,100,62.6,29.9,13.8,0
4/30/2017,57.4,77.1,27.4,11.5,16.6
5/1/2017,76.7,100,20.2,13.4,3.5
5/2/2017,60.9,74.4,27.5,10.2,11.1
5/3/2017,73.9,73.2,27.4,13.4,0
5/4/2017,93.9,73.4,28,14,0.5
5/5/2017,65.6,78.8,28.2,11.5,12.8
5/6/2017,72.8,77.1,28,15.5,0
5/7/2017,62.6,77.9,29,14.8,0.1
5/8/2017,96.2,77.6,28,16.8,0
5/9/2017,68.2,97.9,23.4,15.5,15.5
5/10/2017,62.1,93.9,26.8,15.5,2.2
5/11/2017,87.6,77.2,28,15,0
5/12/2017,74.3,85.4,27.9,18,3.7
5/13/2017,68,79.9,29.2,17,0
5/14/2017,82.2,79.4,29.3,18,0
5/15/2017,100,82.6,26.8,17.5,3.6
5/16/2017,71.8,96.1,27.6,17.2,40.6
5/17/2017,76.4,87.2,28,18,0.6
5/18/2017,65.2,72.4,29,15.5,0
5/19/2017,61.6,72.4,30,17,0
5/20/2017,57.4,64.8,30.2,17,0
5/21/2017,59.3,67.8,30.5,17,0
5/22/2017,62.4,69.5,30.5,16,2.4
5/23/2017,49.7,69.8,31.6,17.3,0.5
5/24/2017,86.1,71.2,30.7,17.5,0
5/25/2017,68.6,64.7,29.8,17,2.2
5/26/2017,94.2,92.4,29,18,0
5/27/2017,92.4,82.2,24.5,15.6,23.4
5/28/2017,68.4,83.6,28,16.5,3.2
5/29/2017,70,71,29,16.5,0
5/30/2017,87.4,73.2,26.6,17.5,0
5/31/2017,64.7,76.9,30,16.5,1.5
6/1/2017,69.7,72.7,30.5,18,0
6/2/2017,63.5,71.8,30.4,18.5,0
6/3/2017,64,73.5,29,19.2,0
6/4/2017,59.9,69,32,19.2,0
6/5/2017,94.5,70.4,29.3,21.2,0
6/6/2017,80.2,83.8,28.8,19.5,0.6
6/7/2017,75.3,75.6,27.5,19.4,0
6/8/2017,87.8,79.4,30,19,0
6/9/2017,96.4,78.7,30.2,18,0.7
6/10/2017,68.3,77.6,29.5,19.5,11.5
6/11/2017,64.4,74.4,30,19,0
6/12/2017,59.8,80,31.5,19.6,0
6/13/2017,57.6,61.7,31.2,19.5,0
6/14/2017,79.8,71,31,19.5,0
6/15/2017,69.1,74,30,20.2,0
6/16/2017,72.7,76.4,28.8,20.2,0
6/17/2017,81.6,81.3,30.2,19.4,3.6
6/18/2017,64.6,72.2,31.8,18,0.2
6/19/2017,69.3,69.3,29.8,19.5,0
6/20/2017,80.7,96.4,26.5,19.8,0
6/21/2017,83.3,96.3,28.5,19.3,17.5
6/22/2017,76.2,76,29.8,19.8,6.5
6/23/2017,64.2,69.1,30,20,0
6/24/2017,89.7,84.5,31.2,20,12.5
6/25/2017,75.8,82.8,30,19,30.5
6/26/2017,89.7,84.8,30,20,23.4
6/27/2017,89.5,79.1,30,21.5,1.2
6/28/2017,81.6,87.9,30,21,5.4
6/29/2017,68,82,29.6,19.8,5.2
6/30/2017,79.2,89.7,29.8,21,1.8
7/1/2017,79.1,83.6,28.5,21.2,0
7/2/2017,83.3,83.2,30,20.6,2.6
7/3/2017,85.9,76,28.8,21,4
7/4/2017,83.3,92.2,28.5,20.8,24.5
7/5/2017,96.4,91.3,27.6,21,1
7/6/2017,93.1,88,29.5,20.7,5.1
7/7/2017,77.7,75.4,30.8,21,2
7/8/2017,88.3,88,30.5,20.5,0
7/9/2017,94.6,93,28.2,20.8,14.4
7/10/2017,81.4,91.3,28.4,20.5,19.6
7/11/2017,91.1,86.1,25.2,20,2.5
7/12/2017,69.3,90.9,29.5,19.5,0
7/13/2017,74.6,76.7,30.5,20.4,0
7/14/2017,94.7,76,30,20.5,0
7/15/2017,80.9,89.3,30.5,19.8,16
7/16/2017,92.8,84.8,30,21,9.8
7/17/2017,77,84.5,30.8,20,13
7/18/2017,84.9,86.9,31.5,20.4,1.7
7/19/2017,94.6,80.4,30.5,20.5,3.6
7/20/2017,94.8,86,30,19.5,8.2
7/21/2017,80.6,89.7,28.8,20.8,7.5
7/22/2017,79.2,79.4,31.2,20,2.8
7/23/2017,96.4,82.1,29.8,20.4,5.1
7/24/2017,77.7,91,28,20,30.5
7/25/2017,92.9,98.1,28,20,4.8
7/26/2017,82.2,91.2,28,20.5,8
7/27/2017,74.7,73.8,30.8,19.5,0.4
7/28/2017,96.4,87.7,29.5,19.8,0
7/29/2017,96.3,78.7,29,20.4,33.2
7/30/2017,78.7,91,27,20,61.5
7/31/2017,82.2,84.7,29,20.5,0.4
8/1/2017,83.4,75.1,29.5,20.5,1.5
8/2/2017,91.4,80.4,29,21,10
8/3/2017,88.2,92.9,29.2,20.5,38.5
8/4/2017,85.2,77.5,29.8,21,1
8/5/2017,89.7,83.6,30.5,21,6.5
8/6/2017,93.2,86.8,30.2,21.2,8
8/7/2017,83.4,82.3,29.8,21.5,9.5
8/8/2017,86.4,76.6,29.6,21,0.3
8/9/2017,96.4,87.7,29.5,20.5,10.5
8/10/2017,88,94.5,26.5,21,8.9
8/11/2017,85.2,96.3,27.5,21,19.2
8/12/2017,98.2,96.3,26.5,21.2,11
8/13/2017,78.7,98.1,26.8,19.5,47.1
8/14/2017,83.3,89.2,28.2,19.5,3.3
8/15/2017,79.8,72.9,29.2,20.5,0.6
8/16/2017,83.2,87.9,30,21,4.5
8/17/2017,86.3,86.5,29.2,21.2,0
8/18/2017,83.1,72.4,31.4,20.8,0
8/19/2017,88.1,89.5,27.8,20.4,2.5
8/20/2017,84.5,86.3,28.8,20.5,6.2
8/21/2017,83.5,89.4,28.5,20,14.8
8/22/2017,91.2,92.8,28.4,20.4,14.1
8/23/2017,85.3,96.3,28.5,19.8,42
8/24/2017,96.2,88.9,29.4,19.6,0.4
8/25/2017,76.3,92.7,29.8,19.5,3.1
8/26/2017,79.5,78.6,31.5,18.5,35.4
8/27/2017,84.7,82.2,29.4,20.8,0
8/28/2017,86.1,92.8,30.4,20.5,6.7
8/29/2017,79.5,74,29.5,19.4,0
8/30/2017,82,74.5,31,19.5,0
8/31/2017,88.2,94.4,29.2,19.2,55
9/1/2017,74.9,86.2,28.4,20,0
9/2/2017,84.7,91,28.5,19.5,32.5
9/3/2017,75.8,84.4,29,20,11
9/4/2017,83.3,87.8,30.2,19.5,0
9/5/2017,88.1,87.7,31,18.8,0
9/6/2017,81.9,80.1,30.5,19.8,0
9/7/2017,96.3,82.9,30.5,19.8,0.5
9/8/2017,75.9,87.6,29.6,19.2,7.5
9/9/2017,73.4,78.4,30.4,19.5,0
9/10/2017,90.1,86.2,30.7,19.5,0
9/11/2017,77.7,69.6,30.7,18.8,0
9/12/2017,75.8,83,30.3,19.5,9.2
9/13/2017,74.3,77.8,30,19,0
9/14/2017,74,82.9,30.4,19.2,0
9/15/2017,68.6,85.7,29.8,18.5,0
9/16/2017,76.9,87.8,31.6,18.5,0
9/17/2017,73.5,77.2,31.5,19.8,0.1
9/18/2017,82.8,81.5,28.2,19,11.3
9/19/2017,77.3,80,27.6,20,1.5
9/20/2017,92.8,91.1,28,20.3,0.2
9/21/2017,84.4,96.2,26.8,19.5,7.2
9/22/2017,96.4,87.7,27.4,19.5,0.5
9/23/2017,82,78.5,30.1,19.4,0
9/24/2017,78.9,73.9,31.4,18.6,0
9/25/2017,77.4,72.6,30,19,0
9/26/2017,77,80,29.5,20,0
9/27/2017,75.4,77.4,30.7,17.8,0
9/28/2017,81.2,79.6,28.9,19.5,0
9/29/2017,87.4,82.6,30,19,0
9/30/2017,86,87.5,29.8,19,17
10/1/2017,79.8,82.7,29.4,19.8,0.5
10/2/2017,84.2,82.9,29,19.5,7.2
10/3/2017,82.8,81.1,28.5,18.2,12.9
10/4/2017,81.7,77.7,30,18,0
10/5/2017,78.4,81.4,30.2,19.6,0
10/6/2017,93.7,75.4,31.4,18.5,1.5
10/7/2017,82.9,76.5,31.3,18,11
10/8/2017,68.7,87.3,29.5,17.5,0
10/9/2017,75.9,83.5,29.8,16,0
10/10/2017,82.2,76.2,29.5,17.5,0
10/11/2017,71,83.6,30,17,0
10/12/2017,85.3,76.2,30.2,17.2,0
10/13/2017,78,80.7,29.5,17.4,0
10/14/2017,82.3,94.3,30,18.2,0
10/15/2017,80.1,81.7,27.8,18.3,0
10/16/2017,78.5,88.7,27.8,17.4,0
10/17/2017,68.8,83.4,28.4,17,0
10/18/2017,63.2,74.6,30.5,14.4,0
10/19/2017,75.4,73.5,30,13.5,0
10/20/2017,82.4,81.4,29.5,14,0
10/21/2017,75,70.9,27,15.5,0
10/22/2017,81.8,88.1,27.6,15.7,0
10/23/2017,65.4,83.2,27,15.5,0
10/24/2017,52.9,74.6,26.4,11.4,0
10/25/2017,76.3,73.3,25.2,9.8,0
10/26/2017,80.2,87.2,25.5,11.3,0
10/27/2017,77.6,83.5,26.6,12.2,0
10/28/2017,78.1,89.6,24.5,8.6,0
10/29/2017,70,80.9,24.4,9.5,26.3
10/30/2017,71.7,81.5,24.6,9.2,4
10/31/2017,92,97.6,18,12,0.5
11/1/2017,85.3,100,24,10,1.5
11/2/2017,80,89.1,24.5,11.5,0
11/3/2017,76.7,88.8,25.6,10.5,0
11/4/2017,73.8,86.8,26,10.8,0
11/5/2017,78.1,84.9,25.6,11,0
11/6/2017,71,88.9,25.6,10.8,0
11/7/2017,76.6,86.5,26,10.5,0
11/8/2017,81.9,88.9,25.4,10.5,0
11/9/2017,93.8,91,25,10.4,0
11/10/2017,73.6,88.2,24.6,9.6,0
11/11/2017,73.5,86.2,24.5,9.4,0
11/12/2017,70,88.2,24.8,9,0
11/13/2017,76.8,90.4,23.8,9.2,0
11/14/2017,77,93,23.5,9.2,0
11/15/2017,73.5,92.8,23.4,9,0
11/16/2017,73.8,90.6,21.8,10.5,0
11/17/2017,77.9,83.7,24.8,9.6,0
11/18/2017,67.7,92.9,25.5,9.8,0
11/19/2017,60,85.8,24.8,9.3,0
11/20/2017,59.2,85.5,24.5,8.4,0
11/21/2017,68.6,87.3,23.5,7.5,0
11/22/2017,70,94.8,22.5,7.8,0
11/23/2017,65.7,89.6,21.8,7.2,0
11/24/2017,71.7,92.1,21.5,7.3,0
11/25/2017,74.8,89.8,21.5,6.8,0
11/26/2017,75.6,92,21.6,6.8,0
11/27/2017,75.8,92,20.8,7,0
11/28/2017,83.7,94.6,21.2,6.8,0
11/29/2017,79.5,97.3,20,7,0
11/30/2017,79.4,93.5,19.5,6.8,0
12/1/2017,77.1,92.1,20,6.4,0
12/2/2017,66.7,94.4,20.5,5.6,0
12/3/2017,66.2,97.1,20.5,5.8,0
12/4/2017,71,94.4,20.2,5.8,0
12/5/2017,69.2,91.7,20.8,6.2,0
12/6/2017,68.4,80.4,22.2,9.5,0.1
12/7/2017,72.6,94.7,21.4,7.6,0
12/8/2017,74.5,97.4,22,8.2,0
12/9/2017,74.6,97.3,21.8,7.8,0
12/10/2017,62.4,100,23.4,6.8,0
12/11/2017,70.2,94.7,23.2,7,0
12/12/2017,59.1,97.2,22.8,6.8,0
12/13/2017,63.9,86.5,21.8,5.5,0
12/14/2017,54.5,97,21.5,4.8,0
12/15/2017,59.8,90.8,21.2,3,0
12/16/2017,71.8,90.4,20,2.8,0
12/17/2017,73.1,96.8,19.8,3,0
12/18/2017,72.2,100,18.8,4.6,0
12/19/2017,76.8,94.2,19.8,5.4,0
12/20/2017,77.4,91.8,19.5,5.6,0
12/21/2017,68.6,97.1,19.8,5.8,0
12/22/2017,73.3,97,20,5,0
12/23/2017,64.1,96.9,19,4,0
12/24/2017,76.5,87.6,19.5,7.3,0
12/25/2017,74,97.1,19.5,4.8,0
12/26/2017,70.4,100,20,5,0
12/27/2017,70.1,96.9,21.5,3.8,0
12/28/2017,48.5,93.5,21.4,3.3,0
12/29/2017,57.7,90.4,21.4,3,0
12/30/2017,61.7,85.5,20.5,3.8,0
12/31/2017,72,93.9,20,3.8,0
1/1/2018,91.3,64.5,19.8,6.3,0
1/2/2018,96.8,68.4,18.5,3.3,0
1/3/2018,96.5,55.3,18,2.2,0
1/4/2018,86.5,63.2,19.5,1.5,0
1/5/2018,96.5,66.1,17.6,1.6,0
1/6/2018,96.5,51.6,17.5,1.6,0
1/7/2018,85,57.3,17,0,0
1/8/2018,89.2,63.1,16.5,0,0
1/9/2018,92.9,59.2,17.1,0,0
1/10/2018,96.5,67.9,17,0.6,0
1/11/2018,100,65.8,17.5,1.8,0
1/12/2018,100,67.5,18.5,2.4,0
1/13/2018,96.9,69.3,18.6,3.4,0
1/14/2018,100,71.8,19.4,5,0
1/15/2018,96.9,71,19.4,3.2,0
1/16/2018,93.7,67.9,19.6,3.6,0
1/17/2018,96.9,70.6,20.2,4,0
1/18/2018,96.9,70.6,20.2,4,0
1/19/2018,96.9,65.1,20.3,6,0
1/20/2018,96.9,69.6,19.6,3.6,0
1/21/2018,79.4,70.1,19,6.7,0
1/22/2018,97,63.9,20.5,4.6,0
1/23/2018,97,65.7,20.5,4.5,0
1/24/2018,89.3,81.2,13.5,7.3,1.5
1/25/2018,100,73.3,18.5,2.4,4.6
1/26/2018,100,81.4,18.2,3.4,0
1/27/2018,93.8,66.3,18.5,3.6,0
1/28/2018,87.5,72.7,19,2.3,0
1/29/2018,96.7,74.9,17.7,2,0
1/30/2018,94.1,73.3,18.2,4.5,0
1/31/2018,91.4,80.3,16.8,4.5,0
2/1/2018,86,70.1,18.2,6.5,0
2/2/2018,97,65.7,20,4.3,0
2/3/2018,94.5,64.2,21,6.5,0
2/4/2018,100,42.6,21.8,4.5,0
2/5/2018,87.8,41.1,23.6,4,0
2/6/2018,72.5,43.7,24.8,8.5,0
2/7/2018,81.6,36.3,21,6.8,0
2/8/2018,79.6,37.4,23.2,5,0
2/9/2018,71.6,32,24,6,0
2/10/2018,75,38.7,24.2,3,0
2/11/2018,70.9,40.6,23.4,3,0
2/12/2018,78.4,61.7,20,7,1.5
2/13/2018,92,58.5,19.2,8.4,0
2/14/2018,91.8,50.2,22.6,6.5,0
2/15/2018,86.5,65.5,24.5,5,0
2/16/2018,87.6,69.6,23.4,8,0
2/17/2018,85.9,68.8,23.3,10,0
2/18/2018,91.9,63.2,22.8,6.7,0
2/19/2018,87,70,22.6,7,0
2/20/2018,89.6,63.2,22.6,7,0
2/21/2018,87.2,67,23.2,7.5,0
2/22/2018,87.1,68.6,23.2,7.2,0
2/23/2018,85.5,65.7,22.5,8.5,0
2/24/2018,81,66.2,24,8.2,0
2/25/2018,92.5,47.9,24.3,8.5,0
2/26/2018,68.6,68.1,25.5,8,0
2/27/2018,84.2,70.8,25,10.5,0
2/28/2018,86.8,64.6,24,12.5,0
3/1/2018,84.6,60.3,25.5,11.5,0
3/2/2018,92.9,60.5,25.8,11,0
3/3/2018,74.8,58.7,26.2,8,2.6
3/4/2018,81.6,49.3,28.5,10.2,0
3/5/2018,67.6,44.7,26.4,9,0
3/6/2018,60.6,39.5,26,9.6,0
3/7/2018,66.5,32.2,27,8.2,0
3/8/2018,83.7,62.6,25.5,9.8,0
3/9/2018,79.9,48.9,26,9.5,0
3/10/2018,73.5,57.5,26.6,9.5,0
3/11/2018,81.3,97.6,25.8,10,0
3/12/2018,92.8,67.7,24.2,9,14.3
3/13/2018,72.4,65.4,25,10.5,0.2
3/14/2018,88.8,60.1,27,11,0
3/15/2018,86.9,49.3,25,11.8,0
3/16/2018,76.2,47.6,26,9,5
3/17/2018,69,33,27,9,0
3/18/2018,61.4,46.3,26.4,8,0
3/19/2018,66.9,49.3,27.5,9.3,0
3/20/2018,69,46.8,28,10,0
3/21/2018,71.2,43.6,28.3,11.3,0
3/22/2018,71.2,35,27.7,11.5,0
3/23/2018,63.2,44.8,28.5,11,0
3/24/2018,58.2,39.1,28.5,10.5,0
3/25/2018,57.9,46.6,28.2,10.6,0
3/26/2018,68.4,79.3,26.2,10.8,0
3/27/2018,69.4,46.5,29.5,9.4,0.6
3/28/2018,68.1,60.4,27.4,12,0
3/29/2018,70,35.9,27.4,11.8,3
3/30/2018,69.4,36.9,25.5,11.2,2
3/31/2018,58.8,47.1,26.8,10.5,0
4/1/2018,63.4,43.9,26.5,11.5,11.5
4/2/2018,66.2,68.8,21,14.5,0
4/3/2018,79.5,71.8,16.8,11.5,51.2
4/4/2018,76.7,93.3,24.5,13,3.2
4/5/2018,91.4,60,24.5,13.4,17.7
4/6/2018,69.5,59.1,27.6,13,0
4/7/2018,79,56.7,24.5,14.8,6.2
4/8/2018,77.8,59.5,26.5,12.5,0
4/9/2018,83.1,72.8,25.8,14,2.8
4/10/2018,74.5,57.5,24.5,13.8,0
4/11/2018,66.4,66,26.8,13.5,0
4/12/2018,70.1,58.9,25.5,11.5,0.2
4/13/2018,49.6,41.4,27.3,12,0
4/14/2018,56.4,34.2,28,11.5,0
4/15/2018,55.5,44,27.5,11.5,0
4/16/2018,67.9,49.6,28,13.5,0
4/17/2018,74.4,60,27.3,14,9.5
4/18/2018,75.2,62.8,27.6,13.5,3.2
4/19/2018,77.8,44.8,27.3,16.4,0
4/20/2018,72.5,46.2,29,15,1.5
4/21/2018,55.2,40.1,30,13.5,0
4/22/2018,50.8,27.9,30.2,13,0
4/23/2018,47.6,44,30,12.4,0
4/24/2018,49.8,52.6,28.8,12.5,0
4/25/2018,59.9,44.5,27.2,14,0
4/26/2018,68.7,77.2,26.2,14.7,0
4/27/2018,68.6,76.4,27,12.2,2.2
4/28/2018,95.6,82.3,25.5,10.5,33
4/29/2018,90,71.5,22.8,15.2,6.3
4/30/2018,78.6,80.7,22.8,14.8,0.3
5/1/2018,76.9,91.9,27.2,13,0
5/2/2018,81.5,61.9,26.6,16.2,13
5/3/2018,89.7,86.1,22,16.4,1.3
5/4/2018,74.6,72.6,25.6,14,1.6
5/5/2018,84.5,63.2,28,16,0.5
5/6/2018,86.3,65.1,27,16.5,0
5/7/2018,71.5,55.4,29,15.5,0
5/8/2018,73.4,37.5,30,14.6,0.6
5/9/2018,56.8,47.2,29.5,14,2.3
5/10/2018,51.9,59.6,28,16,0
5/11/2018,54.2,62.8,25.5,13,0
5/12/2018,71.2,63.5,26.8,16,0
5/13/2018,72.8,82.2,26,18.6,0
5/14/2018,93.8,82.3,20.5,15.8,21
5/15/2018,75.6,55.5,26.5,13.5,0.6
5/16/2018,66.2,67.7,26.8,14.5,0
5/17/2018,91.9,70.8,25.7,16.5,10
5/18/2018,80,68.7,26.4,16.8,0.3
5/19/2018,71.4,87.2,26.7,17.5,0
5/20/2018,79,68.3,27.5,16.5,10.6
5/21/2018,76.4,89.2,30,18.5,0
5/22/2018,73,78.9,29.4,18.6,7.5
5/23/2018,77.4,73.4,29,20.6,0
5/24/2018,98.1,58.8,29.8,19.4,16.3
5/25/2018,70.8,52.6,31,18.5,0.2
5/26/2018,80.1,54.1,31.5,19,0.5
5/27/2018,73.6,57.2,31.5,18.5,0
5/28/2018,60.5,68.7,30,15,0
5/29/2018,79.8,58.4,28,14.8,2.6
5/30/2018,75.8,88.7,27,15.2,42
5/31/2018,85.6,76.8,28.4,17,23.8
6/1/2018,92.2,67,28.5,16.8,7.1
6/2/2018,85.4,71.2,28.5,18.5,0.5
6/3/2018,70.4,75.2,29.6,16.6,0
6/4/2018,73.9,98.2,29.8,18.8,1
6/5/2018,92.3,69.7,31.2,19,42.5
6/6/2018,70.5,62.6,30.8,19,0
6/7/2018,84.8,84.8,29.5,19,69.9
6/8/2018,86.1,61.3,27,19.5,17.2
6/9/2018,70,80.6,31,20.5,0.2
6/10/2018,77.1,66.4,31.5,20.2,1.8
6/11/2018,72.4,69.4,30.5,19.4,0
6/12/2018,81.6,64.9,30,19,14.5
6/13/2018,77.8,74.7,30.2,20.2,0
6/14/2018,73.8,78.7,29,20.2,0
6/15/2018,96.2,81.2,27,19.5,7
6/16/2018,91,82.8,25.8,19,5.7
6/17/2018,91,93.8,26.6,19.6,10.8
6/18/2018,77.1,68.4,30.2,18.8,15.6
6/19/2018,73.1,55.3,31,19.5,0
6/20/2018,71.9,66.5,30.5,19,0
6/21/2018,91.1,72.3,30.4,20.2,2
6/22/2018,72,74.9,29.5,19.4,0
6/23/2018,96.3,85.2,29.6,20.4,5.8
6/24/2018,76.2,78.9,30,20.5,0.3
6/25/2018,82.9,73,29,20,8.8
6/26/2018,91,77.9,30,18.6,23.2
6/27/2018,82,76.4,30,20,2.5
6/28/2018,91.2,76,30.5,20,0
6/29/2018,81.6,73.3,27.3,19.5,0
6/30/2018,94.5,75.8,27.5,19.5,3.6
7/1/2018,94.5,86.4,24.5,20.5,4
7/2/2018,98.1,96.4,22.8,20.2,15
7/3/2018,92.7,78.9,27,19.5,33.2
7/4/2018,89.5,69.6,28.8,20,2
7/5/2018,78,91,29.6,20,0.3
7/6/2018,88.2,76.4,31.4,20.5,38
7/7/2018,72.7,76.7,32.6,20.8,0
7/8/2018,91.2,84.9,27.8,21.4,7.4
7/9/2018,83.3,80.7,27.5,20.5,18.3
7/10/2018,93,86.7,27.6,20.5,18
7/11/2018,90.5,94.6,30.2,20.5,20.2
7/12/2018,98.1,85,28.8,20.2,93.6
7/13/2018,89.5,80.5,30.5,20.8,5.2
7/14/2018,86,98.2,31,20.8,1.2
7/15/2018,86.2,78.5,31.5,20.4,17.3
7/16/2018,89.5,88.9,30.8,20.4,14.2
7/17/2018,85.1,83.7,30.8,22.2,0
7/18/2018,91.2,79.3,31.6,21.2,0
7/19/2018,79.9,96.4,32.5,21.4,0.2
7/20/2018,72.1,93.1,33.3,21.5,16.6
7/21/2018,86.5,92,29.5,20.5,17.4
7/22/2018,83.3,80.5,31.2,20.5,3.2
7/23/2018,84.6,83.6,30.5,20.6,29.4
7/24/2018,88.1,88.1,29.5,20.8,0
7/25/2018,86.5,88.1,29.5,20.8,33
7/26/2018,86.6,77.8,29.5,20.8,3.6
7/27/2018,86.8,93,29.5,20.5,6.4
7/28/2018,98.2,83.3,29.3,21,3.5
7/29/2018,84.8,86.4,29.3,21.2,3.6
7/30/2018,89.5,81.8,27.5,20.4,3.8
7/31/2018,75.9,91,29,20,0.3
8/1/2018,91.2,100,27.7,20,15
8/2/2018,92.9,94.6,28.6,20,15
8/3/2018,87.8,93,26.5,20.5,4.2
8/4/2018,92.9,93.1,26.4,20.2,6
8/5/2018,94.6,86.6,26.5,20.2,32.2
8/6/2018,96.3,92.8,24,20,44
8/7/2018,91.1,92.2,31,19.5,7.2
8/8/2018,79.1,83.7,31,19.6,13.3
8/9/2018,78.6,96.5,31.3,20,0.6
8/10/2018,88.3,91.3,29,21.2,18.3
8/11/2018,87.5,84.6,28.8,20,45.6
8/12/2018,89.5,94.6,25.5,20.2,0
8/13/2018,100,87.9,28.3,20.5,6.4
8/14/2018,91.2,77.8,30.2,20.4,12.6
8/15/2018,84.9,100,30.2,19.5,37.2
8/16/2018,93,88.2,30.6,20.3,13.2
8/17/2018,86.6,94.8,30.4,20.5,1
8/18/2018,89.5,77.9,31,20.4,13.5
8/19/2018,86.3,71.1,29,20.5,5.6
8/20/2018,86.1,85.2,30.2,19.8,1.1
8/21/2018,90.4,94.8,29.5,21,0.7
8/22/2018,87.8,82.1,29.3,20,9.2
8/23/2018,84.6,81.7,29.5,20.2,6.4
8/24/2018,89.6,87.7,28,20.5,15.8
8/25/2018,96.3,84.9,26,20.5,10.4
8/26/2018,86,78.4,30,20.2,1.8
8/27/2018,87.9,94.6,30.5,20.5,0.6
8/28/2018,96.4,86.4,26.5,20.5,38.2
8/29/2018,81.7,86.1,29.5,20.2,3
8/30/2018,92.7,92.9,26.6,20.2,23.9
8/31/2018,81.4,89.7,29.7,20,0.8
9/1/2018,86,83.2,30.8,19.4,1.8
9/2/2018,91.1,86,26.8,20,28.3
9/3/2018,91.1,80.2,27,20.4,0.4
9/4/2018,72.5,73.8,30.6,20,0
9/5/2018,83.2,80.7,31.5,20,0
9/6/2018,87.7,98.1,31.5,20,9.8
9/7/2018,84.9,77.4,30,22.4,34.5
9/8/2018,80,80.4,30.6,19.4,0
9/9/2018,85.3,77.5,30.5,20.8,0
9/10/2018,94.4,94.5,29,20.5,5.7
9/11/2018,94.3,90.8,24.5,18.5,10.9
9/12/2018,81.2,75.1,28.2,19,0.6
9/13/2018,79.4,92.5,29,19.2,0
9/14/2018,86.1,78.9,29.5,19.2,3
9/15/2018,86,79.5,30.4,19,0
9/16/2018,83.8,78.1,29.2,19,0.2
9/17/2018,79.2,79.7,30.5,19,0.5
9/18/2018,80.8,80.5,31,19,0
9/19/2018,81.4,100,31,19,0
9/20/2018,92.6,84.3,29.5,18.5,24
9/21/2018,89.1,91,27.5,19.4,5.4
9/22/2018,89.2,94.5,26.4,19,0.6
9/23/2018,84.4,73.5,29.2,18.5,0.9
9/24/2018,90.7,71.7,29.6,18,0
9/25/2018,81.8,76.5,29.5,18.5,0
9/26/2018,80.8,81.5,29.5,17.8,0
9/27/2018,80.2,81.2,30.7,19.5,0
9/28/2018,77.1,79.8,29.4,17.5,0
9/29/2018,85.7,81.4,30,17,0
9/30/2018,81.4,74.4,30.5,18.6,0
10/1/2018,82.8,72.7,30.2,18,0
10/2/2018,79.5,77.4,28.3,15.6,0
10/3/2018,80,80.5,28,15.2,0
10/4/2018,78.9,85,27,15.5,0
10/5/2018,84.1,77.5,27.2,14.6,0
10/6/2018,76.5,88.1,27.6,14.4,0
10/7/2018,86,86.1,26,13.7,2.3
10/8/2018,78.9,72.3,26,12.2,9.1
10/9/2018,83.6,75.7,26.4,12.5,0
10/10/2018,85.7,98.1,27,14,0
10/11/2018,92.1,98.1,26.4,15.2,0.5
10/12/2018,86,75.8,26.5,15.5,0
10/13/2018,77.4,72.5,26.4,14,0
10/14/2018,75.4,72.5,27,13.5,0
10/15/2018,78.1,79.1,27,12,0
10/16/2018,76.5,77,25.7,13.5,0
10/17/2018,76.9,77.2,25.7,13.6,0
10/18/2018,83.7,94.2,26.1,12.4,0
10/19/2018,97.8,75,25.8,12,0
10/20/2018,83.4,75,25.7,11.5,0
10/21/2018,80.1,70.7,26,12.4,0
10/22/2018,83.2,46.8,25.2,11.8,0
10/23/2018,77.9,59.5,24.5,9.6,0
10/24/2018,74,62.2,24.5,9,0
10/25/2018,74,70,24.4,8.8,0
10/26/2018,51,60.6,25,9.2,0
10/27/2018,75.4,57.4,25.5,8,0
10/28/2018,72.7,62.7,25,8,0
10/29/2018,67.7,70.1,25,9.5,0
10/30/2018,84.6,61.1,26.5,10.4,0
10/31/2018,78.6,57.7,26.8,10,0
11/1/2018,77.7,69.4,26.5,9.6,0
11/2/2018,84.2,51.8,25.5,9.5,0
11/3/2018,70,68.4,25,9.6,0
11/4/2018,69.7,54.1,24.2,8.6,0
11/5/2018,71.9,52.4,23.4,8,0
11/6/2018,78.2,68.4,23.5,6.5,0
11/7/2018,74.9,68,23.4,7,0
11/8/2018,92.4,74.6,23.5,7.8,0
11/9/2018,92.4,78.3,23.5,8,0
11/10/2018,89.3,74.3,22.6,9.1,0
11/11/2018,89.9,70.4,23,8,0
11/12/2018,80.1,68.2,22.5,7.6,0
11/13/2018,88.1,72.6,22.5,9.2,0
11/14/2018,92.6,67.8,22,8,0
11/15/2018,85,61.2,23,7.5,0
11/16/2018,92.3,63.2,22.8,7.4,0
11/17/2018,81.8,73.1,22,6,0
11/18/2018,94.6,77.6,21,6,0
11/19/2018,97.3,76.8,20.5,7.5,0
11/20/2018,97.3,81.5,21.4,6.5,0
11/21/2018,94.9,79.8,20.6,8,0
11/22/2018,96.2,74,21.5,9,0
11/23/2018,97.3,73.8,22.8,7,0
11/24/2018,94.6,71.7,21.5,7,0
11/25/2018,97.4,68.2,22.6,7,0
11/26/2018,92.2,77.3,23,6.6,0
11/27/2018,94.8,77.4,22.2,7,0
11/28/2018,97.4,74.3,21.5,7.5,0
11/29/2018,90.2,91,22.5,8.8,0
11/30/2018,94.9,77.3,20.5,9,0
12/1/2018,93.6,81,19.5,7.4,0
12/2/2018,88.6,74.6,20.5,8,0
12/3/2018,93.3,88.2,20,6.5,0
12/4/2018,97.2,73.9,19.8,6,0
12/5/2018,97.2,73.9,19,5.9,0
12/6/2018,97.1,69.9,19.5,5.5,0
12/7/2018,94.6,72.4,19.5,5.5,0
12/8/2018,91.7,71.6,19.3,4.4,0
12/9/2018,97,73.5,20,4.4,0
12/10/2018,97.1,69.1,19.8,4.8,0
12/11/2018,88.6,69.1,19.5,4,0
12/12/2018,91,61.7,19.2,3.5,0
12/13/2018,94,74.7,19,4.6,0
12/14/2018,96.9,66.3,20,3.2,0
12/15/2018,94.1,57.5,19.8,3,0
12/16/2018,93.8,53.2,20.1,3,0
12/17/2018,87.6,55.6,16.4,2.5,0
12/18/2018,83.1,70.1,16.2,7,0
12/19/2018,82.2,78.2,19,6,0
12/20/2018,98.4,78.2,19,3.3,0
12/21/2018,81.6,76.2,17.4,7,0
12/22/2018,89.4,68.4,17.4,7.5,0
12/23/2018,96.8,68.4,18.8,3.3,0
12/24/2018,96.9,72.7,18.8,3.4,0
12/25/2018,93.9,70.7,19,2.6,0
12/26/2018,93.4,74.2,17.5,1.5,0
12/27/2018,93.9,76,17,5.5,0
12/28/2018,96.7,69.9,15.9,1.4,0
12/29/2018,98.2,62.7,16.8,1.5,0
12/30/2018,98.2,57.2,18.5,1,0
12/31/2018,96.4,60.9,18.5,0.5,0
1/1/2019,96.5,60.3,19.2,1.2,0
1/2/2019,94.8,49.2,17.9,1.4,0
1/3/2019,93.2,62.7,17.8,1,0
1/4/2019,93,67.2,17,1.5,0
1/5/2019,93,67.2,17,1.5,0
1/6/2019,93.2,59.7,18.2,1.8,0
1/7/2019,85.7,56.2,15.6,6.5,0.6
1/8/2019,93.1,51.5,19.5,1.8,0
1/9/2019,82.6,79.7,19,4.5,0
1/10/2019,96.8,79.4,18,3,0
1/11/2019,96.8,72.9,18,4.4,0
1/12/2019,91.2,62.8,17.5,4.4,0
1/13/2019,96.7,67.9,19,2.9,0
1/14/2019,96.8,53.6,19.2,2.9,0
1/15/2019,93.5,57.1,19.2,2.2,0
1/16/2019,93.7,67.4,18.2,2.9,0
1/17/2019,96.9,66.8,18.5,3.2,0
1/18/2019,93.5,69.7,19.2,3.4,0
1/19/2019,93.7,62,18.8,3.8,0
1/20/2019,96.8,59.8,19.5,3.3,0
1/21/2019,92.6,54.8,20.8,3.8,0
1/22/2019,94.1,57.4,19.6,5,0
1/23/2019,97.2,89.3,12,8.1,10.1
1/24/2019,96.9,56.5,18.5,4.6,4.2
1/25/2019,93.9,62.5,18,5,0
1/26/2019,91.7,82.2,13.4,7.8,3.5
1/27/2019,100,65.8,19.2,6.8,0.7
1/28/2019,96.8,64.5,18.5,3.5,0
1/29/2019,96.8,75.1,18.2,3.3,0
1/30/2019,76.6,56.5,18.5,1.9,0
1/31/2019,85.4,65,18.3,3.2,0
2/1/2019,91.5,61.2,19.6,6.8,0
2/2/2019,96.9,60.9,21,3.8,0
2/3/2019,89.2,68.9,21.7,3,0
2/4/2019,92.5,66,22.4,4,0
2/5/2019,91.4,65.7,20.8,4.8,0
2/6/2019,90.5,61,21.8,6,0
2/7/2019,97.3,61,21.8,7.8,2.5
2/8/2019,97.3,76.3,16.9,8.6,18.3
2/9/2019,93.9,70.1,13,6,21.5
2/10/2019,90.6,55.9,18.5,2.2,7.7
2/11/2019,83.8,70,21,5.7,0
2/12/2019,100,67.2,21,5,0
2/13/2019,97.3,68.4,21.8,5.7,0
2/14/2019,96.1,74,19.6,7.7,0
2/15/2019,89.9,66,21.7,9.6,0
2/16/2019,82.9,78,20.3,8.4,0
2/17/2019,97,64.6,19.5,4.6,5
2/18/2019,94.3,74.9,22,4.8,0
2/19/2019,97.3,55.4,19.3,7.5,1.2
2/20/2019,93.1,60.1,22.8,5.2,0
2/21/2019,84.7,52.6,25,6.8,0
2/22/2019,85.5,48.3,25.7,6.8,0
2/23/2019,78.3,42,25.5,7.4,0
2/24/2019,80.4,40.7,21.8,6.8,0
2/25/2019,58.2,44.1,21.5,8.3,0
2/26/2019,59.4,42.6,22.5,7.3,0
2/27/2019,47.7,87.1,16.5,8.6,0
2/28/2019,90.2,64.5,16.5,2,29
3/1/2019,88.2,66.5,20.8,2.8,0
3/2/2019,84.8,58.8,20.2,4.6,0
3/3/2019,94.6,69,20.5,6.8,0
3/4/2019,96,57.9,24.2,6.1,0
3/5/2019,74.3,53.7,23.4,7.4,0
3/6/2019,76.9,56.6,23.4,5.4,0
3/7/2019,77.7,56.6,23.4,6,0
3/8/2019,76.7,61,22.5,6.8,0
3/9/2019,75.9,49.8,24,6.6,0
3/10/2019,74.6,44.6,25,7,0
3/11/2019,72.9,49.6,26.5,7.2,0
3/12/2019,78.3,29.5,26.8,7.4,0
3/13/2019,58.3,32.3,29,7.6,0
3/14/2019,64.1,34.2,27.3,12.2,0
3/15/2019,55.8,37.1,27,9.4,0
3/16/2019,61.7,45.1,27,7.8,0
3/17/2019,59.3,51.5,27.2,8.8,0
3/18/2019,63.6,87.8,26,11.5,0
3/19/2019,79.1,72.2,24.5,7.4,4
3/20/2019,91.4,72.4,24.6,7.6,11
3/21/2019,85.9,39.7,26.3,7.5,0.6
3/22/2019,63.2,37.8,27.6,8.8,0
3/23/2019,62.5,54.7,27.7,8.6,0
3/24/2019,70.6,59.3,27.8,9.4,0
3/25/2019,80.8,60.3,26.5,11,0
3/26/2019,90.7,88.3,21.2,11,5.8
3/27/2019,90.4,60.3,24.4,8,16
3/28/2019,77.1,58,27.1,9,0
3/29/2019,70.1,65.3,25,14,0
3/30/2019,85.5,70.9,24,13.6,0
3/31/2019,88.6,67.8,27,13.4,0
4/1/2019,67.5,49.1,27.7,9.5,3.5
4/2/2019,58.2,55.7,27,10.4,0
4/3/2019,68.6,66.3,26.6,11.2,0
4/4/2019,69.3,80.6,26,14.8,0
4/5/2019,97.8,58.6,24,14,3
4/6/2019,96.4,87.5,17.6,12.2,9.7
4/7/2019,95.4,73.9,22.2,13,6.8
4/8/2019,82.7,78.4,25.8,10.6,2.4
4/9/2019,95.4,65.4,24.4,13.3,5.5
4/10/2019,80.1,68.2,26.3,14.5,1.1
4/11/2019,79.5,69.2,28.2,14.2,0
4/12/2019,76,62.1,29,14.8,0
4/13/2019,86.5,64,29.5,16,0
4/14/2019,84.9,88.2,27.8,16.8,0
4/15/2019,83.9,71.7,28.6,15,4
4/16/2019,87.2,67,29.6,16,9
4/17/2019,76.3,73.9,27,14,6.5
4/18/2019,71.5,54.3,29.7,11.7,0.2
4/19/2019,63,97.5,28,11.5,0
4/20/2019,70.5,58.6,26.8,10,31.4
4/21/2019,74.4,74.4,27,12.4,0
4/22/2019,74.9,90,27.2,12.5,0.5
4/23/2019,89.8,70.8,26.2,12.6,5.6
4/24/2019,77.5,73.8,28.9,14,0
4/25/2019,70.8,84.2,28.6,15.2,3.4
4/26/2019,91.7,69.2,27.4,14.4,1.6
4/27/2019,61.3,64.8,29.8,16.8,8.6
4/28/2019,70.4,64.8,29.8,17.8,0
4/29/2019,70.5,60,31.3,18.2,0
4/30/2019,70.7,58,30.8,16.4,0
5/1/2019,52.2,47.1,32.5,16.5,2.5
5/2/2019,55.3,47.4,31.9,15,0
5/3/2019,70.5,84.3,26.6,16.6,6.2
5/4/2019,74.7,55.9,27.4,14.5,0
5/5/2019,69.5,43.3,30.4,15.5,0
5/6/2019,57.3,44.6,30,14,0
5/7/2019,61.5,50.9,31.3,14,0
5/8/2019,64.2,49.8,30.8,15,0
5/9/2019,67.6,51.8,31.3,15.6,0
5/10/2019,63.8,47.6,32.3,16,0
5/11/2019,64.4,59,31.5,17.4,0
5/12/2019,56.3,64.3,32.2,14.8,0
5/13/2019,91.4,53.3,26,13,7.8
5/14/2019,63.8,64.5,30.2,14.9,0
5/15/2019,61.1,64,28.5,15.5,1.2
5/16/2019,81.9,60.6,28.4,15.5,5.9
5/17/2019,60.1,56,30,14,0.7
5/18/2019,62.1,33.9,31,15.5,0
5/19/2019,52.9,55.1,31,14.4,1
5/20/2019,58.6,45.4,32,16.3,0
5/21/2019,61,58.8,32.6,18.6,0
5/22/2019,62.3,60.1,32.4,17.4,0
5/23/2019,74,58.8,30,15.5,3.5
5/24/2019,71.2,61.7,31.4,17.8,0
5/25/2019,65.8,51.3,32,16.8,0.2
5/26/2019,62.3,55.4,31.2,15.4,1.1
5/27/2019,65.1,51,32.7,16.7,0
5/28/2019,52.4,54.5,32,16.2,0
5/29/2019,65.5,91,31.3,17.8,0
5/30/2019,75.1,93.8,30,16.5,19.5
5/31/2019,92,63.5,29,16.4,5.5
6/1/2019,68,92.8,30.2,17.4,0
6/2/2019,81.5,71,29.8,15.2,12.5
6/3/2019,81.1,69.8,29.8,18,11.6
6/4/2019,68.9,60.9,28,16.6,0
6/5/2019,74.3,75.2,30.3,19,0
6/6/2019,80.5,86.2,28.8,20,0.2
6/7/2019,70.8,61.9,30.2,17,21.6
6/8/2019,67.3,57.1,31.5,18,0
6/9/2019,70.8,70,31.8,19.5,0
6/10/2019,76.8,74.1,30.3,18.5,4.3
6/11/2019,65.2,62.6,30.5,18.5,0
6/12/2019,62.3,66,30.6,19.7,0
6/13/2019,67.1,65.4,32,18.7,0
6/14/2019,78.8,56.4,33.5,20.5,0
6/15/2019,70.3,58.5,33,19.4,9.7
6/16/2019,59.5,53.3,32.5,19.4,0
6/17/2019,70,69,31.5,20.8,0
6/18/2019,77.9,62.1,30.8,18,14.5
6/19/2019,67.4,63.7,31.1,18.8,1.2
6/20/2019,78.1,57.4,31,19.6,0.9
6/21/2019,70,64.1,31.8,20,0
6/22/2019,83.7,94.4,28.7,20,7.5
6/23/2019,84,78.8,29.6,19.5,24.4
6/24/2019,77.1,69.4,32.2,21.5,2.5
6/25/2019,76.3,10.2,31.2,21,0
6/26/2019,75.3,75,30.2,21,0
6/27/2019,86.3,64.7,30.5,20,4.5
6/28/2019,88,62.8,30,20.5,5
6/29/2019,75.9,70,30.5,20.8,0
6/30/2019,74,75.1,30.5,21.2,6
7/1/2019,71,92.2,32.6,20,0
7/2/2019,75.4,80.1,31.8,20.5,28
7/3/2019,74.2,78.8,30.6,21.2,1.2
7/4/2019,67.3,80.8,30.7,22,0
7/5/2019,74.9,86.4,31,22,0
7/6/2019,71,93,31.4,21,2
7/7/2019,79.9,94.7,28.4,20,71.5
7/8/2019,83.4,84.9,29,21,5.3
7/9/2019,81.6,94.6,25.4,21.2,0.4
7/10/2019,96.4,82.1,25.7,20.4,15.4
7/11/2019,92.8,87.5,27,20.1,15.9
7/12/2019,98.1,98,20.4,18.2,50.7
7/13/2019,96.1,85.9,24.2,18.2,103.5
7/14/2019,96.3,92.8,27,19.3,1.3
7/15/2019,98.1,69.4,28,19,29.5
7/16/2019,84.6,73.4,29.2,19.2,6.5
7/17/2019,77,68.9,30.6,19.6,0
7/18/2019,84.8,76.4,29.2,19.7,51.7
7/19/2019,86.2,93.1,29.8,20.4,15
7/20/2019,93.8,79.2,30,21,33.2
7/21/2019,76.3,77.7,30.7,20,8.3
7/22/2019,94.6,67.3,29.8,20.4,0.5
7/23/2019,100,82.3,27.1,20.6,17.3
7/24/2019,92.8,92.7,22.7,21,5.8
7/25/2019,91.1,75,28.5,20,0
7/26/2019,83.3,92.9,28.6,20.6,0.2
7/27/2019,77.7,83.3,28.8,20.5,14
7/28/2019,74.6,73.4,30.5,20.6,8.2
7/29/2019,70.6,78.9,31.2,21,0
7/30/2019,63,78.6,30.5,20.8,0
7/31/2019,77.1,82.3,31.1,20.6,0
8/1/2019,74.6,77.1,30.5,20.5,0
8/2/2019,68.4,81.6,31.3,21,0
8/3/2019,77.3,73.1,29.3,21,3.8
8/4/2019,88,77.9,27.5,21.5,0
8/5/2019,94.6,90.9,30.4,20.6,10.4
8/6/2019,83.4,81.7,31,21,11.6
8/7/2019,81.7,83.6,29.5,20,23.8
8/8/2019,80.1,78.7,31.6,20.4,2.7
8/9/2019,75.8,77.9,30.2,20.5,0.5
8/10/2019,77,74,31,20.5,0
8/11/2019,84,67.3,31.5,20,20
8/12/2019,70.2,88.2,33,22,0
8/13/2019,87.9,78.7,30.3,19.8,16.8
8/14/2019,71.2,77.9,30.5,21.5,0.8
8/15/2019,80.5,81.4,28.8,20.5,0
8/16/2019,98.2,93,29.5,20,26
8/17/2019,78,92.8,30.4,20,12.2
8/18/2019,86.4,89.6,31.2,21.2,3.5
8/19/2019,73.1,81.8,30.8,20.6,9.4
8/20/2019,84.6,80.5,30.6,21,0.2
8/21/2019,74.5,80.9,31.5,20.4,4
8/22/2019,89.5,75.1,30.8,19.5,6.2
8/23/2019,77.5,86.1,31.2,21.4,0
8/24/2019,89.7,66.2,29.9,20.4,24.6
8/25/2019,84.5,86.9,29.8,19.8,8
8/26/2019,74.3,92.8,31.8,19.8,1.1
8/27/2019,78.6,70.8,31.1,19.5,4.5
8/28/2019,85.2,77.4,31.6,21.4,0
8/29/2019,92,42.7,29,21.3,0
8/30/2019,78.7,73.7,31.5,20.3,0
8/31/2019,98.1,90.6,29.2,20.5,36.4
9/1/2019,97.3,83.5,28.2,20.4,18.5
9/2/2019,80.2,81.2,31.7,20,0
9/3/2019,84.4,97.2,30.9,20.7,12.2
9/4/2019,84.3,80.2,28.2,19.8,62.8
9/5/2019,92.8,79.5,29.8,20,44
9/6/2019,92.8,81.7,29.4,20,21.8
9/7/2019,93,77.6,30.7,19.7,8.3
9/8/2019,81.7,81.9,27.8,19.6,0.5
9/9/2019,88.2,85,29.5,20.9,10.4
9/10/2019,91.2,96.4,28.6,21.2,0
9/11/2019,80.2,94.6,30.7,20.6,32
9/12/2019,88.3,85.1,30.3,20.8,13.6
9/13/2019,84.7,87.7,28.4,20.8,0.2
9/14/2019,91.1,91.1,25.4,20,5.8
9/15/2019,94.4,84.5,27,19.8,4
9/16/2019,81.6,98.2,28.7,19.7,3
9/17/2019,92.6,98.1,22,19.4,9.5
9/18/2019,98.1,96.1,20.7,18.4,26.4
9/19/2019,96,85.8,24.2,17.4,10.4
9/20/2019,92.3,74.4,29,16.4,0.1
9/21/2019,81.8,77.9,29.2,16,0
9/22/2019,93.4,92.6,26.8,18,1.2
9/23/2019,78.9,83.9,27.6,18.5,4.5
9/24/2019,85.7,85.7,27.5,19,6.8
9/25/2019,92.5,97.1,25.6,18.8,27.6
9/26/2019,92.6,88.8,25,17.9,28.8
9/27/2019,92.5,92.3,25.6,17.7,0.3
9/28/2019,92.2,86.7,24.5,18,4.2
9/29/2019,90.4,82.4,23.8,17,0.7
9/30/2019,90.5,87.1,26.5,17,0.4
10/1/2019,90.3,80.4,26.6,17.2,0
10/2/2019,79.5,80.4,27.4,17.5,0
10/3/2019,84.9,78.9,28.3,17.8,0
10/4/2019,79,77.9,29.6,16.8,0
10/5/2019,77.5,79.5,29.6,17,0
10/6/2019,87.9,91,28.7,18.7,0
10/7/2019,76.5,83.9,29.1,18.4,0
10/8/2019,85,90.7,28.6,18.8,0
10/9/2019,90,79.9,27.1,15.7,0
10/10/2019,76.4,75.6,27.2,15,0
10/11/2019,80.9,80,27.1,14,0
10/12/2019,80.9,62.3,28,13.5,0
10/13/2019,74.4,76.6,26.9,14.8,0
10/14/2019,78.6,82.5,27.3,14.1,0
10/15/2019,82.9,81.4,27.1,14.5,0
10/16/2019,77.8,77.6,28.2,15,0
10/17/2019,81.3,88.5,28,14.5,0
10/18/2019,88.1,77.2,26.2,16,0
10/19/2019,76.9,69.2,27.3,15.5,0
10/20/2019,80.7,82.6,22.2,16,0
10/21/2019,85.9,77.5,25.7,15.4,0
10/22/2019,89.4,81.8,26.3,12.8,0
10/23/2019,87.1,81.7,21.6,12.4,0
10/24/2019,89.7,81.6,25,11.6,0
10/25/2019,89.2,85.6,21.8,11.9,0
10/26/2019,81.7,77.9,24.8,13.7,0
10/27/2019,75.4,81.8,26.2,15.5,0
10/28/2019,76.2,81.4,24,13.2,0
10/29/2019,83.5,80.2,25.2,12,0
10/30/2019,83.1,83.7,25,11.8,0
10/31/2019,86.3,80.1,25.6,11.5,0
11/1/2019,77.4,74.9,24.5,11.4,0
11/2/2019,89.3,84.1,25.3,11.6,0
11/3/2019,91.4,82.4,26.2,12.1,0
11/4/2019,82.6,80.4,25.5,11.3,0
11/5/2019,74.4,81.3,25,12.5,0
11/6/2019,91.2,83.5,24.1,11.2,0
11/7/2019,83.5,82.9,24.1,12,0
11/8/2019,91.4,78.8,23.7,11.8,0
11/9/2019,78.3,78.3,25.3,16.5,0
11/10/2019,95.4,82.1,24.9,11.5,0
11/11/2019,95.3,74.3,24,11,0
11/12/2019,92,74.3,24.4,10.6,0
11/13/2019,86,81.8,24.4,12,0
11/14/2019,90,69.5,25.6,10.6,0
11/15/2019,82.9,69.5,25.6,10.6,0
11/16/2019,92.1,81.9,24.2,11.2,0
11/17/2019,84,84.7,24.5,11.8,0
11/18/2019,84.9,77.3,22,12.6,0
11/19/2019,93.1,81,23.2,11.5,0
11/20/2019,88.7,82.9,22.2,11.2,0
11/21/2019,82.7,85.9,22.5,12,0
11/22/2019,90.5,75,22.5,11.2,0
11/23/2019,96.3,76.7,21.6,9.7,0
11/24/2019,95.2,86.9,22.5,10.1,0
11/25/2019,86,79,21.2,11.4,0
11/26/2019,84.6,82.9,22.5,11.6,0
11/27/2019,90.3,76.8,22.7,8.7,0
11/28/2019,82.2,63.4,23,7.9,0
11/29/2019,75.6,60.5,21,7,0
11/30/2019,82.3,51.8,22.5,6.8,0
12/1/2019,86.2,63.5,21.7,5.3,0
12/2/2019,91.7,81.2,19.5,5.5,0
12/3/2019,67.5,79.7,19.7,8,0
12/4/2019,94.5,74.9,20.4,5.8,0
12/5/2019,98.6,71,20.5,5.5,0
12/6/2019,85.3,65,20.5,4.5,0
12/7/2019,94.3,62.7,20,5.6,0
12/8/2019,92.5,67.5,19.8,4.4,0
12/9/2019,97.1,81.6,18.4,4.8,0
12/10/2019,97.1,78.3,19.2,5,0
12/11/2019,89.2,79.5,18.9,6.5,0
12/12/2019,93.4,83.4,16.2,7.7,0
12/13/2019,96,94.5,11.7,8,0
12/14/2019,96,89.9,17.1,7.4,33.4
12/15/2019,96,80.7,15.7,8,0
12/16/2019,94.4,74.5,16.9,6,0
12/17/2019,90.1,75.1,17.2,5,0
12/18/2019,96.8,67.3,17.9,3.5,0
12/19/2019,97,72.7,17.6,3.3,0
12/20/2019,98.4,73.3,18.2,4,0
12/21/2019,97,76,18.7,5,0
12/22/2019,97,52.9,20.3,4.2,0
12/23/2019,98.4,68.2,18.8,3,0
12/24/2019,100,63.5,17.5,3.2,0
12/25/2019,96.7,67.9,16.7,2.9,0
12/26/2019,98.2,60.8,15.8,0.9,0
12/27/2019,96.6,66.3,15.7,1.2,0
12/28/2019,98.2,72.5,16.3,0.6,0
12/29/2019,89.9,64.5,18.1,1,0
12/30/2019,98.2,61.2,18,1.2,0
12/31/2019,88.7,54.9,17.4,1.5,0
1/1/2020,88.9,62.5,18.4,2.5,0
1/2/2020,82.9,65.8,18,4.5,0
1/3/2020,94,94.2,9.9,5,0
1/4/2020,98.5,97.2,10.2,5.4,5.2
1/5/2020,98.5,70.8,14.2,4.2,1.5
1/6/2020,96.7,77.7,16.3,1.6,0
1/7/2020,96.8,77.6,16.5,4.2,0
1/8/2020,98.6,93,11.9,6.5,0.6
1/9/2020,98.5,86.8,13.7,6,3
1/10/2020,92.7,81.9,15.7,6,0.3
1/11/2020,94.1,73.3,16.3,4.5,0
1/12/2020,98.5,70.4,18.7,3,0
1/13/2020,98.5,71.6,19.7,3.6,0
1/14/2020,98.5,59.4,20.1,4.5,0
1/15/2020,97,68.2,21.3,5,0
1/16/2020,86.1,81.4,14.9,5.2,0
1/17/2020,100,98.6,9.7,8.8,20.8
1/18/2020,100,61.2,16.2,5.9,32.4
1/19/2020,98.4,59.1,19,3,0
1/20/2020,95.1,62.7,14.5,2.7,0
1/21/2020,96.7,46.3,19,1.6,0
1/22/2020,96.7,46.3,19,1.6,0
1/23/2020,90.1,64.3,18.3,1.5,0
1/24/2020,87.7,78.7,15.7,2.8,0
1/25/2020,98.4,76.9,16.8,2.5,0
1/26/2020,94.1,79.4,16.4,4.4,0
1/27/2020,92.4,74,17.9,2.8,0
1/28/2020,100,52.5,19,3.6,0
1/29/2020,84,74.6,20.5,6,0
1/30/2020,85.8,67.4,19.6,4,0
1/31/2020,91.1,76.2,18.4,4,0
2/1/2020,91.5,67.9,18,6.2,0
2/2/2020,82.1,65,16.6,6.4,0
2/3/2020,91,69.6,17.9,3.2,0
2/4/2020,98.4,66.4,17.3,3.4,0
2/5/2020,94,69.3,17.4,4,0
2/6/2020,95.4,66.3,17,3.9,0
2/7/2020,88.5,68.5,18.5,4.7,0
2/8/2020,81.4,58.9,18.5,4.3,0
2/9/2020,85.3,62.5,17.9,3,0
2/10/2020,85.3,57.4,20.1,2.5,0
2/11/2020,82.8,60.3,19.8,3.5,0
2/12/2020,86,63.7,21.1,4.8,0
2/13/2020,87.8,60.7,22,5.1,0
2/14/2020,84.1,62.2,21.8,6,0
2/15/2020,80.8,71.5,20,9,0
2/16/2020,87.6,72.3,22.1,9.8,0
2/17/2020,85.5,67.2,21,9.5,0
2/18/2020,93.5,73.3,22.2,7.9,0
2/19/2020,86.9,74,20.2,9.5,0
2/20/2020,90,75,20.8,9.8,0
2/21/2020,91.4,79.8,17.5,9.6,0
2/22/2020,97.5,66,22,8.8,6.4
2/23/2020,88.7,75.9,23,7.4,0
2/24/2020,79.8,64.1,22.2,6.2,0
2/25/2020,78.8,68.2,22,6.7,0
2/26/2020,85.6,88.5,14.1,8.8,5.6
2/27/2020,79.7,70.2,21,8,1.7
2/28/2020,92.1,67.5,22.4,7.2,0
2/29/2020,94.8,64.3,24.4,7,0
3/1/2020,87.6,64.1,23.1,8,0
3/2/2020,75.3,60.5,23.6,7.8,0
3/3/2020,76,57.4,23.5,7,0
3/4/2020,75.1,61.4,23.6,8.2,0
3/5/2020,68.4,65.1,22.8,7.5,0
3/6/2020,68.4,50.8,23.5,9.5,0
3/7/2020,98.7,69.7,16,9.5,8.2
3/8/2020,98.6,51.2,22.5,5.2,0.5
3/9/2020,76.3,68.1,23.8,7,0
3/10/2020,78.7,62,24.5,11.9,0
3/11/2020,82,49.4,26.8,9.4,0
3/12/2020,74.5,74.4,16.6,9.8,0
3/13/2020,77,74.4,11.6,9.8,0
3/14/2020,77,66.2,21.8,10.2,0
3/15/2020,71.7,56.5,24.7,8,0
3/16/2020,54.8,56.9,24.5,6.5,0
3/17/2020,66.9,60,25.5,8.4,0
3/18/2020,70.9,56,25.8,8.8,0
3/19/2020,70.4,55.1,25.4,8.5,0
3/20/2020,78.6,53.8,24.6,10,0
3/21/2020,57.1,62.4,24.6,8.6,0
3/22/2020,67.1,67.5,24.6,8.4,0
3/23/2020,86,91.9,22.9,10.2,4.3
3/24/2020,87.3,71.4,24.5,9.5,9.4
3/25/2020,77.9,60.4,26.4,12.2,0
3/26/2020,69.9,67.6,28,12.4,0
3/27/2020,76.9,55.5,29.6,13.5,0
3/28/2020,77.4,32.3,29,14,3.2
3/29/2020,57.2,48.2,29.9,10.5,0
3/30/2020,61.5,42.9,28.9,10.5,0
3/31/2020,57.8,52.9,28.2,11.4,0
4/1/2020,68.7,62,27.7,12.4,0
4/2/2020,68.3,30.7,28,9.8,1.5
4/3/2020,68.3,30.7,28,9.8,0
4/4/2020,53.8,30.3,28,10.4,0
4/5/2020,53.9,36.6,28.2,10.4,0
4/6/2020,53.3,45.2,28.4,10.5,0
4/7/2020,51.2,41.4,23.6,11.4,0
4/8/2020,67.7,40.6,28.8,12.6,0
4/9/2020,47.2,30.7,28.3,11.5,0
4/10/2020,42.2,43.4,29,10.8,0
4/11/2020,54,72.7,27.8,12,0
4/12/2020,68.8,61.3,28.6,11.5,1.2
4/13/2020,71.7,60.3,28.6,16.4,0
4/14/2020,70.2,62.1,28.4,14.9,0
4/15/2020,59.9,67,27,14.4,1.3
4/16/2020,81.7,67.4,27.8,16.5,0
4/17/2020,81.7,67.4,27.8,16.5,2
4/18/2020,78.2,59.2,28.5,14,3.7
4/19/2020,66.5,59.5,28.8,12,1.6
4/20/2020,61.8,62.6,28.2,11.5,1.6
4/21/2020,96.5,86.3,24.2,12.5,15.2
4/22/2020,88.7,72.1,22.7,11.5,11.2
4/23/2020,75.2,97.8,23.5,11.5,0
4/24/2020,78.7,79.2,22.8,11.7,6.6
4/25/2020,85.5,94.6,24.8,14,5
4/26/2020,83.7,80.2,22,13.2,25
4/27/2020,74.7,88,25.2,14.5,2.6
4/28/2020,77.9,73.7,26.2,12.7,4.5
4/29/2020,73,92.8,25.5,13.2,0
4/30/2020,79.1,68.3,26.8,13.5,0
5/1/2020,52.2,47.1,32.5,16.5,0
5/2/2020,55.3,47.4,31.9,15,4.5
5/3/2020,70.5,84.3,26.6,16.6,0.1
5/4/2020,74.7,55.9,27.4,14.5,0.2
5/5/2020,69.5,43.3,30.4,15.5,8
5/6/2020,57.3,44.6,30.6,14,5.1
5/7/2020,61.5,50.9,31.3,14,0.1
5/8/2020,64.2,57.4,30.8,15,9.6
5/9/2020,67.6,47.6,31.3,15.6,0
5/10/2020,63.8,60.2,32.3,16,0
5/11/2020,64.4,64.3,31.5,17.4,0.2
5/12/2020,56.3,53.3,32.2,14.8,0.2
5/13/2020,91.4,64.5,26,13,0
5/14/2020,63.8,64.7,30.2,14.9,0
5/15/2020,61.1,60.6,28.5,13.6,0.3
5/16/2020,81.9,56,28.4,15.5,0
5/17/2020,60.1,33.9,30,14,0
5/18/2020,62.1,55.1,31,15.5,0
5/19/2020,52.9,45.4,31,14.4,0.2
5/20/2020,58.6,58.8,32,16.3,0
5/21/2020,61,60.1,32.6,18.9,0.1
5/22/2020,62.3,58.8,32.4,17.4,0
5/23/2020,74,61.7,30,15.5,0
5/24/2020,71.2,51.3,31.4,17.8,0
5/25/2020,65.8,55.4,32,16.8,0
5/26/2020,62.3,51,31.2,15.4,10.7
5/27/2020,65.1,54.5,32.7,16.7,23.3
5/28/2020,52.4,91,32,16.2,18.5
5/29/2020,65.5,93.8,31.3,17.8,6
5/30/2020,75.1,63.5,30,16.5,0
5/31/2020,92,62.6,29,16.4,0
6/1/2020,93.3,90.7,27.8,17.5,15.8
6/2/2020,64.9,72.6,29.2,15.4,0
6/3/2020,63.5,88.6,29.1,16.5,0
6/4/2020,85.4,92.2,25.7,17.6,0
6/5/2020,95.9,84.4,22,17.4,9.6
6/6/2020,97.9,75,26.2,17.2,30.5
6/7/2020,77.1,70.1,28.7,19.3,2.2
6/8/2020,82.7,68.3,28.6,17.5,61.2
6/9/2020,71.3,74.4,30.6,19.2,0
6/10/2020,66.9,69.6,30.7,20,0
6/11/2020,72.8,70.5,30.5,19.5,8.2
6/12/2020,76.3,66.1,30.9,19.8,0
6/13/2020,68.3,80.3,30.2,21.5,0
6/14/2020,66.2,84.9,30,19.8,13.5
6/15/2020,77.3,79,28.5,20.5,2
6/16/2020,98.1,76.1,27.2,20,26.3
6/17/2020,82.5,93.9,29.5,20.5,2.7
6/18/2020,88.8,89,30.4,20.5,4.4
6/19/2020,89.7,87.9,26.5,20.2,23.6
6/20/2020,87.1,86.4,25.7,20.6,1.4
6/21/2020,91.3,92.1,28.8,19.5,3
6/22/2020,97.2,78.2,27.6,20.4,4
6/23/2020,78.9,76.2,28.1,20.5,5
6/24/2020,70.3,73.2,30.8,19.3,19.7
6/25/2020,91.4,77.7,25.7,20.6,17.4
6/26/2020,95.3,83.3,28.5,20.3,3.5
6/27/2020,74.6,93.7,29.9,20.7,0.2
6/28/2020,85.3,83.3,27.3,21,9.2
6/29/2020,83.2,78.9,27.5,20,10.4
6/30/2020,78.4,70,29.5,20,6
7/1/2020,74.5,70.5,30,20,15.8
7/2/2020,79.9,76.2,31,21,0
7/3/2020,91.9,81.3,29,21,0.4
7/4/2020,85.4,88,27.5,19.7,5.8
7/5/2020,82.2,74,30.2,20.2,2.7
7/6/2020,83.2,83.8,29.4,21,6.5
7/7/2020,75.9,74.7,29.4,21,10.2
7/8/2020,71.4,90.5,30.6,20.8,4
7/9/2020,87.3,88,28.4,21.4,7.2
7/10/2020,96.3,79.1,27,21,27.5
7/11/2020,89.3,88.8,27.8,20.8,5.4
7/12/2020,86.9,73.2,26.3,21,10
7/13/2020,92.8,77.7,28.5,20,8.2
7/14/2020,77.5,81.6,28.8,20.1,8.4
7/15/2020,76.1,86.2,30.2,20,0.4
7/16/2020,73.4,86.4,30.8,21,0.5
7/17/2020,99,94.5,30.2,20.2,10.6
7/18/2020,96.3,91.1,26,20.2,50.2
7/19/2020,98.2,94.4,23.5,20.2,11
7/20/2020,98.1,83.3,23.4,20,53
7/21/2020,72,83.4,26,19.3,66.5
7/22/2020,91.9,94.5,29.1,18.4,9
7/23/2020,93.1,87.8,27,20.3,10.5
7/24/2020,85.3,93,28.1,20.2,33.4
7/25/2020,89.6,76.2,29,20.1,4.2
7/26/2020,87,73.1,30.6,21.2,4.4
7/27/2020,89.7,83.7,29.4,21.5,0.6
7/28/2020,91,84.8,28.6,21.5,2.2
7/29/2020,87.9,81.8,27.2,20.4,7.3
7/30/2020,81.6,81.8,26.8,20.5,0.1
7/31/2020,83.9,75.1,29.5,20.9,0
8/1/2020,87,74.3,29.5,21,26.4
8/2/2020,78.3,81.6,32.2,21,1.2
8/3/2020,79.6,70.7,29.4,21.4,7.5
8/4/2020,88.9,78.8,33.4,20.4,0
8/5/2020,79.3,81.8,31,21.2,8.6
8/6/2020,78.1,72.3,31.3,21.2,22.4
8/7/2020,86.7,86.4,30.6,21.2,0
8/8/2020,90.3,91.1,29.4,21.4,29.1
8/9/2020,94.6,77.4,29.8,21.4,30.5
8/10/2020,91.2,94.6,28.4,21,17
8/11/2020,92,80.8,29.7,20.8,8
8/12/2020,79.1,89.9,29.2,20.4,32.6
8/13/2020,82.4,93,31,21,2.3
8/14/2020,79.6,84.5,31.2,21,15.2
8/15/2020,80,78.5,29.5,20.5,16.6
8/16/2020,84.1,91.4,29.6,20.3,4.7
8/17/2020,93.8,98.2,31.1,21.5,5.9
8/18/2020,91.2,81.7,24.5,21.5,8.6
8/19/2020,84.5,92.8,30.6,20.8,50.2
8/20/2020,78.8,77.8,30.7,20,5.2
8/21/2020,79,81.6,30.7,19.5,3.4
8/22/2020,77.1,79.1,28.8,18.8,0
8/23/2020,83.1,87.9,30.6,19.8,0
8/24/2020,96.4,92.4,30.5,20.5,4.3
8/25/2020,83.9,94.7,31.6,20.4,24.3
8/26/2020,83.3,93.7,30.5,22,6.2
8/27/2020,83.3,80,29.4,20.4,3.7
8/28/2020,75.8,77.8,29.7,20,5.8
8/29/2020,83.8,75.3,30.3,19,0
8/30/2020,77.1,73.6,29.8,20.5,0.2
8/31/2020,82.2,94.7,31.2,21,0
9/1/2020,83.6,82.9,31.5,21,0
9/2/2020,78.5,85.9,30.5,21,8.6
9/3/2020,78.4,81.3,30.4,20.2,1
9/4/2020,56.5,76,31,20.5,0
9/5/2020,81.6,79,31.5,19.8,0
9/6/2020,76.7,76.7,31.3,19.8,0
9/7/2020,81.6,89.6,31.4,20.5,0
9/8/2020,92.7,86.2,29,21.3,0.1
9/9/2020,78.2,86.4,29.6,19.7,3.4
9/10/2020,93,83.3,31.2,19.8,0.2
9/11/2020,81.6,82,30,20.5,4.4
9/12/2020,96.3,82,30.4,20.3,0
9/13/2020,84.7,78.2,29.2,20,7.9
9/14/2020,85.7,80.4,29.8,19.8,1
9/15/2020,97.2,84.5,28.3,19.8,0.3
9/16/2020,87.6,81.5,26.5,20.3,4
9/17/2020,92.7,91.1,27.5,19.6,0
9/18/2020,91,77.4,25.6,20.8,2
9/19/2020,86.3,81.1,30.8,20.5,20.5
9/20/2020,81.8,94.4,31,20,0
9/21/2020,89.5,94.6,31.8,20.5,0
9/22/2020,96.3,98,27.3,20,12.4
9/23/2020,98,100,23,18.8,45
9/24/2020,96.1,81.2,21.5,18,73.5
9/25/2020,94.3,89.5,29.3,18,37.5
9/26/2020,86.7,87.9,29,18.8,1.7
9/27/2020,78.2,75.6,30,19.2,0
9/28/2020,78.9,80.8,30,18.2,0
9/29/2020,73.4,81.7,30.4,18.4,0
9/30/2020,86.02,68.76,30,18.8,0
10/1/2020,95.35,86.64,29.5,20,0
10/2/2020,70.53,72.07,29.4,20,15.5
10/3/2020,91.29,90.03,29.4,18.6,0.6
10/4/2020,77.04,77.62,28.7,19,0
10/5/2020,94.08,82.61,30,17.8,0
10/6/2020,73.62,75.88,29.4,18,0
10/7/2020,94.5,73.66,30,17.8,0
10/8/2020,72.05,81.11,29.5,15.1,0
10/9/2020,93,75.86,29.4,14.5,0
10/10/2020,64.69,87.92,30,14.9,0
10/11/2020,89.96,73.26,30.1,16.5,0
10/12/2020,58.38,84.12,29.8,16.6,0
10/13/2020,84.38,64.29,29.4,18.6,0
10/14/2020,56.76,78.3,29.5,17,0
10/15/2020,88.83,67.99,29.6,17,0
10/16/2020,65.71,81.61,29.7,16.6,0
10/17/2020,90.29,77.41,29.8,15.4,0
10/18/2020,68.09,84.68,29.6,16.3,0
10/19/2020,92.73,74.72,28.6,16.4,0
10/20/2020,68.49,83.9,28,17,0
10/21/2020,93.6,71.38,27.5,14.4,0
10/22/2020,68.68,92.48,27.5,14.4,0
10/23/2020,91.58,71.85,26.6,15,0
10/24/2020,72.26,93.92,26.5,13.3,0
10/25/2020,92.97,73.12,27.6,12.5,0
10/26/2020,66.3,95.29,27.2,14.1,0
10/27/2020,92.03,76.65,26.6,15,0
10/28/2020,65.69,93.16,26,11.4,0
10/29/2020,87.1,84.41,27,11.4,0
10/30/2020,60.49,95.2,28.8,11,0
10/31/2020,92.95,75.49,28.6,11.6,0
11/1/2020,66.09,93.82,27.6,12,0
11/2/2020,91.85,76.94,27.7,12.5,0
11/3/2020,70.84,94.83,26.5,13,0
11/4/2020,92.5,73.71,27.4,11.8,0.2
11/5/2020,68.64,94.56,25,11.8,0
11/6/2020,90.75,74.2,24,10.2,0
11/7/2020,68.56,96.13,23.2,10,0
11/8/2020,93.18,71,23.8,8.7,0
11/9/2020,71.66,91.73,25.2,8,0
11/10/2020,92.09,54.2,24.5,8,0
11/11/2020,67.76,86.56,24.5,8.4,0
11/12/2020,93.22,61.47,25.6,8.4,0
11/13/2020,62.95,79.23,24.7,8,0
11/14/2020,87.67,62.92,24.7,8.4,0
11/15/2020,62.08,79.23,24.2,8.3,0
11/16/2020,91.66,62.92,16.5,8.6,0
11/17/2020,67.19,79.23,22.6,6,0
11/18/2020,90.76,69.98,22.3,6,0
11/19/2020,64.38,85.07,22,5.6,0
11/20/2020,90.99,78.91,21.8,5.5,0
11/21/2020,62.32,83.27,21.5,8,0
11/22/2020,85.11,74.53,19.8,6.5,0
11/23/2020,58.09,85.15,19.8,6,0
11/24/2020,80.43,66.07,20,6.2,0
11/25/2020,54.48,84.03,21.6,5.6,0
11/26/2020,85.66,65.79,20,7.4,0
11/27/2020,58.93,80.01,18.5,8.5,0
11/28/2020,83.52,70.79,22,4.5,0
11/29/2020,59.81,82.59,22.4,4.3,0
11/30/2020,77.98,72.66,22.3,5.4,0
12/1/2020,78.1,79.31,21.5,6.1,0
12/2/2020,64.97,50.2,21.7,6.5,0
12/3/2020,87.49,76.27,21.4,7.5,0
12/4/2020,77.57,73.05,20.6,7.2,0
12/5/2020,92.72,85.54,20.5,7.2,0
12/6/2020,65.1,75.04,19.8,7.5,0
12/7/2020,92.76,86.06,20,7,0
12/8/2020,67.09,72.48,20.2,10.2,0
12/9/2020,82.69,83.74,20.2,9,0
12/10/2020,78.55,73.24,20.9,9.5,0
12/11/2020,81.61,85.75,20,5.8,0
12/12/2020,64.61,68.79,20.7,9.3,0
12/13/2020,76.04,83.84,21.6,4.5,0
12/14/2020,70.33,73.28,19.8,4,0
12/15/2020,93.49,79.23,19.2,3,0
12/16/2020,63.46,62.92,19.3,2.8,0
12/17/2020,89.58,79.23,18.3,2.2,0
12/18/2020,61.94,69.98,17.7,1.6,0
12/19/2020,87.01,85.07,16.9,2,0
12/20/2020,73.22,78.91,17.3,4,0
12/21/2020,90.73,83.27,19,3,0
12/22/2020,69.08,74.53,19.8,3.6,0
12/23/2020,77.19,85.15,19.2,3.6,0
12/24/2020,69.99,66.07,19,4,0
12/25/2020,78.73,84.03,19,2.2,0
12/26/2020,67.04,65.79,18.3,1.3,0
12/27/2020,81.12,80.01,17.8,2.3,0
12/28/2020,69.17,70.79,18.3,2.8,0
12/29/2020,86.09,85.59,17.1,1.1,0
12/30/2020,73.49,61.94,16.6,2,0
1/1/2021,97.12,72.87,18.5,1,0
1/2/2021,97.19,60.51,18.4,1.3,0
1/3/2021,84.59,62.3,20.5,2.5,0
1/4/2021,80.69,73.35,17.4,9.5,0.01
1/5/2021,89.01,63.15,19.2,9,0.01
1/6/2021,89.61,61.54,23.8,6.1,0
1/7/2021,91.63,45.74,23.5,5.3,0
1/8/2021,78.12,66.7,21.4,3.8,0
1/9/2021,NaN,NaN,22.4,4.5,0
1/10/2021,83.23,49.57,23.7,4.3,0
1/11/2021,85.38,72.95,21.8,3.9,0
1/12/2021,89.42,77.48,18.6,5.4,0
1/13/2021,91.74,82.93,18,6.5,0
1/14/2021,92.86,81.1,18.2,6.8,0
1/15/2021,NaN,NaN,19.8,5.3,0
1/16/2021,97.52,73.91,19.5,5,0
1/17/2021,83.53,70.9,19,8.8,0
1/18/2021,NaN,NaN,20.6,4.8,0
1/19/2021,88.43,66.75,19.2,6.2,0
1/20/2021,88.15,73.59,19.5,4.5,0
1/21/2021,92.52,73.1,18.5,3.8,0
1/22/2021,85.05,64.24,19,3.5,0
1/23/2021,97.43,71.64,19.5,4,0
1/24/2021,97.49,71.1,19.2,4.2,0
1/25/2021,96.07,69.51,18.3,3.4,0
1/26/2021,89.89,58.17,18,2.8,0
1/27/2021,84.61,64.54,19,2,0
1/28/2021,82.47,63.77,19,2,0
1/29/2021,85.15,60.29,19.3,2.5,0
1/30/2021,86.19,59.58,18.2,2.4,0
1/31/2021,79.9,60.1,19,1.8,0
2/1/2021,88.25,73.79,18.8,2.5,0
2/2/2021,89.73,60.57,19.9,2.7,0
2/3/2021,86.44,56.17,20.6,3,0
2/4/2021,87.66,59.54,20,3.6,0
2/5/2021,79.63,75.02,19.4,3.5,0
2/6/2021,85.85,85.27,19,5.7,0.1
2/7/2021,93.24,58.12,18.5,1,1.2
2/8/2021,80.59,49.67,21.8,2.5,0
2/9/2021,NaN,NaN,23.2,3.7,0
2/10/2021,90.94,74.22,20.3,6.4,0
2/11/2021,86.84,70.95,21.6,6.5,0
2/12/2021,95.43,67.01,21.5,7.8,0
2/13/2021,85.25,70.32,21.2,7.5,0
2/14/2021,91.13,70.33,22.6,8,0
2/15/2021,NaN,NaN,22,7.8,0
2/16/2021,69.37,66.25,22.5,5.4,0
2/17/2021,81,53.01,23.3,6.5,0
2/18/2021,NaN,NaN,22,5,0.01
2/19/2021,74.16,58.76,22.7,4.4,0.01
2/20/2021,79.64,56.17,23.4,5.3,0.01
2/21/2021,77.51,52.29,24.8,6,0
2/22/2021,79.02,65.84,24.4,7,0
2/23/2021,80.13,61.95,24.8,9,0
2/24/2021,75.41,66.56,25.5,9,0
2/25/2021,89.48,68.6,24.5,9.5,0
2/26/2021,92.75,73.27,24.7,9.6,0
2/27/2021,NaN,60.56,25.4,12.5,0.01
2/28/2021,76.64,63.22,27,12.4,0
3/1/2021,75.6,62.67,27.5,10.4,0
3/2/2021,61.27,52.99,25.4,7.5,0
3/3/2021,66.48,58.1,24.9,7.3,0
3/4/2021,73.53,46.83,24.9,8,0
3/5/2021,77.49,62.75,24.7,8.9,0
3/6/2021,97.84,70.51,24.3,8,6
3/7/2021,86.81,73.08,22,9.5,0
3/8/2021,83.39,56.21,27.5,10.6,0.01
3/9/2021,NaN,NaN,27.2,10,0.01
3/10/2021,77.73,54.68,27.3,10.5,0
3/11/2021,67.39,54.71,27.7,9,0.5
3/12/2021,76.19,58.94,28,10.6,0
3/13/2021,67.91,84.44,22.4,13.2,0
3/14/2021,81.63,67.34,25.7,9.4,0.1
3/15/2021,NaN,NaN,26.7,10.4,0
3/16/2021,77.75,58.06,27,10.5,0
3/17/2021,74.51,52.33,26.6,11,0
3/18/2021,NaN,NaN,27.5,10.5,0
3/19/2021,81.32,68.53,27.7,11.2,0
3/20/2021,72.94,69.53,27,12,0
3/21/2021,69.06,41.31,28.7,10,0
3/22/2021,62.46,54.54,28,10.2,0
3/23/2021,71.74,46.03,28.6,11.6,0
3/24/2021,65.89,42.22,28.1,13,0
3/25/2021,66.51,29.26,28.4,10.6,0
3/26/2021,62.98,46.7,28.2,9.5,0
3/27/2021,71.72,53,26.3,10.6,0
3/28/2021,76.75,56.49,24.8,11,0
3/29/2021,77.02,53.99,25.2,10.8,0
3/30/2021,69.47,55.98,27.2,11.5,0.01
3/31/2021,71.93,62.92,26.8,12,0
4/1/2021,90.66,69.6,27,13.6,9.8
4/2/2021,72.96,47.53,27.5,9.6,0
4/3/2021,63.71,33.71,27.9,8.7,0
4/4/2021,51.23,54.47,27.2,9,0
4/5/2021,69.24,46.94,27.4,9.6,0
4/6/2021,66.61,53.9,26.7,10.2,0
4/7/2021,66.18,50.48,28.8,11,0
4/8/2021,72.42,47.49,30.7,13,0
4/9/2021,NaN,NaN,29.5,11.8,0.01
4/10/2021,69.68,33.02,30.2,10.2,1
4/11/2021,54.02,36.27,31.2,11.2,0
4/12/2021,58.69,34.07,29.4,13,0
4/13/2021,58.05,37.28,30.2,11.4,0
4/14/2021,63.51,46.73,30,11.8,0.01
4/15/2021,NaN,NaN,31,13.5,0
4/16/2021,57.42,95,26.1,13,0.01
4/17/2021,88.68,62.43,28.2,11.6,13.3
4/18/2021,NaN,NaN,29,11.2,0.3
4/19/2021,79.11,42.53,28.5,10,7.3
4/20/2021,61.76,55.66,31,12,0
4/21/2021,75.89,61,22.8,14.5,0.01
4/22/2021,93.86,49.58,26.3,13.2,6.7
4/23/2021,57.83,45.58,29.5,9.8,0.01
4/24/2021,55.32,33.74,31,12.5,0
4/25/2021,53.12,45.33,32.4,13,0
4/26/2021,55.92,44.01,31.6,13.4,0
4/27/2021,51.62,42.89,32,14,0
4/28/2021,55.49,44.18,31.5,14,0
4/29/2021,58.21,89.29,30,14.7,0
4/30/2021,81.89,57.82,28.2,12.5,6.4
5/1/2021,62.07,74.73,28.8,13.8,0.2
5/2/2021,94.36,77.05,21.2,15,12.2
5/3/2021,79.55,80.46,28.7,13.6,0.4
5/4/2021,82.96,79.52,26,15.8,0.01
5/5/2021,79.79,70.89,24.5,15.4,1.1
5/6/2021,71.18,73.07,25.6,15.8,0.5
5/7/2021,82.29,59.11,26,16.5,0.7
5/8/2021,67.51,63.64,28.5,14.5,0.01
5/9/2021,NaN,NaN,28.2,14.3,0.01
5/10/2021,91.06,67.27,26.4,15,1.2
5/11/2021,74.68,81.62,25.5,13.8,0.01
5/12/2021,79.17,76.88,22.4,15.8,12.8
5/13/2021,96.24,69.18,22.4,14.8,7
5/14/2021,74.17,54.64,28.3,13.5,0.2
5/15/2021,NaN,NaN,30.1,14.3,0
5/16/2021,65.3,46.52,32,14.2,0
5/17/2021,59.51,63.09,28.7,16.6,0
5/18/2021,NaN,NaN,29.3,19,0.01
5/19/2021,83.73,76.6,23.7,18.5,0.01
5/20/2021,96.47,94.92,23.1,17.8,6.6
5/21/2021,86.73,67.96,31.5,16.8,5.5
5/22/2021,70.03,66.82,32.1,19.2,0
5/23/2021,64.83,57.7,32.5,19.3,0.01
5/24/2021,68.96,72.96,32.7,19.5,0
5/25/2021,66.53,77.64,29.5,18.6,0.3
5/26/2021,96.5,91.72,22.6,18.3,7.3
5/27/2021,98.25,94.95,22.8,18.8,30.2
5/28/2021,92.23,96.35,19.8,17.5,7.5
5/29/2021,88.26,49.96,28.5,17.3,35.8
5/30/2021,80.84,70.74,29.2,17,0.3
5/31/2021,86.13,75.78,29.5,19,17.4
6/1/2021,71.24,77.82,29.4,19.2,0
6/2/2021,72.18,64.73,30.6,17,0.01
6/3/2021,72.05,61.71,31.5,17,0
6/4/2021,76.28,62.44,29.4,19.5,0
6/5/2021,71.56,48.52,31.6,19,0
6/6/2021,77.18,55.8,31,18.3,0.1
6/7/2021,62.97,58.84,32.5,20.5,0.1
6/8/2021,61.69,70.53,31.7,20,0
6/9/2021,NaN,NaN,30.3,20.6,0.01
6/10/2021,78.19,91.9,29.3,19.5,12.2
6/11/2021,78.46,89.67,28.3,19.2,30.2
6/12/2021,94.85,78.82,25.8,18.5,54
6/13/2021,91.75,86,24.8,19.5,8.4
6/14/2021,95.1,93.61,27.5,20.4,17.9
6/15/2021,NaN,NaN,25.2,20,7.4
6/16/2021,90.36,94.14,25.7,20,12.4
6/17/2021,89.66,86.06,27.2,20,6.4
6/18/2021,NaN,NaN,28.4,20,0.01
6/19/2021,87.23,76.7,28.4,20,0.2
6/20/2021,77.2,84.38,25.7,20.2,2.5
6/21/2021,69.93,77.91,30,19,0.4
6/22/2021,68.55,70.95,31.5,20,0
6/23/2021,70.5,81.69,29.5,21.2,0.01
6/24/2021,71.09,70.5,29,20.2,8.6
6/25/2021,91.96,90.48,27.4,20.2,1.2
6/26/2021,97.44,84.53,24.2,20,16.8
6/27/2021,81.18,86.3,29,20.4,21.5
6/28/2021,84.48,76.24,28.2,20.6,2.3
6/29/2021,88.81,72.59,29,20.4,3.6
6/30/2021,95.1,89.03,28,22,0.5
7/1/2021,98.27,88.99,24.4,19.3,54.6
7/2/2021,98.28,91.93,23.4,19.4,40.2
7/3/2021,97.44,71.93,27.5,19.8,66
7/4/2021,92.7,70.17,29,20.5,2.8
7/5/2021,79.34,92.09,30.5,21.4,0.01
7/6/2021,86.22,77.4,28.4,21,28
7/7/2021,84.84,83.89,29.8,20.4,0.01
7/8/2021,96.73,95.93,25.7,21.2,16.5
7/9/2021,NaN,NaN,28.8,20.6,34.4
7/10/2021,72.11,96.69,29.2,20.7,1.6
7/11/2021,95.05,84.86,26.6,20.4,91.4
7/12/2021,85.31,94.21,28.2,20.5,1.3
7/13/2021,75.54,86.77,29.9,20.5,16
7/14/2021,79.46,82.9,29.2,20.6,57.3
7/15/2021,NaN,NaN,27.7,20,9.5
7/16/2021,87.35,91.95,25,20.6,2.2
7/17/2021,92.63,95.1,28.3,20,0.7
7/18/2021,NaN,NaN,29,20.6,11.2
7/19/2021,84.63,84.85,28.5,21.2,0.9
7/20/2021,86.05,93.55,29,20.6,13.7
7/21/2021,95.1,90.68,27.2,20.6,7.8
7/22/2021,87.71,83.77,29.6,20.8,10
7/23/2021,79.65,73.54,31,21.5,0.01
7/24/2021,76.96,78.77,31.5,20.1,42.8
7/25/2021,87.9,92.16,31.2,22,10.8
7/26/2021,92.75,84.77,25,20.4,26.3
7/27/2021,86.92,81.45,28.1,20.6,6.2
7/28/2021,86.45,78.47,29.5,19.8,17
7/29/2021,84.51,73.14,29.6,19.8,19.3
7/30/2021,87.56,77.65,28.8,21.2,9.9
7/31/2021,80.45,75.68,30.2,21.1,9.1
8/1/2021,89,82.08,30,20.6,0
8/2/2021,83.56,80.58,29.9,21,1.5
8/3/2021,89.11,80.61,29.7,20.8,6
8/4/2021,88.83,92.81,25.8,21,2.3
8/5/2021,79.83,73.63,29.5,19.3,2.8
8/6/2021,78.49,92.13,31.4,20.8,0
8/7/2021,84.74,78.95,29,21,18
8/8/2021,84.74,83.39,29.3,21,2.6
8/9/2021,NaN,NaN,29.2,20.3,29.4
8/10/2021,85.96,84.13,29.6,19.8,0.4
8/11/2021,72.9,90.59,29.5,20.5,0.01
8/12/2021,86.1,91.25,30.1,21.6,0.7
8/13/2021,86.1,80.18,29.4,20.4,13.8
8/14/2021,82,80.58,28.9,21,0.01
8/15/2021,NaN,NaN,27.3,20.5,10.2
8/16/2021,83.74,76.02,29.2,21,0.01
8/17/2021,79.38,92.03,29.4,21.2,10.5
8/18/2021,NaN,NaN,28.2,21.1,13.3
8/19/2021,84.68,84.56,29,20,18.2
8/20/2021,80.31,84.61,28.2,20.5,0.01
8/21/2021,85.79,76.71,29.3,20.6,0.1
8/22/2021,87.38,77.83,26.8,20.4,3
8/23/2021,96.64,89,24.5,21.2,20.8
8/24/2021,88.92,87.51,27.2,20.6,3.1
8/25/2021,95.87,82.08,27.5,20.5,7
8/26/2021,80.65,88.29,26.5,21.4,0.01
8/27/2021,94.87,87.39,23.8,19.3,41.5
8/28/2021,93.46,91.79,26.7,19.8,13.2
8/29/2021,99.13,94.11,21.3,19,20.6
8/30/2021,84.34,89.6,28,19,10.7
8/31/2021,84.33,93.42,29.5,19.6,22.5
9/1/2021,80.20875346,80.85884559,30.3,19.9,10
9/2/2021,90.37907145,86.71184313,29,19.6,3.9
9/3/2021,93.39463803,81.54374529,27.2,20.6,0.4
9/4/2021,79.90131307,76.65009422,29.8,19.2,5.2
9/5/2021,77.82116043,77.76186532,30.5,20.5,11.8
9/6/2021,100,86.15573588,29.5,18.8,121.5
9/7/2021,95.82505263,87.27564103,29.8,20,12
9/8/2021,80.53092622,93.45620713,29.7,19.6,3.2
9/9/2021,92.56712726,82.86293118,25.5,19.5,32.6
9/10/2021,80.94007166,84.29212662,29.6,19,0.4
9/11/2021,80.97967291,81.91001823,30.6,19,0.01
9/12/2021,79.60106552,85.4591713,31.8,20.2,0.01
9/13/2021,80.31739713,90.33068849,30.7,19,4.5
9/14/2021,82.33019958,80.39717221,28.2,19.5,9.2
9/15/2021,90.25018621,87.22134627,24.4,20,2.5
9/16/2021,88.47093857,85.98741161,27,19.2,0.7
9/17/2021,94.97220823,94.91992506,23.8,19,2.5
9/18/2021,91.53197432,84.04145343,29.7,17.7,2.2
9/19/2021,88.1871256,81.14656497,31,19.5,0
9/20/2021,93.55893352,90.34227919,29.3,20.3,0.01
9/21/2021,82.77344626,82.34515197,29.4,19,26
9/22/2021,88.57513637,84.95559257,25.2,19,19.5
9/23/2021,84.90166035,85.26144675,29.1,18.5,2.2
9/24/2021,79.99832456,81.75388873,30.5,18.6,0
9/25/2021,75.04183206,88.58173522,29.6,19.3,0
9/26/2021,81.2801686,94.1206527,29.5,18.8,0
9/27/2021,83.38277286,83.31963709,30,18.5,21
9/28/2021,80.48459409,96.56458717,26.6,18,7
9/29/2021,87.25828135,84.7791312,28,17.8,10
9/30/2021,82.79596989,87.21535712,28.8,19.6,0.1
10/1/2021,88.56,85.8,28.7,19,0.01
10/2/2021,94.84,76.8,27.8,19,0.01
10/3/2021,91.67,91.99,29,18.5,4
10/4/2021,82.85,93.28,28.8,18.8,0
10/5/2021,83.93,88.68,28,18.7,40.6
10/6/2021,88.57,85.81,28.4,19.3,0
10/7/2021,84.68,85.57,28.4,18.5,0
10/8/2021,77.84,78.54,29.5,17.7,0
10/9/2021,NaN,NaN,29.3,18.3,0
10/10/2021,77.26,84.98,29.5,18.5,0
10/11/2021,84.21,83.14,30.7,17.5,0
10/12/2021,78.42,78.56,31.3,18.5,0
10/13/2021,82.62,77.37,31.5,17.5,0
10/14/2021,79.71,68.1,31.6,16.7,0
10/15/2021,NaN,NaN,31.8,16.5,0
10/16/2021,80.05,82.86,31.6,17.4,0
10/17/2021,85.34,85.62,27.5,18,8.5
10/18/2021,NaN,NaN,25,18.8,3.9
10/19/2021,97.4,94.7,21.8,18.7,3.6
10/20/2021,83.99,89.95,25.9,18,6.6
10/21/2021,80.53,84.83,28.5,16.5,0.01
10/22/2021,89.2,86.57,25,15,0
10/23/2021,79.24,83.99,27.5,17.6,0
10/24/2021,81.76,76.01,26.6,16.4,0
10/25/2021,81.02,81.23,26.4,13.5,0
10/26/2021,84.05,82.18,25.5,14.4,0
10/27/2021,74.75,75.91,25.1,13,0
10/28/2021,80.88,82.94,25.5,12.5,0
10/29/2021,82.4,71.81,25,12.1,0
10/30/2021,75.71,78.56,24.7,10.6,0
10/31/2021,80.04,83.78,23.9,11.1,0
11/1/2021,78.18,72.53,24.8,13.5,0
11/2/2021,83.28,80.73,23.5,11.6,0
11/3/2021,73,79.64,24.2,11.4,0
11/4/2021,79.62,81.32,23.9,10.2,0
11/5/2021,96.02,79.76,22.9,9.5,0
11/6/2021,82.66,77.66,23.3,9,0
11/7/2021,87.17,79.43,23.8,10,0
11/8/2021,86.17,78.23,24,9.2,0
11/9/2021,NaN,NaN,24,9,0
11/10/2021,86.01,72.2,24,9,0
11/11/2021,85.85,77.64,24.2,8.5,0
11/12/2021,85.69,77.63,23,8.5,0
11/13/2021,85,80.71,22,8,0
11/14/2021,81.52,78.81,22.2,8,0
11/15/2021,NaN,NaN,22.2,8.8,0
11/16/2021,87.83,82.48,21.8,9.2,0
11/17/2021,80.22,76.94,22,7.4,0
11/18/2021,NaN,NaN,22.5,9,0
11/19/2021,91.74,73.99,19.5,11.1,0.01
11/20/2021,95.55,77.65,22.8,7.8,0
11/21/2021,83.9,79.77,24.8,8.8,0.01
11/22/2021,81.78,78.5,23.8,11.3,0
11/23/2021,85.7,82.77,21.6,8,0
11/24/2021,91.78,94.06,21.4,10.2,0
11/25/2021,91.32,84.27,20,8.2,0
11/26/2021,93.59,86.58,19.6,8.8,0
11/27/2021,91.21,81.2,20.8,7.6,0.01
11/28/2021,95.52,83.98,21.4,7.1,0
11/29/2021,95.46,78.1,21.5,6.6,0
11/30/2021,90.98,76.73,21,6.3,0
12/1/2021,90.98,64.48,22.4,6.3,0
12/2/2021,78.19,68.53,21.1,8,0
12/3/2021,84.33,82.64,20.7,10.8,0.01
12/4/2021,97.83,86.4,20.7,10.5,2
12/5/2021,90.7,82.94,23.1,10.4,0
12/6/2021,98.92,82.75,22,9.2,0
12/7/2021,95.63,76.22,22.7,8.5,0
12/8/2021,90.74,72.88,22,6.3,0
12/9/2021,NaN,NaN,21,6.2,0
12/10/2021,95.31,75.9,20.6,6.5,0
12/11/2021,92.92,72.95,19.8,5.4,0
12/12/2021,95.01,75.31,19.3,5,0
12/13/2021,86.34,62.99,19.8,4.3,0
12/14/2021,87.83,69.28,20,4.2,0
12/15/2021,NaN,NaN,17.5,4.3,0
12/16/2021,92.04,60.26,18.2,3,0
12/17/2021,87.22,58.92,19,3.4,0
12/18/2021,NaN,NaN,18.1,2.6,0
12/19/2021,89.58,72.36,17.4,3,0
12/20/2021,92.1,69.71,17.4,3.2,0
12/21/2021,95.96,66.32,17.7,3,0
12/22/2021,87.13,73.58,17.7,2.6,0
12/23/2021,94.61,70.74,17.8,3,0
12/24/2021,92.17,76.9,18,3.4,0
12/25/2021,93.61,77.03,17.4,4.4,0
12/26/2021,92.55,75.31,16.5,4.1,0
12/27/2021,93.73,72.85,17,5.4,0
12/28/2021,97.37,73.2,15.2,3.6,0
12/29/2021,98.77,97.52,8.1,7.7,10.7
12/30/2021,98.73,88.69,13.5,6,35
12/31/2021,100,80.45,14.8,4.5,0
1/1/2022,98.7,78.7,16.7,3.8,0
1/2/2022,94.85,75.32,17.5,4.1,0
1/3/2022,97.41,75.18,18.5,4.4,0
1/4/2022,94.87,74.15,18,4.5,0
1/5/2022,92.9,83.31,18,5.8,0
1/6/2022,80.96,71.08,17.8,7.6,0
1/7/2022,89.19,82.15,17.5,9.5,0
1/8/2022,90.92,69.58,18.2,7.6,0
1/9/2022,NaN,NaN,19,8,0.01
1/10/2022,91.16,96,21.2,8.6,0
1/11/2022,95.25,72.6,18.7,6.8,0.01
1/12/2022,89.44,74.9,17.5,7,0
1/13/2022,90.17,76.9,16.5,5.3,3
1/14/2022,100,79.18,16,4.6,0
1/15/2022,NaN,NaN,17.5,5.7,0
1/16/2022,91.1,75.25,18.2,4.4,0
1/17/2022,95.08,70.36,17.6,5.2,0
1/18/2022,NaN,NaN,19,4.6,0
1/19/2022,86.65,70.09,18.4,5.2,0
1/20/2022,92.91,88.59,13.4,7.6,0.01
1/21/2022,90.59,84.14,16.1,7.4,0.9
1/22/2022,97.36,78.7,13.5,4,1.1
1/23/2022,93.8,76.5,13.2,5.2,0.1
1/24/2022,92.72,82.83,15.5,6,0
1/25/2022,87.69,75.78,16.5,4.5,0
1/26/2022,88.03,69.42,13.9,5.6,0
1/27/2022,89.61,76.2,14,4.2,0.01
1/28/2022,84.96,73.6,15.5,4,0
1/29/2022,92,72.41,16.2,2.8,0
1/30/2022,92.14,75.34,15.7,3.3,0
1/31/2022,84.09,62.35,17.3,3.8,0
2/1/2022,90.07,72.8,16.7,4.4,0
2/2/2022,87.3,74.45,15,3.2,0
2/3/2022,94.73,75.68,16.5,4,0
2/4/2022,87.8,86.62,9.3,5.5,22.4
2/5/2022,98.7,83.94,13,4.8,28
2/6/2022,87.51,76.92,16.2,3.6,0
2/7/2022,92.61,76.98,16.9,5,0
2/8/2022,86.25,71.9,17,7.3,0
2/9/2022,NaN,NaN,18.2,5.2,0
2/10/2022,82.13,64.29,19,6.2,0.01
2/11/2022,80.55,68.03,18,4.9,0
2/12/2022,87.69,69.29,19.7,4.4,0
2/13/2022,78.24,74.64,18,6.5,0
2/14/2022,90.51,74.93,19.3,5.3,0
2/15/2022,NaN,NaN,19.5,7,0
2/16/2022,86.34,64.7,19.8,6.4,0
2/17/2022,80,66.89,20.6,5.6,0
2/18/2022,NaN,NaN,20.2,5.5,0
2/19/2022,82.7,55.55,20.7,7.5,0
2/20/2022,79.97,60.44,19.4,5.5,0
2/21/2022,83.16,68.24,17.4,4,1.8
2/22/2022,87.03,73.22,18.7,5.2,0
2/23/2022,88.4,60.32,20.5,6.3,0.01
2/24/2022,78.88,63.88,23.2,7,0
2/25/2022,80.44,60,20.5,8.8,0
2/26/2022,67.49,60.3,21.5,6.3,0.01
2/27/2022,73,51.56,22.5,7.5,0
2/28/2022,78.22,60.76,22.8,6.8,0
3/1/2022,73.96,63.07,23.8,7.5,0
3/2/2022,85.42,49.23,24,8.5,0
3/3/2022,75.6,65.57,24.9,7.8,0
3/4/2022,81.84,45.66,25.2,9.5,0
3/5/2022,70.74,38.93,25,7.8,0
3/6/2022,71.38,62.27,26.5,9,0
3/7/2022,77.71,95.07,28.2,10.5,0
3/8/2022,75.96,49.48,29.4,10.5,0
3/9/2022,NaN,NaN,29,10.5,0
3/10/2022,67.46,56.29,27.5,11.2,0
3/11/2022,75.16,53.64,27.3,11.6,0
3/12/2022,71.08,53.57,28.3,10.8,0
3/13/2022,72.57,47.98,29.4,11.8,0
3/14/2022,70.62,53.06,30.3,12.5,0
3/15/2022,NaN,NaN,31.2,13.4,0
3/16/2022,70.75,70.11,29.5,13.6,0
3/17/2022,75.22,56,28.8,14.3,4.6
3/18/2022,NaN,NaN,31.3,14.4,0
3/19/2022,67.33,44.7,31.5,15.3,0
3/20/2022,65.84,51.63,30.7,14.4,0
3/21/2022,69.97,59.15,29.3,14.6,0
3/22/2022,72.06,64.4,30.5,14.8,0
3/23/2022,76.03,55.29,29.8,15.5,0
3/24/2022,72.7,49.06,29.2,14,0
3/25/2022,71.87,33.91,28.5,12.2,0.2
3/26/2022,64.83,37.4,30,13.3,0
3/27/2022,53.97,51.26,29,12.5,0
3/28/2022,71.91,62.89,28.2,15.5,0
3/29/2022,70.66,71.75,26.4,16.5,0.01
3/30/2022,83.04,76.18,25.8,17.2,0.01
3/31/2022,77.46,69.78,27.2,17.5,0.01
4/1/2022,84.68,69.28,26.6,16.6,0
4/2/2022,77.34,71.76,28.8,17.5,0
4/3/2022,77.75,53.92,30.2,18.3,0.01
4/4/2022,70.53,61.88,30,17.2,0.01
4/5/2022,70.62,58.96,31.5,16,0
4/6/2022,68.77,55.1,30.4,16.5,0
4/7/2022,65.91,66.75,30.4,16.4,0
4/8/2022,68.8,51.1,29.6,15.6,0
4/9/2022,NaN,NaN,28.5,16.8,0.9
4/10/2022,89.52,69.8,27.5,16.4,1.2
4/11/2022,77.06,66.17,29.7,15.6,0.8
4/12/2022,75.33,64.6,28.8,18.4,0
4/13/2022,82.37,62.82,31.4,17.8,0
4/14/2022,88.27,39.19,31.5,16.6,3
4/15/2022,NaN,NaN,32,14.5,0
4/16/2022,45.15,32.44,32,14.5,0
4/17/2022,47.32,31.96,31.5,13.8,0
4/18/2022,NaN,NaN,32.5,14,0
4/19/2022,72.93,64.02,30,17,0
4/20/2022,73.72,93.06,27.1,15,1
4/21/2022,69.08,62.8,30.6,17.4,1.6
4/22/2022,70.82,57.09,30,17.5,0
4/23/2022,65.17,48.99,31,14,1.1
4/24/2022,58.3,41.04,32.6,15.2,0
4/25/2022,47.33,48.17,32.5,14.8,0
4/26/2022,59.19,37.55,32.3,15.9,0
4/27/2022,55.95,50.46,31.6,16,0
4/28/2022,67.46,58.41,31.4,17.4,0
4/29/2022,62.38,86.53,28.5,17.5,0
4/30/2022,85.86,74.47,23,16,2
5/1/2022,71.21,61.93,30,15.5,3
5/2/2022,83.28,94.38,28.6,16.2,0.9
5/3/2022,72.7,54.37,28,16.1,24.8
5/4/2022,81.31,71.89,28,18,0.01
5/5/2022,83.34,67.58,28,16,25.9
5/6/2022,87.93,76.7,25.2,17.4,0.7
5/7/2022,73.99,95.48,29,16.8,0
5/8/2022,77.86,71.79,28.5,17,10.6
5/9/2022,NaN,NaN,28,16.5,30.7
5/10/2022,77.06,74.65,28.5,18,0
5/11/2022,77.97,91.64,28.4,17.4,26.9
5/12/2022,76.99,77.49,28.9,16.6,5.7
5/13/2022,74.89,68.11,28.5,18.8,0
5/14/2022,76.82,77.4,29.6,18,8.5
5/15/2022,NaN,NaN,25.5,20,0
5/16/2022,79.47,91.27,30.4,18.5,8.4
5/17/2022,79.74,46.93,30.8,16.5,10.1
5/18/2022,NaN,NaN,30.8,18,0
5/19/2022,64.88,64.21,30.2,16.7,0.01
5/20/2022,82.99,69.47,29,16.6,6.6
5/21/2022,77.09,58.02,29.8,15.6,8.5
5/22/2022,93.3,69.97,26.2,15.5,4.7
5/23/2022,88.34,80.49,27,15.5,15.4
5/24/2022,71.86,59.24,26.2,16.5,4
5/25/2022,73.43,96.22,27,15.6,0.01
5/26/2022,44.24,98.09,27.4,15,52.3
5/27/2022,78.83,71,28.4,14,41
5/28/2022,86.54,71.94,25.2,18.5,0
5/29/2022,94.9,80.26,26.6,18,5.4
5/30/2022,75.32,86.53,28,19.2,0
5/31/2022,87.12,75.19,26.6,19.6,3.4
6/1/2022,78.81,72.48,28.8,18.6,4.9
6/2/2022,72.69,74.14,31.2,18.5,0
6/3/2022,72.69,72.6,29.5,20.4,0.01
6/4/2022,78.63,84.44,28.2,19.8,8.8
6/5/2022,88.78,95.01,28.3,20.2,2.1
6/6/2022,90.43,86.34,28.5,20,15.8
6/7/2022,87.5,78.96,28.2,20.5,0.6
6/8/2022,81.5,98.31,28.4,20,5.4
6/9/2022,NaN,NaN,26.5,19.5,32.1
6/10/2022,76.27,78.29,29.2,20.4,4.6
6/11/2022,76.74,75.29,29.5,20.5,0
6/12/2022,84.5,66.23,28.3,20.6,0.01
6/13/2022,85.5,93.6,29.7,19,2
6/14/2022,95.05,77.77,29.5,19.5,54
6/15/2022,NaN,NaN,27.6,19.8,55
6/16/2022,83.15,70.97,29.5,20.6,1
6/17/2022,77.66,67.72,30.1,19,6.3
6/18/2022,NaN,NaN,29.5,19,14.6
6/19/2022,84.43,71.78,29.8,18.8,26.2
6/20/2022,75.29,82.89,28.5,20.4,0
6/21/2022,75.19,94.9,28,18.6,0.01
6/22/2022,78.17,90.59,30,19.5,26.5
6/23/2022,85.86,92.14,29.7,19.8,6.3
6/24/2022,94.34,76.3,28.8,20.5,60.5
6/25/2022,74.02,86.12,29.3,20.2,3.8
6/26/2022,88.99,84.39,28.8,20.4,23.8
6/27/2022,98.33,81.09,28.4,20,14.5
6/28/2022,93.43,82.07,26,21,4
6/29/2022,95.04,95.02,23.7,20.3,25.4
6/30/2022,87.34,82,28.8,19.4,5.2
7/1/2022,78.27,72.66,30.2,20.6,0
7/2/2022,87.66,86.34,28.8,20.6,5.1
7/3/2022,79.4,96.72,28.2,21,0.01
7/4/2022,94.36,86.5,28.2,21,13.5
7/5/2022,84.69,86.28,30.8,21.8,0.2
7/6/2022,81,95.16,30.2,22.1,0.5
7/7/2022,85.15,89.32,31.2,21.2,19.6
7/8/2022,86.54,94.38,29.5,22.3,5
7/9/2022,NaN,NaN,28.5,20.2,56.2
7/10/2022,76.55,80.81,29.7,20.4,13.7
7/11/2022,81.08,86.33,31,20.5,0.2
7/12/2022,78.09,86.86,30.8,20.7,3.6
7/13/2022,84.75,90.71,30.8,20.8,2.6
7/14/2022,82.84,87.76,30.5,21,2
7/15/2022,NaN,NaN,31.2,20,1.2
7/16/2022,78.59,75.84,31.5,21.4,0
7/17/2022,77.16,80.94,32.3,21,0
7/18/2022,NaN,NaN,29.4,22.5,2
7/19/2022,85.75,93.4,30.1,20.5,2
7/20/2022,89.15,83.56,27.2,21.2,3
7/21/2022,95.91,87.7,28.2,20.5,42.7
7/22/2022,88.96,84.8,27.2,20.6,12.4
7/23/2022,85.86,78.18,30.8,19.8,30.5
7/24/2022,89.56,81.91,29.5,20,25.3
7/25/2022,85.46,89.06,29.5,20,4.9
7/26/2022,93.45,93.45,27.5,20.1,7.6
7/27/2022,91.91,87.65,29,19.5,55
7/28/2022,93.27,78.64,28.3,18.5,14.9
7/29/2022,83.13,90.55,28.7,21,0.1
7/30/2022,91.92,88.93,28.5,20.6,9.5
7/31/2022,95.08,95.14,25.5,21,5.2
8/1/2022,90.43,90.5,26.5,20,49.8
8/2/2022,88.88,87.45,26,20.8,15
8/3/2022,89.78,89.06,27.6,20.6,1.6
8/4/2022,89.67,84.75,26.6,21,5.2
8/5/2022,80.55,78.53,30.2,20.5,2.5
8/6/2022,91.12,93.49,30.5,20.3,13.5
8/7/2022,78.7,83.44,31.2,21.2,25.8
8/8/2022,81.99,93.63,31.5,20.3,0.1
8/9/2022,NaN,NaN,31.5,20.5,7.9
8/10/2022,82.14,89.83,30.3,20.6,75.1
8/11/2022,77.92,73.23,30.5,20.5,1.5
8/12/2022,81.77,78.45,31.4,20,0
8/13/2022,75.85,91.93,31.4,22.3,0.01
8/14/2022,90.35,82.34,29,20.1,36
8/15/2022,NaN,NaN,29.5,19.5,1
8/16/2022,75.05,78.35,30.5,19.6,0
8/17/2022,80.23,74.23,30.2,21.6,0
8/18/2022,NaN,NaN,32.6,21,0
8/19/2022,81.61,87.4,31,19.6,23.8
8/20/2022,86.62,82.14,30.3,19.6,39.8
8/21/2022,80.71,73.63,30.7,21.3,0.1
8/22/2022,76.26,74.43,30.8,19.8,0
8/23/2022,74.31,96.67,31.5,20.4,0
8/24/2022,83.4,84.61,31,20.5,35.7
8/25/2022,83.47,74.81,31.2,20.9,0.01
8/26/2022,88.83,79.56,27.6,21,0.2
8/27/2022,84.8,86.06,29.5,21.5,0
8/28/2022,95.01,81.84,25.4,20.3,5.9
8/29/2022,85.97,79.45,30.5,18.8,4.6
8/30/2022,80.29,78.33,30.7,20.8,0
8/31/2022,91.88,84.62,27.6,20.5,1.7
9/1/2022,90.37581505,76.24825,27.8,20.8,0.1
9/2/2022,91.91302891,78.79915561,27.6,21,0.01
9/3/2022,85.83578734,80.49569157,29,20.4,0.6
9/4/2022,84.74013063,93.49029862,30,20,5
9/5/2022,84.54492574,80.7170045,30.2,20.2,11.9
9/6/2022,82.64811843,91.95571705,30,20.5,0.01
9/7/2022,94.97832329,85.48904136,27.4,20,22.8
9/8/2022,85.8412273,95.02511254,25.2,20.2,21.4
9/9/2022,87.25749227,87.32546215,28,19.5,0.8
9/10/2022,90.92007441,94.18459216,28.8,19,18.5
9/11/2022,87.48075525,94.94214814,30,19.6,6
9/12/2022,84.48609582,85.69340147,29.6,19.2,5.3
9/13/2022,85.67723441,90.30484577,27.3,19.8,0.3
9/14/2022,89.46012518,85.74793795,27.9,18.5,9.4
9/15/2022,89.41733001,89.60911419,26.5,19.4,25.2
9/16/2022,94.20083085,93.54650366,27,19.5,1.8
9/17/2022,93.36988434,88.78436165,25.4,19.4,4.5
9/18/2022,90.24190134,79.22732101,29,20,4.8
9/19/2022,80.26059564,85.49416197,30.4,19.5,0.01
9/20/2022,86.55689239,83.94668854,30,19.3,0.5
9/21/2022,87.43130071,83.00481701,30.5,20.4,0.3
9/22/2022,74.84939773,94.21494117,30.3,19.4,0.01
9/23/2022,84.60412681,79.76862048,29.6,19.8,26.7
9/24/2022,90.29423394,77.56083857,28.6,18.7,13
9/25/2022,81.74300567,87.16727635,30.2,19.6,3
9/26/2022,85.72796893,81.2976967,26.7,19.6,18.2
9/27/2022,79.8029773,81.6098168,29.5,18.5,5.8
9/28/2022,85.42304659,80.16376572,29.6,17.6,0
9/29/2022,76.87860981,91.92426612,30.2,18.2,0
9/30/2022,84.14607437,84.42671185,29.5,18.7,22.5
10/1/2022,76.14,81.54,29,19,0.01
10/2/2022,74.27,76.8,31.2,19,0.01
10/3/2022,74,93.19,31.3,17.6,0
10/4/2022,91.66,96.52,24,19.3,36.2
10/5/2022,96.43,82.78,22.5,18.3,38.5
10/6/2022,98.22,98.17,19.5,17.5,22.4
10/7/2022,93.96,94.77,28,17.3,30.6
10/8/2022,81.34,73.66,28.5,17.6,6.2
10/9/2022,NaN,NaN,28.7,16.5,0
10/10/2022,77.13,86.66,26.6,18.4,0.01
10/11/2022,79.16,88.13,25.3,16.2,0.01
10/12/2022,79.16,82.48,27.5,17,2
10/13/2022,77.48,77.56,28,17.4,0
10/14/2022,74.53,80.71,27.5,15.5,1.1
10/15/2022,NaN,NaN,27.8,16.2,0
10/16/2022,71.92,82.54,27.6,15.8,0
10/17/2022,67.57,52.29,26.5,12.2,0
10/18/2022,NaN,NaN,25.5,12,0
10/19/2022,73.6,76.14,24.5,12,0
10/20/2022,74.68,70.07,25,12.5,0
10/21/2022,74.98,62.98,25.8,12.3,0
10/22/2022,73.27,61.33,25.7,12.5,0
10/23/2022,66.09,61,27,11.2,0
10/24/2022,68.05,66.35,27.2,11.8,0
10/25/2022,74.44,71.81,25.4,12.4,0
10/26/2022,67.4,80.95,25,11.5,0
10/27/2022,83.63,78.13,24.7,13,0
10/28/2022,94.53,81.6,24.5,12.5,0
10/29/2022,81.97,72.8,25,13,0
10/30/2022,78.64,70.07,26,11.4,0
10/31/2022,74.25,76.02,25.5,11.5,0
11/1/2022,74.11,71.21,24.6,12,0
11/2/2022,72.65,75.8,24.5,11.5,0
11/3/2022,71.68,65.85,24.8,10,0
11/4/2022,73.45,69.62,24.6,10.8,0
11/5/2022,70.02,72.64,24.5,11,0
11/6/2022,81.48,78.86,24.6,11,0
11/7/2022,83.45,80.36,24,11.6,0
11/8/2022,88.48,74.89,22,12.5,0
11/9/2022,NaN,NaN,23.8,11.8,0
11/10/2022,78.4,72.11,23.8,11.4,0
11/11/2022,76.77,82.63,23.3,10.6,0
11/12/2022,80.56,82.22,23.4,9.5,0
11/13/2022,74.43,74.09,22,8.3,0
11/14/2022,82.03,78.64,21.8,9,0
11/15/2022,NaN,NaN,22,9,0
11/16/2022,84.34,81.34,21.5,9.8,0
11/17/2022,89.77,72.06,20.6,9.5,0
11/18/2022,NaN,NaN,21.6,9.8,0
11/19/2022,80.67,74.64,22.4,8.9,0
11/20/2022,85.08,74.52,22.7,8.8,0
11/21/2022,82.16,75.19,22.7,8,0
11/22/2022,79.84,73.97,21.7,7.5,0
11/23/2022,78.1,84.63,21.3,7.3,0
11/24/2022,81.2,79.08,20.5,9.4,0
11/25/2022,83.59,66.74,23.2,8.3,0
11/26/2022,79.89,75.33,23.4,8.3,0
11/27/2022,87.48,76.52,22,8.4,0
11/28/2022,100,82.86,21.5,9,0
11/29/2022,95.68,73.81,21.2,8.5,0
11/30/2022,87.38,77.5,21.5,8.2,0
12/1/2022,91.22,74.75,21,7.3,0
12/2/2022,89.32,73.53,21,7.2,0
12/3/2022,87,75.88,20.4,7,0
12/4/2022,89.13,78.61,20.6,7,0
12/5/2022,85.23,75.96,19.9,6.8,0
12/6/2022,90.99,72.61,20,6.8,0
12/7/2022,89.89,81.06,19.7,6.6,0
12/8/2022,84.88,75.34,20,6.8,0
12/9/2022,NaN,NaN,20,6.6,0
12/10/2022,90.93,78.12,20,6.5,0
12/11/2022,89.88,71.11,20.8,6,0
12/12/2022,90.57,68.04,21.2,5.4,0
12/13/2022,88.71,80.28,21,5.6,0
12/14/2022,82.35,84.76,19,5.7,0
12/15/2022,NaN,NaN,18.7,7.6,0
12/16/2022,91.22,78.75,18.5,7.6,0
12/17/2022,100,73.22,19.2,7.7,0
12/18/2022,NaN,NaN,20,7.4,0
12/19/2022,95.34,73.85,19.9,7,0
12/20/2022,96.47,74.2,19.5,6.5,0
12/21/2022,95.32,80.16,19.5,7,0
12/22/2022,98.82,78.01,18.2,6.5,0
12/23/2022,92.76,74.19,18.6,4.8,0
12/24/2022,90.51,58.17,18.3,5.3,0
12/25/2022,89.96,67.79,18.5,4.3,0
12/26/2022,90.3,71.42,19.4,5.4,0
12/27/2022,88.52,69.54,18.4,3.8,0
12/28/2022,82.81,75.3,17.4,3.1,0
12/29/2022,88.52,72,16.2,4,0
12/30/2022,96.08,76.13,16.5,4,0
12/31/2022,92.16,75.99,15.5,3.8,0
1/1/2023,97.39,82.57,16.3,4.3,0
1/2/2023,90.36,80.76,17.5,5.5,0
1/3/2023,97.4,78.64,17,4.2,0
1/4/2023,100,76.58,17.5,4.6,0
1/5/2023,88.49,60.86,16.8,3,0
1/6/2023,85.71,58.85,18.8,3.4,0
1/7/2023,86.81,40.53,20.2,2.5,0
1/8/2023,75.7,54.47,19.7,3.5,0
1/9/2023,63.44,58.61,20.2,3.5,0
1/10/2023,82.95,61.68,19.4,4,0
1/11/2023,77.07,61.11,18.5,4,0
1/12/2023,76.61,64.5,19.5,3.8,0
1/13/2023,87.68,66.72,18.5,4.3,0
1/14/2023,81.02,49.99,19.2,3.8,0
1/15/2023,80.51,74.41,18.5,3,0
1/16/2023,87.85,76.48,16.2,4,0
1/17/2023,83.57,76.18,16,4.5,0
1/18/2023,NaN,NaN,15.7,4.2,0
1/19/2023,87.11,76,15.2,3.3,0
1/20/2023,87.4,74.74,18.3,3,0
1/21/2023,NaN,NaN,20.2,3.6,0
1/22/2023,75.91,40.36,19.5,3,0
1/23/2023,67.65,46.35,22,4.3,0
1/24/2023,82.92,53.36,21.5,4.2,0
1/25/2023,80.08,65.02,22.2,6,0
1/26/2023,84.79,48.06,21.5,8.2,0
1/27/2023,79.95,48.34,22.8,5.5,0
1/28/2023,72.85,55.95,21.6,4.5,0
1/29/2023,75.34,58.34,20.8,5.3,0
1/30/2023,83.45,69.2,20,8.3,0
1/31/2023,77.3,46.8,24,8,0
2/1/2023,68.33,56.31,22.5,6.3,0
2/2/2023,73.36,59.49,22.2,6.5,0
2/3/2023,78.94,60.7,21.5,5.8,0
2/4/2023,80.23,63.21,20.9,6.5,0
2/5/2023,86.6,63.84,20.5,7,0
2/6/2023,84.62,66.87,21.3,7,0
2/7/2023,84.43,59.26,20.6,6.9,0
2/8/2023,75.86,67.22,20.8,6,0
2/9/2023,85.65,70.31,20.2,7.3,0
2/10/2023,86.63,62.77,21.4,7,0
2/11/2023,75.34,58.58,22.5,6.8,0
2/12/2023,74.76,50.25,21.4,6.7,0
2/13/2023,77.71,57.69,20.5,5.5,0
2/14/2023,74.06,52.64,20.8,6,0
2/15/2023,74.66,50.29,22.5,9.5,0
2/16/2023,68.34,54.13,24.1,11.8,0
2/17/2023,77.8,58.9,23.5,8.6,0
2/18/2023,NaN,NaN,23.6,8.7,0
2/19/2023,74.01,54.11,24.2,10.7,0
2/20/2023,75.24,64.81,24.2,9.3,0
2/21/2023,NaN,NaN,24.4,10.2,0
2/22/2023,75.47,52.47,25.1,9.4,0
2/23/2023,78.62,60.28,25.5,9.5,0
2/24/2023,82.62,67.26,25,9,0
2/25/2023,83.87,66.52,23,10,0
2/26/2023,84.84,77.54,23.3,10,0
2/27/2023,86.6,66.53,21.6,7.2,3.5
2/28/2023,83.68,69.8,23.5,8.9,0.01
3/1/2023,87.81,66.81,24.8,9.9,0
3/2/2023,80.6,63.76,24.8,10.6,0
3/3/2023,79.26,68.67,25.2,10.5,0
3/4/2023,94.19,68.96,25.9,12.7,0
3/5/2023,86.53,59.6,26.8,11.6,0
3/6/2023,76.09,62.46,26.2,11.3,0
3/7/2023,74.52,58.64,26.6,10.4,0
3/8/2023,89.75,65.26,19.7,11.2,0.2
3/9/2023,72.54,48.82,25.8,8,0.5
3/10/2023,67.21,49.52,26.3,8.8,0
3/11/2023,66.26,60.63,25.5,10.3,0
3/12/2023,72.54,56.33,26.3,8.5,0.01
3/13/2023,73.54,58.85,27,11.5,0
3/14/2023,78.69,49.22,26.2,10.8,0.7
3/15/2023,56.26,48.91,25.6,10,0.01
3/16/2023,70.43,63.03,24.2,10.5,0
3/17/2023,66.33,92.02,23.3,12.4,0.01
3/18/2023,NaN,NaN,24,10.5,10.8
3/19/2023,81.27,65.2,21.8,10.6,1.2
3/20/2023,88.06,89.97,19.9,11.2,16.5
3/21/2023,NaN,NaN,21,10.8,9.6
3/22/2023,78.6,58.15,24.3,11.4,0.6
3/23/2023,73.41,66.24,25.2,9.5,0
3/24/2023,81.13,60.05,25.5,11.2,0
3/25/2023,69.97,50.72,25.8,11.2,0
3/26/2023,71.76,42.8,27.6,10,0
3/27/2023,63.82,58.51,27.1,10.8,0
3/28/2023,64.55,46.17,26.9,10,0
3/29/2023,63.77,47.95,27,10.6,0
3/30/2023,62.03,56.9,26.8,11.2,0
3/31/2023,74.1,94.75,24.4,11.6,0
4/1/2023,80.92,93.68,22.3,9.8,8.4
4/2/2023,83.84,73.54,24,8,3.5
4/3/2023,78.88,66.05,25.5,9.5,10
4/4/2023,69.7,55.57,27,10.8,0
4/5/2023,74.81,50.43,27.5,10,1.4
4/6/2023,69.47,44.87,29,11.2,0
4/7/2023,57.49,58.19,29,11.3,0
4/8/2023,61.47,50.38,29,12,0
4/9/2023,63.6,33.8,29.8,12.4,0
4/10/2023,53.72,40.61,29.5,12.3,0
4/11/2023,53.92,44.14,29.5,12.5,0
4/12/2023,60.58,45.21,31,12.5,0
4/13/2023,60.15,38.44,29.8,13.3,0
4/14/2023,57.4,47.24,31.5,13.2,0
4/15/2023,61.54,50.67,30.3,15.8,0
4/16/2023,70.51,31.75,31.5,15.7,0
4/17/2023,50.07,33.51,32.3,14.2,0
4/18/2023,NaN,NaN,32.7,14.8,0
4/19/2023,56.59,38.08,32.8,15.4,0
4/20/2023,55.98,37.35,33,15.8,0
4/21/2023,NaN,NaN,28.9,16.3,0
4/22/2023,53.5,35.3,30,12,0.2
4/23/2023,46.62,46.73,28.5,13.5,0
4/24/2023,85.21,67.42,18.5,12.8,8.1
4/25/2023,68.67,67.75,27,11,3.5
4/26/2023,62,54.87,28.2,11.5,0.5
4/27/2023,67.47,58.12,27.3,13,0
4/28/2023,71.13,46.52,29.2,13.6,0
4/29/2023,58.98,98.04,27.4,15.8,0
4/30/2023,82.18,89.24,21.3,13.3,43
5/1/2023,83.83,82.01,18.2,14.2,5.7
5/2/2023,76.37,85.72,19.4,12.8,2.8
5/3/2023,72.52,93.29,25.8,12.2,3.7
5/4/2023,87.05,79.11,18.5,14.5,6.6
5/5/2023,76.99,62.12,27.5,12.3,8.4
5/6/2023,68.83,56.43,30,14,0
5/7/2023,63.96,50.7,30.2,15.2,0
5/8/2023,57.27,39.22,30.5,14.5,0
5/9/2023,51.67,35.56,30.4,14,0
5/10/2023,44.88,62.02,30,14.9,0
5/11/2023,32.51,37.38,29.7,13.4,0
5/12/2023,45.56,47.04,30.1,14.4,0
5/13/2023,58.35,57.93,30.4,16.2,0
5/14/2023,65.32,63.66,30.9,18.5,0
5/15/2023,NaN,NaN,29,14.2,19.9
5/16/2023,69.31,60.36,28.8,14.5,0.5
5/17/2023,69.76,60.46,29.6,15.7,2
5/18/2023,NaN,NaN,27,14,40.5
5/19/2023,81.12,96.17,29,17,8.7
5/20/2023,63.41,62.42,29,13.6,2
5/21/2023,NaN,NaN,28.9,14.9,3
5/22/2023,76.19,67.97,29.3,17.4,0
5/23/2023,88.31,65.14,27.5,18.8,0
5/24/2023,85.09,63.74,29.5,18,0
5/25/2023,66.35,63.48,27.5,16.6,0.01
5/26/2023,72.64,91.07,27.5,13.7,6.7
5/27/2023,67.28,65.42,27.7,16.5,17.7
5/28/2023,81.19,84.8,26.3,15.6,10
5/29/2023,69.56,66.9,29.8,16.3,0
5/30/2023,69.99,65.25,31.6,17.8,0
5/31/2023,63.85,64.68,32.2,18.4,0
6/1/2023,59.07,52.53,32.3,18.3,0
6/2/2023,56.32,53.87,32,18,0
6/3/2023,53.01,53.18,32,17.2,0
6/4/2023,55.61,50.84,32,17.6,0
6/5/2023,55.97,53.87,31.5,18.4,0
6/6/2023,58.36,59.15,32,18.8,0.01
6/7/2023,54.01,52.08,32.1,17.5,0.01
6/8/2023,58.06,48.65,32.8,18.8,0
6/9/2023,54.14,44.28,32.3,20,0
6/10/2023,55.55,53.36,33.3,20,0
6/11/2023,68.09,60.27,32.2,21.5,0
6/12/2023,70.77,58.04,29.7,18.8,29.2
6/13/2023,76.46,82.58,30.8,19.6,15.3
6/14/2023,84.94,79.18,29.7,18.8,49.2
6/15/2023,85.01,88.71,30.8,18.8,39.5
6/16/2023,71.27,68.11,31.5,20,0
6/17/2023,68.32,67.74,32.3,19.8,0
6/18/2023,NaN,NaN,31.8,20.8,9.5
6/19/2023,78.26,65.05,31.4,20.2,18
6/20/2023,74.28,66.59,30.5,19.5,8.8
6/21/2023,NaN,NaN,31.9,20,0.01
6/22/2023,80.82,66.65,30.2,21.2,1.7
6/23/2023,89.19,73.33,31.5,21.6,11
6/24/2023,96.6,69.36,29.8,20.5,16.5
6/25/2023,73.51,74.21,30.3,22.6,3
6/26/2023,85.04,86.28,31,21.6,0.2
6/27/2023,83.29,65.91,28,21.5,9
6/28/2023,80.48,90.59,30.2,21,6.8
6/29/2023,71.24,83.26,28.9,21.2,3.4
6/30/2023,96.64,81.92,26.6,19.9,4.7
7/1/2023,85.99,75.28,26.6,20.8,6
7/2/2023,88.81,66.1,29.5,21.2,4.1
7/3/2023,77.08,89.11,29.8,21.3,10.2
7/4/2023,93.34,77.34,27.7,20.4,33.5
7/5/2023,98.33,69.83,27,20.8,30.7
7/6/2023,71.24,79.72,30.5,20.8,1.5
7/7/2023,80.55,74.57,30.3,21.7,3.2
7/8/2023,80.46,87.39,30.8,20,0
7/9/2023,80.7,80.36,31.8,20.2,0.7
7/10/2023,79.96,79.94,31,22,0.01
7/11/2023,72.99,95.06,30.5,21.4,2.2
7/12/2023,79.86,77.76,30.4,20.2,35.5
7/13/2023,80.4,95.12,28.2,21.2,11.4
7/14/2023,95.18,94.28,26.8,20.8,28
7/15/2023,84.79,81.61,29.3,20.6,50.5
7/16/2023,87.01,84.93,29.8,21.4,1.4
7/17/2023,78.1,93.52,29.4,20.5,6.2
7/18/2023,NaN,NaN,28.7,19.6,75.2
7/19/2023,84.36,69.94,31.1,21,2.8
7/20/2023,80.36,85.14,32.3,21.3,1
7/21/2023,NaN,NaN,31,21.4,10.6
7/22/2023,80.99,82.18,31.6,21,4
7/23/2023,84.85,93.43,30.5,21,5
7/24/2023,89.1,84.43,30.3,20.4,2.7
7/25/2023,98.3,77.14,26.7,20.1,16
7/26/2023,88.07,79.63,29.5,21.2,5.4
7/27/2023,85.44,88.97,29.2,20.3,8.9
7/28/2023,99.14,77.61,29,20.4,14.2
7/29/2023,84.75,90.56,26.2,20.8,4.6
7/30/2023,88.5,92.92,28,20,21.5
7/31/2023,82.28,86.56,30.5,20.4,2.1
8/1/2023,92.26,85.64,31.7,21,26.5
8/2/2023,89.09,77.28,30.5,20.9,17.7
8/3/2023,86.71,87.28,29.8,21.8,0
8/4/2023,84.81,79.41,29.7,20.8,2
8/5/2023,78.98,94.41,29.8,20.3,0.01
8/6/2023,92.03,96.71,25.4,20.3,19.5
8/7/2023,93.52,93.61,27.5,20.2,14
8/8/2023,100,84.76,26.3,20,64.3
8/9/2023,90.55,86.33,29,21,1.2
8/10/2023,86.37,82.06,30,20.5,6.4
8/11/2023,79.47,89.24,30.6,21.2,0.2
8/12/2023,95.14,90.64,27,21.2,44.2
8/13/2023,98.35,94.73,22.8,20.8,20.3
8/14/2023,90.17,93.43,24.5,19,27
8/15/2023,83.07,83.68,30.5,19.3,0.01
8/16/2023,87.44,72.52,28.5,20.3,0
8/17/2023,77.26,78.67,31.6,21,0
8/18/2023,NaN,NaN,31.5,20.6,0.01
8/19/2023,82.52,73.39,31.8,21.3,7.4
8/20/2023,72.32,86.43,31.5,20.7,0.2
8/21/2023,NaN,NaN,24,20.8,31.8
8/22/2023,94.16,91.79,28.5,19,18.6
8/23/2023,98.28,96.64,23.6,19.8,13.5
8/24/2023,98.3,92.82,28.5,20,37.4
8/25/2023,96.57,96.69,26.6,20,16.1
8/26/2023,93.49,94.36,28,19.5,17
8/27/2023,84.63,84.39,30,19.7,0.8
8/28/2023,79.07,78.42,30.1,18.8,0
8/29/2023,80.72,83.08,30,20.4,0.01
8/30/2023,80.31,91.39,30.6,20,1.5
8/31/2023,84.6,78.17,29.7,21,1
9/1/2023,77.06,77.92,30.9,20,0
9/2/2023,79.62,81.3,31.8,20.4,0
9/3/2023,86.97,82.14,31.3,20.2,3.5
9/4/2023,80.34,77.75,31,18.9,0.1
9/5/2023,82.26,76.82,29.5,20.5,0
9/6/2023,76.61,77.74,32,19,0
9/7/2023,81.67,86.27,31.5,17.7,7
9/8/2023,95.09,70.78,28.3,19.5,63
9/9/2023,88.96,91.21,28,20.2,0.7
9/10/2023,77.91,83.75,31,19.5,2.5
9/11/2023,79.23,87.5,30.8,19.5,41.5
9/12/2023,98.26,90.31,28.8,19.8,22.5
9/13/2023,88.78,85.17,31.4,19,46.5
9/14/2023,81.75,82.13,31.2,19.2,39.9
9/15/2023,87.63,87.6,32,20.7,0
9/16/2023,79.28,82.36,32,19.4,0.01
9/17/2023,76.98,93.34,30.8,20.1,0.01
9/18/2023,NaN,NaN,30.5,18.8,9.2
9/19/2023,81.06,91.48,31.3,18.7,0.01
9/20/2023,80.38,81.61,29.6,18.8,7.3
9/21/2023,NaN,NaN,29.5,19.5,0
9/22/2023,83.83,85.69,29.5,19,0.01
9/23/2023,90.34,81.38,27.5,19.3,2.1
9/24/2023,91.74,87.82,28,18.8,18.5
9/25/2023,83.56,79.64,28.2,18.5,0.1
9/26/2023,77.98,78.93,30.3,18.3,0.01
9/27/2023,80.38,95.24,30.6,19.1,0.1
9/28/2023,79.57,86.1,30.7,18.5,0
9/29/2023,80.45,82.42,30.8,19.3,5
9/30/2023,87.04,81.65,28.5,18,0.2
10/1/2023,88.77,91.48,29.5,19.6,0.3
10/2/2023,98.28,96.6,24.6,18.4,15.5
10/3/2023,97.44,98.28,27.5,18.5,20.5
10/4/2023,99.14,94.8,22.5,18.6,24.3
10/5/2023,78.34,79.82,28.6,17.2,11
10/6/2023,93.31,86.89,27.1,18.3,0
10/7/2023,81.2,88.63,28,18.3,0.01
10/8/2023,83.56,80.71,28.5,16.9,0
10/9/2023,79.26,84.21,29,15.4,0
10/10/2023,81.81,85.61,29,16.6,0
10/11/2023,78.68,79.45,28.5,15.4,0
10/12/2023,82.22,80.19,27.2,16,0
10/13/2023,80.04,83.93,27.5,15.7,0.01
10/14/2023,82.06,83.35,27.8,16,0
10/15/2023,81.65,84.22,26.4,13.5,0
10/16/2023,79.86,78.59,26.8,14.3,0
10/17/2023,67.88,77.76,25.2,13.2,8.2
10/18/2023,NaN,NaN,26.5,12.4,0
10/19/2023,75.87,82.08,25.4,11.5,0
10/20/2023,81.19,83.97,25.8,11.5,0
10/21/2023,NaN,NaN,26.8,11.6,0
10/22/2023,71.16,75.88,26.1,10,0
10/23/2023,86.89,75.45,26.5,10,0
10/24/2023,71.34,75.51,26.5,10,0
10/25/2023,73.72,63.03,26.5,11.2,0
10/26/2023,73.16,76.59,26.3,11,0
10/27/2023,73.71,78.77,26.2,11.2,0
10/28/2023,76.57,78.98,25.5,11,0
10/29/2023,81.78,68.85,24.4,11.2,0
10/30/2023,76.1,85.84,26.5,10.9,0
10/31/2023,77.37,76.81,26.6,11.5,0
11/1/2023,85.22,80.35,23.5,12,0
11/2/2023,80.23,83.12,25.2,10.1,0
11/3/2023,84.04,90.78,25,11,0
11/4/2023,87.31,80.46,24.5,11.5,0
11/5/2023,78.52,81.41,24,10.5,0
11/6/2023,83.36,83.38,24,10.5,0
11/7/2023,85.16,78.1,24,10.2,0
11/8/2023,79.39,72.79,24.2,9.5,0
11/9/2023,73.04,81.42,23.5,8.4,0
11/10/2023,81.92,75.34,23.4,9,0
11/11/2023,80.43,86.25,23,9.9,0
11/12/2023,87.88,77.03,23,8.9,0.01
11/13/2023,80.27,77.73,24.3,9.5,0
11/14/2023,86.3,79.94,23.6,9.2,0
11/15/2023,82.43,82.58,23.6,9.5,0
11/16/2023,83.26,79.32,23.4,10.2,0
11/17/2023,79.47,79.62,23.6,9.5,0
11/18/2023,NaN,NaN,23.7,10,0
11/19/2023,83.91,76.83,22.8,9.8,0
11/20/2023,94.24,85.25,23.5,9.5,0
11/21/2023,NaN,NaN,23.2,10.3,0
11/22/2023,78.94,84.12,22,10.3,0
11/23/2023,86.21,83.22,22.8,9.5,0
11/24/2023,86.32,85.26,23.4,9.7,0
11/25/2023,86.15,78.08,22.3,11.8,0
11/26/2023,86.52,76.21,22.6,10,0
11/27/2023,81.53,82.25,23.5,9.5,0
11/28/2023,89.99,79.95,22,12,0
11/29/2023,85.24,83.07,22.7,10.1,0
11/30/2023,94.64,82.55,19,9.2,0
12/1/2023,NaN,79.36,21.7,9.5,0
12/2/2023,79.98,70.27,21.1,8.5,0
12/3/2023,83.38,64.08,21.2,7.4,0
12/4/2023,75.43,76.6,17.6,7.7,0
12/5/2023,77.56,78.41,21.3,8.4,0
12/6/2023,85.46,86.21,19.6,8,0
12/7/2023,96.71,89.65,15.5,9.7,0
12/8/2023,96.64,84.01,19.6,7.5,0
12/9/2023,93.39,80.72,18.5,7.5,0
12/10/2023,91.11,79.19,19.2,6,0
12/11/2023,88.92,81.26,19,6.1,0
12/12/2023,93.09,73.7,18.8,6.3,0
12/13/2023,90.82,82.22,18,5.7,0
12/14/2023,90.78,84.71,18.6,5.7,0
12/15/2023,95.24,83.52,17.8,5.8,0
12/16/2023,93.17,79.31,18.6,6.5,0
12/17/2023,91.26,83.62,18.7,7.8,0
12/18/2023,NaN,NaN,18,7.2,0
12/19/2023,89.5,78.76,16.5,5.5,0
12/20/2023,91.69,70.89,17.9,5,0
12/21/2023,NaN,NaN,19.3,4.5,0
12/22/2023,92.77,68.99,18.6,5.5,0
12/23/2023,95.08,70.52,18.3,6.5,0
12/24/2023,88.45,81.61,18.4,4.9,0
12/25/2023,89.76,74.44,18.7,5.4,0
12/26/2023,92.98,82.04,19.2,6,0
12/27/2023,91.14,78.21,19.4,7.8,0
12/28/2023,92.26,74.46,18.9,7.8,0
12/29/2023,92.21,76.72,19.2,7.5,0
12/30/2023,90.98,74.74,19.4,6.7,0
12/31/2023,93.12,72.18,19.2,6.5,0
1/1/2024,95.28,79.55,18.5,6,0
1/2/2024,89.58,75.64,17.7,5.2,0
1/3/2024,95.18,79.3,17.7,5.4,0
1/4/2024,95.18,69.31,17.2,4.5,0
1/5/2024,87.91,72.23,17.5,3.5,0
1/6/2024,88.08,75.32,17.5,4.5,0
1/7/2024,92.69,77.3,17.8,4.2,0
1/8/2024,88.23,75.48,17.6,4.5,0
1/9/2024,85.94,72.9,17.7,4.5,0
1/10/2024,91.42,66.83,18.8,4.5,0
1/11/2024,90.43,76.19,17.3,5.6,0
1/12/2024,95.08,73.85,18,5,0
1/13/2024,90.17,65.87,19.8,4.6,0
1/14/2024,90.44,74.16,19.5,5.2,0
1/15/2024,85.11,73.15,18.6,5,0
1/16/2024,87.14,70.76,18.1,5,0
1/17/2024,77.95,71.63,18.5,4.5,0
1/18/2024,NaN,NaN,17.7,4.8,0
1/19/2024,90.37,79.75,17.4,5,0
1/20/2024,94.98,73.39,17.6,4,0
1/21/2024,NaN,NaN,17,4.1,0
1/22/2024,84.04,63.82,17.5,3.2,0
1/23/2024,92.39,72.25,17.8,3.4,0
1/24/2024,85.75,70.9,17.2,3.5,0
1/25/2024,80.59,70.88,16.6,3,0.01
1/26/2024,87.38,60.65,17.5,3,0
1/27/2024,82.47,60.17,16.5,2.5,0
1/28/2024,76.57,68.51,16.9,2.1,0
1/29/2024,85.13,69.5,18.5,3,0
1/30/2024,93.63,78.79,17.5,3.8,0
1/31/2024,92.52,75.97,18.5,4.4,0
2/1/2024,85.89,84.98,17.8,5.3,0
2/2/2024,59.79,58.98,18.5,4.8,0.5
2/3/2024,85.22,70.08,18,3.3,0
2/4/2024,88.32,84.23,16,4.6,0
2/5/2024,92.9,65.67,19.8,6.7,0.01
2/6/2024,81.27,67.09,19,3.5,0
2/7/2024,76.03,46.18,19.5,3,0
2/8/2024,80.5,62.84,19.7,3,0
2/9/2024,76.87,71.91,18.2,3.4,0
2/10/2024,82.61,61.64,21.3,4.5,0
2/11/2024,71.17,56.38,22.6,4.7,0
2/12/2024,74.16,63.44,22.4,5.2,0
2/13/2024,80.54,58.3,22.7,6.8,0
2/14/2024,73.85,61.32,16.8,7.2,0
2/15/2024,75.94,57.34,22.2,5.2,0.01
2/16/2024,77.35,66.84,22.7,5.6,0
2/17/2024,83.01,65.13,22.5,7,0
2/18/2024,NaN,NaN,22.1,6.3,0
2/19/2024,79.15,64.76,21.8,7.8,0
2/20/2024,84.1,55.45,23.2,7.7,0
2/21/2024,NaN,NaN,21.5,9.3,0
2/22/2024,67.66,94.2,21.8,8.5,0.01
2/23/2024,81.65,63.27,19.4,3.5,7.8
2/24/2024,71.99,54.78,19.1,4.4,0
2/25/2024,69.92,53.02,21.4,4.5,0
2/26/2024,70.1,49.41,21.9,5.4,0
2/27/2024,57.83,48.72,23.2,6.1,0
2/28/2024,56.86,54.68,23,5.6,0
2/29/2024,68.7,63.14,23.8,6.9,0
3/1/2024,74.12,70.12,24,7.5,0
3/2/2024,78.02,60.02,23.3,12,0
3/3/2024,87.17,88.11,19.2,12.7,0.1
3/4/2024,88.76,58.73,23.3,8.5,9.4
3/5/2024,73.74,49.03,25.1,7.6,0
3/6/2024,59.28,32.92,26.3,6.8,0
3/7/2024,58.86,39.9,26.2,7.8,0
3/8/2024,66.61,62.45,24.9,7.9,0
3/9/2024,69.42,54.83,25.5,8.5,0
3/10/2024,72.51,60.19,26.5,8.7,0
3/11/2024,72.44,61.1,26.5,10.5,0
3/12/2024,74.63,52.1,27.5,10.2,0
3/13/2024,69.14,45.64,27.2,9.9,0
3/14/2024,86.84,41.52,26.7,9.2,0
3/15/2024,59.45,43.94,27.6,9.5,0
3/16/2024,55.98,42.7,27.7,9.9,0
3/17/2024,51.57,35.99,27.2,9,0
3/18/2024,NaN,NaN,28.2,9.8,0
3/19/2024,53.57,41.41,27.9,9.5,0
3/20/2024,79.91,94.68,15.4,13.3,0.01
3/21/2024,NaN,NaN,23.3,10.9,14.6
3/22/2024,85.23,76.66,23.2,11.7,0.8
3/23/2024,95.93,78.37,21.1,12.3,10
3/24/2024,87.9,76.04,26,13.6,0.5
3/25/2024,71.67,63.04,27,12,1.5
3/26/2024,76.79,71.41,26.4,13,0.8
3/27/2024,79.06,82.62,24.1,14.5,1.8
3/28/2024,96.11,80.77,20.5,14.4,2
3/29/2024,77.86,67.54,27.8,15.2,0.2
3/30/2024,77.97,60.84,29.5,15,0
3/31/2024,74.64,52.3,29.5,12.2,7
4/1/2024,61.49,46.85,29.4,11.5,0.3
4/2/2024,59.97,56.01,31.1,13.1,0
4/3/2024,56.25,50.39,30.8,12.7,0
4/4/2024,54.11,41.02,31,13.4,0
4/5/2024,56.1,43.53,31.5,15,0
4/6/2024,50.95,39.15,31.2,13.6,0
4/7/2024,51.51,41.71,31.2,12.6,0
4/8/2024,54.18,31.51,30.2,12,0
4/9/2024,NaN,45.96,29.5,11.6,0
4/10/2024,54.09,30.45,29.2,12,0
4/11/2024,46.37,75.02,29.4,10.5,2.5
4/12/2024,75.35,54.64,28.2,13.5,0
4/13/2024,73.7,40.97,29.5,15,0
4/14/2024,61.16,45.76,30.7,15.3,0
